Hour,Date/hour start,generation (kWh),usage (kWh)
0,1/1/2020 0:00,0.0,1.509849
1,1/1/2020 1:00,0.0,1.4118588
2,1/1/2020 2:00,0.0,1.0238976
3,1/1/2020 3:00,0.0,0.642
4,1/1/2020 4:00,0.0,0.96
5,1/1/2020 5:00,0.012,0.897
6,1/1/2020 6:00,0.006,0.648
7,1/1/2020 7:00,0.009,0.774
8,1/1/2020 8:00,0.012,1.299
9,1/1/2020 9:00,0.846,0.606
10,1/1/2020 10:00,0.0,0.0
11,1/1/2020 11:00,0.0,0.0
12,1/1/2020 12:00,0.651,0.396
13,1/1/2020 13:00,0.363,0.615
14,1/1/2020 14:00,0.303,1.419
15,1/1/2020 15:00,0.159,1.437
16,1/1/2020 16:00,0.081,3.105
17,1/1/2020 17:00,0.006,-12.624
18,1/1/2020 18:00,0.0,8.9298
19,1/1/2020 19:00,0.021,2.2176
20,1/1/2020 20:00,0.003,4.4286
21,1/1/2020 21:00,0.003,6.789
22,1/1/2020 22:00,0.006,1.806
23,1/1/2020 23:00,0.0,0.9359064
0,1/2/2020 0:00,0.0,0.7339266
1,1/2/2020 1:00,0.0,0.3079692
2,1/2/2020 2:00,0.0,0.1979802
3,1/2/2020 3:00,0.0,0.267
4,1/2/2020 4:00,0.0,0.162
5,1/2/2020 5:00,0.012,0.216
6,1/2/2020 6:00,0.015,0.213
7,1/2/2020 7:00,0.0,0.804
8,1/2/2020 8:00,0.027,1.179
9,1/2/2020 9:00,0.276,2.601
10,1/2/2020 10:00,0.243,1.38
11,1/2/2020 11:00,0.498,1.536
12,1/2/2020 12:00,0.399,1.596
13,1/2/2020 13:00,0.504,22.5
14,1/2/2020 14:00,0.159,1.596
15,1/2/2020 15:00,0.057,0.564
16,1/2/2020 16:00,0.0,5.562
17,1/2/2020 17:00,0.015,1.389
18,1/2/2020 18:00,0.0,13.233
19,1/2/2020 19:00,0.018,7.8672
20,1/2/2020 20:00,0.012,2.6334
21,1/2/2020 21:00,0.006,1.362
22,1/2/2020 22:00,0.018,1.575
23,1/2/2020 23:00,0.0,1.2018798
0,1/3/2020 0:00,0.0,1.689
1,1/3/2020 1:00,0.0,0.8679132
2,1/3/2020 2:00,0.0,0.4179582
3,1/3/2020 3:00,0.0,0.288
4,1/3/2020 4:00,0.0,0.186
5,1/3/2020 5:00,0.009,0.474
6,1/3/2020 6:00,0.012,0.459
7,1/3/2020 7:00,0.027,0.591
8,1/3/2020 8:00,0.003,10.053
9,1/3/2020 9:00,0.357,8.202
10,1/3/2020 10:00,1.086,0.897
11,1/3/2020 11:00,0.993,0.726
12,1/3/2020 12:00,2.031,0.36
13,1/3/2020 13:00,3.336,0.048
14,1/3/2020 14:00,1.044,0.225
15,1/3/2020 15:00,0.342,2.349
16,1/3/2020 16:00,0.033,2.439
17,1/3/2020 17:00,0.009,2.169
18,1/3/2020 18:00,0.0,4.8114
19,1/3/2020 19:00,0.015,15.51
20,1/3/2020 20:00,0.0,5.9796
21,1/3/2020 21:00,0.018,3.081
22,1/3/2020 22:00,0.006,2.484
23,1/3/2020 23:00,0.0,2.7825
0,1/4/2020 0:00,0.0,1.7538246
1,1/4/2020 1:00,0.0,0.889911
2,1/4/2020 2:00,0.0,0.2919708
3,1/4/2020 3:00,0.0,0.189
4,1/4/2020 4:00,0.0,0.195
5,1/4/2020 5:00,0.009,0.477
6,1/4/2020 6:00,0.009,0.228
7,1/4/2020 7:00,0.012,5.256
8,1/4/2020 8:00,0.003,2.481
9,1/4/2020 9:00,0.201,0.57
10,1/4/2020 10:00,0.201,0.747
11,1/4/2020 11:00,0.186,0.219
12,1/4/2020 12:00,1.122,0.462
13,1/4/2020 13:00,0.885,0.204
14,1/4/2020 14:00,0.318,0.237
15,1/4/2020 15:00,0.18,0.354
16,1/4/2020 16:00,0.033,0.609
17,1/4/2020 17:00,0.015,0.309
18,1/4/2020 18:00,0.003,0.6798
19,1/4/2020 19:00,0.003,14.0184
20,1/4/2020 20:00,0.006,3.0822
21,1/4/2020 21:00,0.003,1.464
22,1/4/2020 22:00,0.0,1.518
23,1/4/2020 23:00,0.0,1.491
0,1/5/2020 0:00,0.0,0.9819018
1,1/5/2020 1:00,0.0,0.659934
2,1/5/2020 2:00,0.0,0.1319868
3,1/5/2020 3:00,0.0,0.189
4,1/5/2020 4:00,0.0,0.201
5,1/5/2020 5:00,0.006,0.222
6,1/5/2020 6:00,0.009,0.588
7,1/5/2020 7:00,0.015,2.643
8,1/5/2020 8:00,0.003,1.461
9,1/5/2020 9:00,0.006,0.465
10,1/5/2020 10:00,0.291,0.243
11,1/5/2020 11:00,0.372,0.234
12,1/5/2020 12:00,1.005,0.204
13,1/5/2020 13:00,0.921,0.456
14,1/5/2020 14:00,2.616,0.255
15,1/5/2020 15:00,0.288,0.234
16,1/5/2020 16:00,0.039,0.561
17,1/5/2020 17:00,0.012,0.468
18,1/5/2020 18:00,0.009,23.5224
19,1/5/2020 19:00,0.006,2.673
20,1/5/2020 20:00,0.006,2.9172
21,1/5/2020 21:00,0.0,1.266
22,1/5/2020 22:00,0.018,1.236
23,1/5/2020 23:00,0.0,0.8919108
0,1/6/2020 0:00,0.0,1.287
1,1/6/2020 1:00,0.0,4.669
2,1/6/2020 2:00,0.0,0.309969
3,1/6/2020 3:00,0.0,0.201
4,1/6/2020 4:00,0.0,0.195
5,1/6/2020 5:00,0.0,1.017
6,1/6/2020 6:00,0.0,0.579
7,1/6/2020 7:00,0.012,0.333
8,1/6/2020 8:00,0.003,0.72
9,1/6/2020 9:00,0.684,0.798
10,1/6/2020 10:00,1.407,0.291
11,1/6/2020 11:00,1.494,0.906
12,1/6/2020 12:00,1.854,0.627
13,1/6/2020 13:00,1.38,0.9
14,1/6/2020 14:00,0.465,0.909
15,1/6/2020 15:00,0.342,0.258
16,1/6/2020 16:00,0.036,0.264
17,1/6/2020 17:00,0.006,0.489
18,1/6/2020 18:00,0.0,1.3134
19,1/6/2020 19:00,0.006,22.407
20,1/6/2020 20:00,0.003,4.6134
21,1/6/2020 21:00,0.018,1.971
22,1/6/2020 22:00,0.012,2.061
23,1/6/2020 23:00,0.0,1.169883
0,1/7/2020 0:00,0.0,0.9859014
1,1/7/2020 1:00,0.0,0.8159184
2,1/7/2020 2:00,0.0,0.9119088
3,1/7/2020 3:00,0.0,1.638
4,1/7/2020 4:00,0.0,0.219
5,1/7/2020 5:00,0.006,0.252
6,1/7/2020 6:00,0.018,0.267
7,1/7/2020 7:00,0.018,0.246
8,1/7/2020 8:00,0.003,0.768
9,1/7/2020 9:00,0.603,0.957
10,1/7/2020 10:00,0.96,0.567
11,1/7/2020 11:00,2.454,0.522
12,1/7/2020 12:00,5.001,0.438
13,1/7/2020 13:00,3.969,0.012
14,1/7/2020 14:00,2.841,26.454
15,1/7/2020 15:00,0.264,1.659
16,1/7/2020 16:00,0.048,1.965
17,1/7/2020 17:00,0.009,2.508
18,1/7/2020 18:00,0.012,13.8732
19,1/7/2020 19:00,0.009,2.7786
20,1/7/2020 20:00,0.015,1.8546
21,1/7/2020 21:00,0.003,0.789
22,1/7/2020 22:00,0.015,2.364
23,1/7/2020 23:00,0.0,1.5765
0,1/8/2020 0:00,0.0,1.5758424
1,1/8/2020 1:00,0.0,0.389961
2,1/8/2020 2:00,0.0,0.1339866
3,1/8/2020 3:00,0.0,0.198
4,1/8/2020 4:00,0.0,0.183
5,1/8/2020 5:00,0.018,0.219
6,1/8/2020 6:00,0.003,0.468
7,1/8/2020 7:00,0.012,0.762
8,1/8/2020 8:00,0.0,1.365
9,1/8/2020 9:00,0.006,0.69
10,1/8/2020 10:00,0.15,0.699
11,1/8/2020 11:00,0.207,0.54
12,1/8/2020 12:00,0.312,0.57
13,1/8/2020 13:00,0.282,1.554
14,1/8/2020 14:00,0.186,0.444
15,1/8/2020 15:00,0.063,1.839
16,1/8/2020 16:00,0.033,0.768
17,1/8/2020 17:00,0.009,0.921
18,1/8/2020 18:00,0.0,6.5604
19,1/8/2020 19:00,0.018,2.7126
20,1/8/2020 20:00,0.006,2.6664
21,1/8/2020 21:00,0.009,9.222
22,1/8/2020 22:00,0.0,1.221
23,1/8/2020 23:00,0.0,1.5078492
0,1/9/2020 0:00,0.0,0.9919008
1,1/9/2020 1:00,0.0,0.5419458
2,1/9/2020 2:00,0.0,0.1219878
3,1/9/2020 3:00,0.0,0.186
4,1/9/2020 4:00,0.0,0.228
5,1/9/2020 5:00,0.006,0.459
6,1/9/2020 6:00,0.009,0.333
7,1/9/2020 7:00,0.009,0.588
8,1/9/2020 8:00,0.006,1.896
9,1/9/2020 9:00,0.009,1.833
10,1/9/2020 10:00,0.135,1.749
11,1/9/2020 11:00,0.252,1.989
12,1/9/2020 12:00,0.435,0.558
13,1/9/2020 13:00,0.249,0.786
14,1/9/2020 14:00,0.21,0.561
15,1/9/2020 15:00,0.048,0.537
16,1/9/2020 16:00,0.033,0.36
17,1/9/2020 17:00,0.012,0.582
18,1/9/2020 18:00,0.006,3.168
19,1/9/2020 19:00,0.009,3.0162
20,1/9/2020 20:00,0.006,2.2572
21,1/9/2020 21:00,0.015,1.368
22,1/9/2020 22:00,0.006,1.383
23,1/9/2020 23:00,0.0,0.7459254
0,1/10/2020 0:00,0.0,0.7639236
1,1/10/2020 1:00,0.0,0.4479552
2,1/10/2020 2:00,0.0,0.2979702
3,1/10/2020 3:00,0.0,0.204
4,1/10/2020 4:00,0.0,0.177
5,1/10/2020 5:00,0.009,0.21
6,1/10/2020 6:00,0.006,0.324
7,1/10/2020 7:00,0.012,0.837
8,1/10/2020 8:00,0.009,2.202
9,1/10/2020 9:00,0.012,0.858
10,1/10/2020 10:00,0.165,1.572
11,1/10/2020 11:00,0.384,1.038
12,1/10/2020 12:00,0.498,0.495
13,1/10/2020 13:00,0.474,0.555
14,1/10/2020 14:00,0.396,0.528
15,1/10/2020 15:00,0.27,2.772
16,1/10/2020 16:00,0.045,2.166
17,1/10/2020 17:00,0.009,0.459
18,1/10/2020 18:00,0.012,13.728
19,1/10/2020 19:00,0.015,3.5904
20,1/10/2020 20:00,0.006,6.6726
21,1/10/2020 21:00,0.015,2.748
22,1/10/2020 22:00,0.006,2.892
23,1/10/2020 23:00,0.0,1.9478052
0,1/11/2020 0:00,0.0,1.9378062
1,1/11/2020 1:00,0.0,0.5359464
2,1/11/2020 2:00,0.0,0.2959704
3,1/11/2020 3:00,0.0,0.453
4,1/11/2020 4:00,0.0,0.216
5,1/11/2020 5:00,0.015,0.237
6,1/11/2020 6:00,0.006,0.216
7,1/11/2020 7:00,0.021,0.624
8,1/11/2020 8:00,0.012,3.63
9,1/11/2020 9:00,0.165,8.646
10,1/11/2020 10:00,0.324,0.57
11,1/11/2020 11:00,0.687,0.453
12,1/11/2020 12:00,0.246,0.447
13,1/11/2020 13:00,0.627,0.414
14,1/11/2020 14:00,0.582,2.334
15,1/11/2020 15:00,0.186,1.128
16,1/11/2020 16:00,0.036,0.678
17,1/11/2020 17:00,0.018,0.627
18,1/11/2020 18:00,0.003,14.1372
19,1/11/2020 19:00,0.003,3.1548
20,1/11/2020 20:00,0.012,2.9568
21,1/11/2020 21:00,0.012,6.066
22,1/11/2020 22:00,0.015,1.872
23,1/11/2020 23:00,0.0,1.0118988
0,1/12/2020 0:00,0.0,0.669933
1,1/12/2020 1:00,0.0,1.1418858
2,1/12/2020 2:00,0.0,1.1378862
3,1/12/2020 3:00,0.0,0.426
4,1/12/2020 4:00,0.0,0.189
5,1/12/2020 5:00,0.006,0.213
6,1/12/2020 6:00,0.003,0.204
7,1/12/2020 7:00,0.009,0.507
8,1/12/2020 8:00,0.012,1.833
9,1/12/2020 9:00,0.582,0.69
10,1/12/2020 10:00,0.951,0.444
11,1/12/2020 11:00,3.315,0.387
12,1/12/2020 12:00,5.214,46000.0
13,1/12/2020 13:00,4.848,0.573
14,1/12/2020 14:00,0.777,0.459
15,1/12/2020 15:00,0.411,0.246
16,1/12/2020 16:00,0.06,0.363
17,1/12/2020 17:00,0.015,0.72
18,1/12/2020 18:00,0.003,14.9358
19,1/12/2020 19:00,0.012,4.0656
20,1/12/2020 20:00,0.0,3.2142
21,1/12/2020 21:00,0.006,1.518
22,1/12/2020 22:00,0.015,1.623
23,1/12/2020 23:00,0.0,1.1578842
0,1/13/2020 0:00,0.0,1.68
1,1/13/2020 1:00,0.0,1.6558344
2,1/13/2020 2:00,0.0,0.1219878
3,1/13/2020 3:00,0.0,0.183
4,1/13/2020 4:00,0.0,0.19
5,1/13/2020 5:00,0.009,0.216
6,1/13/2020 6:00,0.018,0.225
7,1/13/2020 7:00,0.018,0.231
8,1/13/2020 8:00,0.003,0.867
9,1/13/2020 9:00,0.324,1.743
10,1/13/2020 10:00,1.128,1.173
11,1/13/2020 11:00,0.474,0.552
12,1/13/2020 12:00,0.33,0.441
13,1/13/2020 13:00,0.564,0.828
14,1/13/2020 14:00,0.195,1.338
15,1/13/2020 15:00,0.084,1.26
16,1/13/2020 16:00,0.036,1.875
17,1/13/2020 17:00,0.0,2.265
18,1/13/2020 18:00,0.003,3.4386
19,1/13/2020 19:00,0.015,11.2992
20,1/13/2020 20:00,0.0,15.4242
21,1/13/2020 21:00,0.009,1.308
22,1/13/2020 22:00,0.012,3.147
23,1/13/2020 23:00,0.0,2.1977802
0,1/14/2020 0:00,0.0,2.239776
1,1/14/2020 1:00,0.0,0.8159184
2,1/14/2020 2:00,0.0,0.219978
3,1/14/2020 3:00,0.0,0.309
4,1/14/2020 4:00,0.0,0.324
5,1/14/2020 5:00,0.003,0.579
6,1/14/2020 6:00,0.012,0.225
7,1/14/2020 7:00,0.015,0.237
8,1/14/2020 8:00,0.012,0.516
9,1/14/2020 9:00,0.0,7.308
10,1/14/2020 10:00,0.21,2.469
11,1/14/2020 11:00,0.387,2.775
12,1/14/2020 12:00,0.372,8.262
13,1/14/2020 13:00,0.381,8.409
14,1/14/2020 14:00,0.861,2.799
15,1/14/2020 15:00,0.324,3.021
16,1/14/2020 16:00,0.084,2.523
17,1/14/2020 17:00,0.0,2.676
18,1/14/2020 18:00,0.006,4.6068
19,1/14/2020 19:00,0.003,3.1086
20,1/14/2020 20:00,0.012,4.026
21,1/14/2020 21:00,0.009,1.935
22,1/14/2020 22:00,0.009,1.485
23,1/14/2020 23:00,0.0,1.1818818
0,1/15/2020 0:00,0.0,0.909909
1,1/15/2020 1:00,0.0,0.3119688
2,1/15/2020 2:00,0.0,0.119988
3,1/15/2020 3:00,0.0,0.198
4,1/15/2020 4:00,0.0,0.21
5,1/15/2020 5:00,0.009,0.504
6,1/15/2020 6:00,0.015,0.456
7,1/15/2020 7:00,0.003,0.609
8,1/15/2020 8:00,0.003,1.488
9,1/15/2020 9:00,0.009,0.462
10,1/15/2020 10:00,0.348,0.24
11,1/15/2020 11:00,0.417,0.252
12,1/15/2020 12:00,0.333,0.228
13,1/15/2020 13:00,0.33,0.489
14,1/15/2020 14:00,0.372,0.327
15,1/15/2020 15:00,0.087,0.354
16,1/15/2020 16:00,0.069,0.369
17,1/15/2020 17:00,0.012,0.6
18,1/15/2020 18:00,0.009,5.1282
19,1/15/2020 19:00,0.003,2.6136
20,1/15/2020 20:00,0.012,6.8046
21,1/15/2020 21:00,0.009,3.012
22,1/15/2020 22:00,0.0,2.817
23,1/15/2020 23:00,0.0,0.789921
0,1/16/2020 0:00,0.0,0.8339166
1,1/16/2020 1:00,0.0,0.389961
2,1/16/2020 2:00,0.0,0.1979802
3,1/16/2020 3:00,0.0,0.288
4,1/16/2020 4:00,0.0,0.288
5,1/16/2020 5:00,0.003,0.219
6,1/16/2020 6:00,0.0,0.213
7,1/16/2020 7:00,0.0,0.837
8,1/16/2020 8:00,0.009,1.815
9,1/16/2020 9:00,0.453,0.258
10,1/16/2020 10:00,1.245,0.204
11,1/16/2020 11:00,3.747,0.153
12,1/16/2020 12:00,5.025,0.459
13,1/16/2020 13:00,0.894,0.447
14,1/16/2020 14:00,3.12,0.117
15,1/16/2020 15:00,0.387,8.253
16,1/16/2020 16:00,0.105,0.261
17,1/16/2020 17:00,0.009,5.229
18,1/16/2020 18:00,0.003,12.6786
19,1/16/2020 19:00,0.012,3.003
20,1/16/2020 20:00,0.003,2.7786
21,1/16/2020 21:00,0.003,1.488
22,1/16/2020 22:00,0.0,1.773
23,1/16/2020 23:00,0.0,1.1978802
0,1/17/2020 0:00,0.0,0.589941
1,1/17/2020 1:00,0.0,0.1539846
2,1/17/2020 2:00,0.0,0.5519448
3,1/17/2020 3:00,0.0,0.207
4,1/17/2020 4:00,0.0,0.285
5,1/17/2020 5:00,0.006,0.309
6,1/17/2020 6:00,0.009,0.564
7,1/17/2020 7:00,0.006,0.579
8,1/17/2020 8:00,0.006,7.485
9,1/17/2020 9:00,0.561,7.08
10,1/17/2020 10:00,1.614,0.327
11,1/17/2020 11:00,3.702,0.171
12,1/17/2020 12:00,5.076,0.084
13,1/17/2020 13:00,4.554,0.378
14,1/17/2020 14:00,1.02,0.432
15,1/17/2020 15:00,0.549,0.411
16,1/17/2020 16:00,0.15,1.017
17,1/17/2020 17:00,0.021,1.065
18,1/17/2020 18:00,0.012,8.9826
19,1/17/2020 19:00,0.009,3.3198
20,1/17/2020 20:00,0.012,15.5166
21,1/17/2020 21:00,0.006,2.436
22,1/17/2020 22:00,0.006,1.116
23,1/17/2020 23:00,0.0,0.9419058
0,1/18/2020 0:00,0.0,0.8879112
1,1/18/2020 1:00,0.0,0.4719528
2,1/18/2020 2:00,0.0,0.359964
3,1/18/2020 3:00,0.0,0.504
4,1/18/2020 4:00,0.0,0.285
5,1/18/2020 5:00,0.009,0.309
6,1/18/2020 6:00,0.0,0.306
7,1/18/2020 7:00,0.006,0.591
8,1/18/2020 8:00,0.009,9.492
9,1/18/2020 9:00,0.657,0.867
10,1/18/2020 10:00,1.41,8.772
11,1/18/2020 11:00,1.635,5.394
12,1/18/2020 12:00,5.526,0.66
13,1/18/2020 13:00,3.849,4.356
14,1/18/2020 14:00,0.402,0.324
15,1/18/2020 15:00,0.402,0.537
16,1/18/2020 16:00,0.069,0.603
17,1/18/2020 17:00,0.003,8.766
18,1/18/2020 18:00,0.009,1.6104
19,1/18/2020 19:00,0.021,3.597
20,1/18/2020 20:00,0.021,2.1582
21,1/18/2020 21:00,0.0,0.849
22,1/18/2020 22:00,0.012,1.698
23,1/18/2020 23:00,0.0,1.2735
0,1/19/2020 0:00,0.0,0.7159284
1,1/19/2020 1:00,0.0,0.2739726
2,1/19/2020 2:00,0.0,0.1159884
3,1/19/2020 3:00,0.0,0.186
4,1/19/2020 4:00,0.0,0.363
5,1/19/2020 5:00,0.012,0.63
6,1/19/2020 6:00,0.015,7.533
7,1/19/2020 7:00,0.21,2.394
8,1/19/2020 8:00,0.822,2.613
9,1/19/2020 9:00,2.073,0.852
10,1/19/2020 10:00,4.947,0.435
11,1/19/2020 11:00,5.232,1.656
12,1/19/2020 12:00,4.419,2.058
13,1/19/2020 13:00,0.381,0.645
14,1/19/2020 14:00,0.264,0.639
15,1/19/2020 15:00,0.039,0.624
16,1/19/2020 16:00,0.015,0.537
17,1/19/2020 17:00,0.012,1.236
18,1/19/2020 18:00,0.0,2.904
19,1/19/2020 19:00,0.009,2.706
20,1/19/2020 20:00,0.006,3.201
21,1/19/2020 21:00,0.009,1.347
22,1/19/2020 22:00,0.012,1.581
23,1/19/2020 23:00,0.0,0.7619238
0,1/20/2020 0:00,0.0,0.3739626
1,1/20/2020 1:00,0.0,0.2919708
2,1/20/2020 2:00,0.0,0.1439856
3,1/20/2020 3:00,0.0,0.219
4,1/20/2020 4:00,0.0,0.22
5,1/20/2020 5:00,0.0,0.216
6,1/20/2020 6:00,0.003,0.213
7,1/20/2020 7:00,0.0,2.316
8,1/20/2020 8:00,0.222,0.855
9,1/20/2020 9:00,0.348,1.875
10,1/20/2020 10:00,0.894,0.294
11,1/20/2020 11:00,0.555,0.531
12,1/20/2020 12:00,0.27,9.15
13,1/20/2020 13:00,0.252,2.676
14,1/20/2020 14:00,0.276,1.062
15,1/20/2020 15:00,0.036,0.291
16,1/20/2020 16:00,0.003,1.08
17,1/20/2020 17:00,0.009,1.362
18,1/20/2020 18:00,0.015,23.9118
19,1/20/2020 19:00,0.003,3.201
20,1/20/2020 20:00,0.006,2.8182
21,1/20/2020 21:00,0.021,1.197
22,1/20/2020 22:00,0.009,1.518
23,1/20/2020 23:00,0.0,1.0718928
0,1/21/2020 0:00,0.0,0.1479852
1,1/21/2020 1:00,0.0,0.1539846
2,1/21/2020 2:00,0.0,0.149985
3,1/21/2020 3:00,0.0,0.477
4,1/21/2020 4:00,0.0,0.474
5,1/21/2020 5:00,0.003,0.327
6,1/21/2020 6:00,0.015,0.357
7,1/21/2020 7:00,0.015,0.57
8,1/21/2020 8:00,0.36,0.306
9,1/21/2020 9:00,0.819,1.722
10,1/21/2020 10:00,0.45,4.14
11,1/21/2020 11:00,0.372,31.494
12,1/21/2020 12:00,0.282,7.245
13,1/21/2020 13:00,0.303,1.476
14,1/21/2020 14:00,0.138,1.155
15,1/21/2020 15:00,0.024,0.726
16,1/21/2020 16:00,0.015,0.792
17,1/21/2020 17:00,0.006,2.1
18,1/21/2020 18:00,0.0,2.607
19,1/21/2020 19:00,0.006,21.912
20,1/21/2020 20:00,0.009,3.1482
21,1/21/2020 21:00,0.0,1.587
22,1/21/2020 22:00,0.0,2.091
23,1/21/2020 23:00,0.0,0.7639236
0,1/22/2020 0:00,0.0,0.29997
1,1/22/2020 1:00,0.0,0.4619538
2,1/22/2020 2:00,0.0,0.2179782
3,1/22/2020 3:00,0.0,0.309
4,1/22/2020 4:00,0.0,0.324
5,1/22/2020 5:00,0.018,0.597
6,1/22/2020 6:00,0.006,1.392
7,1/22/2020 7:00,0.006,1.086
8,1/22/2020 8:00,0.528,0.672
9,1/22/2020 9:00,0.927,0.576
10,1/22/2020 10:00,4.875,25.206
11,1/22/2020 11:00,4.998,0.888
12,1/22/2020 12:00,4.242,0.834
13,1/22/2020 13:00,2.139,2.163
14,1/22/2020 14:00,0.465,0.504
15,1/22/2020 15:00,0.015,0.612
16,1/22/2020 16:00,0.006,0.426
17,1/22/2020 17:00,0.009,5.688
18,1/22/2020 18:00,0.009,2.2968
19,1/22/2020 19:00,0.006,2.7654
20,1/22/2020 20:00,0.003,2.772
21,1/22/2020 21:00,0.015,1.569
22,1/22/2020 22:00,0.0,1.392
23,1/22/2020 23:00,0.0,0.939906
0,1/23/2020 0:00,0.0,0.3239676
1,1/23/2020 1:00,0.0,0.309969
2,1/23/2020 2:00,0.0,0.1359864
3,1/23/2020 3:00,0.0,0.195
4,1/23/2020 4:00,0.0,0.486
5,1/23/2020 5:00,0.024,0.24
6,1/23/2020 6:00,0.0,1.242
7,1/23/2020 7:00,0.009,9.825
8,1/23/2020 8:00,0.426,5.646
9,1/23/2020 9:00,0.588,24.885
10,1/23/2020 10:00,0.66,0.591
11,1/23/2020 11:00,0.618,1.731
12,1/23/2020 12:00,0.42,0.888
13,1/23/2020 13:00,0.531,0.87
14,1/23/2020 14:00,0.414,0.63
15,1/23/2020 15:00,0.045,1.983
16,1/23/2020 16:00,0.009,1.101
17,1/23/2020 17:00,0.012,7.881
18,1/23/2020 18:00,0.0,15.0084
19,1/23/2020 19:00,0.012,3.1548
20,1/23/2020 20:00,0.009,3.5574
21,1/23/2020 21:00,0.0,1.779
22,1/23/2020 22:00,0.012,1.494
23,1/23/2020 23:00,0.0,0.7239276
0,1/24/2020 0:00,0.0,0.119988
1,1/24/2020 1:00,0.0,0.1439856
2,1/24/2020 2:00,0.0,0.1459854
3,1/24/2020 3:00,0.0,0.792
4,1/24/2020 4:00,0.0,0.69
5,1/24/2020 5:00,0.006,0.315
6,1/24/2020 6:00,0.0,0.963
7,1/24/2020 7:00,0.009,2.187
8,1/24/2020 8:00,0.12,1.176
9,1/24/2020 9:00,0.243,0.57
10,1/24/2020 10:00,0.378,0.735
11,1/24/2020 11:00,0.276,2.403
12,1/24/2020 12:00,0.348,2.958
13,1/24/2020 13:00,0.327,13.908
14,1/24/2020 14:00,0.261,2.073
15,1/24/2020 15:00,0.018,2.322
16,1/24/2020 16:00,0.018,0.906
17,1/24/2020 17:00,0.003,1.851
18,1/24/2020 18:00,0.012,7.1148
19,1/24/2020 19:00,0.015,8.184
20,1/24/2020 20:00,0.003,4.092
21,1/24/2020 21:00,0.012,5.43
22,1/24/2020 22:00,0.015,1.515
23,1/24/2020 23:00,0.0,0.8439156
0,1/25/2020 0:00,0.0,0.3019698
1,1/25/2020 1:00,0.0,0.169983
2,1/25/2020 2:00,0.0,0.3459654
3,1/25/2020 3:00,0.0,0.222
4,1/25/2020 4:00,0.0,0.231
5,1/25/2020 5:00,0.009,0.246
6,1/25/2020 6:00,0.0,2.883
7,1/25/2020 7:00,0.216,1.536
8,1/25/2020 8:00,0.525,0.489
9,1/25/2020 9:00,2.082,0.474
10,1/25/2020 10:00,4.881,0.675
11,1/25/2020 11:00,5.619,0.447
12,1/25/2020 12:00,3.201,0.948
13,1/25/2020 13:00,3.051,1.176
14,1/25/2020 14:00,0.459,0.774
15,1/25/2020 15:00,0.084,0.297
16,1/25/2020 16:00,0.015,1.671
17,1/25/2020 17:00,0.0,2.538
18,1/25/2020 18:00,0.003,2.5872
19,1/25/2020 19:00,0.015,3.0162
20,1/25/2020 20:00,0.003,5.2206
21,1/25/2020 21:00,0.006,1.542
22,1/25/2020 22:00,0.003,32.517
23,1/25/2020 23:00,0.0,0.7739226
0,1/26/2020 0:00,0.0,0.39996
1,1/26/2020 1:00,0.0,0.19998
2,1/26/2020 2:00,0.0,0.1479852
3,1/26/2020 3:00,0.0,0.474
4,1/26/2020 4:00,0.0,0.213
5,1/26/2020 5:00,0.012,0.222
6,1/26/2020 6:00,0.006,1.044
7,1/26/2020 7:00,0.324,1.851
8,1/26/2020 8:00,1.314,0.537
9,1/26/2020 9:00,1.398,0.531
10,1/26/2020 10:00,1.659,24.738
11,1/26/2020 11:00,5.505,0.57
12,1/26/2020 12:00,4.758,0.555
13,1/26/2020 13:00,1.542,0.762
14,1/26/2020 14:00,0.408,0.585
15,1/26/2020 15:00,0.042,0.753
16,1/26/2020 16:00,0.0,1.599
17,1/26/2020 17:00,0.003,5.346
18,1/26/2020 18:00,0.0,4.0128
19,1/26/2020 19:00,0.006,2.1714
20,1/26/2020 20:00,0.015,0.8118
21,1/26/2020 21:00,0.006,1.017
22,1/26/2020 22:00,0.015,1.332
23,1/26/2020 23:00,0.0,1.1745
0,1/27/2020 0:00,0.0,1.4338566
1,1/27/2020 1:00,0.0,0.1539846
2,1/27/2020 2:00,0.0,0.2020798
3,1/27/2020 3:00,0.0,0.186
4,1/27/2020 4:00,0.0,0.234
5,1/27/2020 5:00,0.012,0.318
6,1/27/2020 6:00,0.012,0.708
7,1/27/2020 7:00,0.432,0.489
8,1/27/2020 8:00,1.329,6.96
9,1/27/2020 9:00,2.079,0.807
10,1/27/2020 10:00,2.043,30.576
11,1/27/2020 11:00,1.662,27.165
12,1/27/2020 12:00,0.579,7.857
13,1/27/2020 13:00,0.264,2.745
14,1/27/2020 14:00,0.075,3.198
15,1/27/2020 15:00,0.03,3.342
16,1/27/2020 16:00,0.012,3.27
17,1/27/2020 17:00,0.015,2.883
18,1/27/2020 18:00,0.0,4.95
19,1/27/2020 19:00,0.009,3.9006
20,1/27/2020 20:00,0.015,5.9004
21,1/27/2020 21:00,0.006,3.435
22,1/27/2020 22:00,0.009,3.411
23,1/27/2020 23:00,0.0,2.2237776
0,1/28/2020 0:00,0.0,1.3318668
1,1/28/2020 1:00,0.0,1.3238676
2,1/28/2020 2:00,0.0,1.5058494
3,1/28/2020 3:00,0.0,2.064
4,1/28/2020 4:00,0.0,1.845
5,1/28/2020 5:00,0.006,0.231
6,1/28/2020 6:00,0.015,0.231
7,1/28/2020 7:00,0.42,4.344
8,1/28/2020 8:00,0.693,1.104
9,1/28/2020 9:00,1.029,6.03
10,1/28/2020 10:00,3.609,25.851
11,1/28/2020 11:00,1.158,5.52
12,1/28/2020 12:00,5.499,2.724
13,1/28/2020 13:00,0.702,0.222
14,1/28/2020 14:00,0.501,0.243
15,1/28/2020 15:00,0.048,1.14
16,1/28/2020 16:00,0.006,1.386
17,1/28/2020 17:00,0.012,1.671
18,1/28/2020 18:00,0.006,3.1086
19,1/28/2020 19:00,0.003,20.889
20,1/28/2020 20:00,0.003,4.6464
21,1/28/2020 21:00,0.009,1.554
22,1/28/2020 22:00,0.009,1.626
23,1/28/2020 23:00,0.0,0.5879412
0,1/29/2020 0:00,0.0,0.2879712
1,1/29/2020 1:00,0.0,0.129987
2,1/29/2020 2:00,0.0,0.1239876
3,1/29/2020 3:00,0.0,0.483
4,1/29/2020 4:00,0.0,0.45
5,1/29/2020 5:00,0.009,0.228
6,1/29/2020 6:00,0.006,1.773
7,1/29/2020 7:00,0.366,1.557
8,1/29/2020 8:00,1.185,0.459
9,1/29/2020 9:00,0.615,0.237
10,1/29/2020 10:00,1.803,0.207
11,1/29/2020 11:00,0.807,0.492
12,1/29/2020 12:00,0.687,0.483
13,1/29/2020 13:00,0.348,2.085
14,1/29/2020 14:00,0.189,1.857
15,1/29/2020 15:00,0.057,0.255
16,1/29/2020 16:00,0.012,10.836
17,1/29/2020 17:00,0.018,3.237
18,1/29/2020 18:00,0.015,6.7188
19,1/29/2020 19:00,0.018,12.3354
20,1/29/2020 20:00,0.012,1.8942
21,1/29/2020 21:00,0.003,1.446
22,1/29/2020 22:00,0.0,1.452
23,1/29/2020 23:00,0.0,1.449
0,1/30/2020 0:00,0.0,1.2978702
1,1/30/2020 1:00,0.0,1.2378762
2,1/30/2020 2:00,0.0,0.1279872
3,1/30/2020 3:00,0.0,0.258
4,1/30/2020 4:00,0.0,0.588
5,1/30/2020 5:00,0.0,0.456
6,1/30/2020 6:00,0.009,4.182
7,1/30/2020 7:00,0.588,1.137
8,1/30/2020 8:00,1.665,0.222
9,1/30/2020 9:00,2.22,0.375
10,1/30/2020 10:00,3.273,0.597
11,1/30/2020 11:00,0.0,0.0
12,1/30/2020 12:00,4.251,0.372
13,1/30/2020 13:00,4.23,0.03
14,1/30/2020 14:00,3.561,0.099
15,1/30/2020 15:00,0.738,0.234
16,1/30/2020 16:00,0.246,0.252
17,1/30/2020 17:00,0.027,0.606
18,1/30/2020 18:00,0.015,15.0084
19,1/30/2020 19:00,0.006,4.6002
20,1/30/2020 20:00,0.009,3.1152
21,1/30/2020 21:00,0.003,1.398
22,1/30/2020 22:00,0.012,25.497
23,1/30/2020 23:00,0.0,1.1438856
0,1/31/2020 0:00,0.0,0.8319168
1,1/31/2020 1:00,0.0,0.2239776
2,1/31/2020 2:00,0.0,0.1359864
3,1/31/2020 3:00,0.0,0.21
4,1/31/2020 4:00,0.0,0.429
5,1/31/2020 5:00,0.018,0.288
6,1/31/2020 6:00,0.015,0.315
7,1/31/2020 7:00,0.021,1.23
8,1/31/2020 8:00,0.0,4.341
9,1/31/2020 9:00,0.171,1.782
10,1/31/2020 10:00,0.327,0.594
11,1/31/2020 11:00,1.203,0.621
12,1/31/2020 12:00,0.459,0.735
13,1/31/2020 13:00,0.72,0.627
14,1/31/2020 14:00,1.821,0.933
15,1/31/2020 15:00,0.879,0.543
16,1/31/2020 16:00,0.204,0.354
17,1/31/2020 17:00,0.03,0.573
18,1/31/2020 18:00,0.012,3.7092
19,1/31/2020 19:00,0.009,1.6632
20,1/31/2020 20:00,0.009,11.649
21,1/31/2020 21:00,0.006,1.176
22,1/31/2020 22:00,0.018,1.494
23,1/31/2020 23:00,0.0,1.335
0,2/1/2020 0:00,0.0,1.809819
1,2/1/2020 1:00,0.0,1.2018798
2,2/1/2020 2:00,0.0,0.9059094
3,2/1/2020 3:00,0.0,0.219
4,2/1/2020 4:00,0.0,0.234
5,2/1/2020 5:00,0.006,0.24
6,2/1/2020 6:00,0.024,0.618
7,2/1/2020 7:00,0.003,8.922
8,2/1/2020 8:00,0.195,1.296
9,2/1/2020 9:00,0.645,0.741
10,2/1/2020 10:00,1.86,0.402
11,2/1/2020 11:00,4.251,0.42
12,2/1/2020 12:00,5.997,0.66
13,2/1/2020 13:00,5.469,0.705
14,2/1/2020 14:00,3.546,0.618
15,2/1/2020 15:00,1.551,1.122
16,2/1/2020 16:00,0.126,0.774
17,2/1/2020 17:00,0.057,0.966
18,2/1/2020 18:00,0.0,14.2824
19,2/1/2020 19:00,0.006,7.1874
20,2/1/2020 20:00,0.018,2.9172
21,2/1/2020 21:00,0.0,29.625
22,2/1/2020 22:00,0.021,1.26
23,2/1/2020 23:00,0.0,0.9839016
0,2/2/2020 0:00,0.0,0.5759424
1,2/2/2020 1:00,0.0,0.3879612
2,2/2/2020 2:00,0.0,0.139986
3,2/2/2020 3:00,0.0,0.189
4,2/2/2020 4:00,0.0,0.447
5,2/2/2020 5:00,0.021,0.222
6,2/2/2020 6:00,0.027,0.231
7,2/2/2020 7:00,0.006,0.912
8,2/2/2020 8:00,0.234,2.874
9,2/2/2020 9:00,1.143,0.6
10,2/2/2020 10:00,1.233,0.786
11,2/2/2020 11:00,1.131,0.36
12,2/2/2020 12:00,1.524,0.474
13,2/2/2020 13:00,2.538,2.016
14,2/2/2020 14:00,3.555,0.402
15,2/2/2020 15:00,0.444,0.225
16,2/2/2020 16:00,0.156,3.849
17,2/2/2020 17:00,0.003,0.489
18,2/2/2020 18:00,0.009,16.1832
19,2/2/2020 19:00,0.003,3.861
20,2/2/2020 20:00,0.024,2.6598
21,2/2/2020 21:00,0.015,1.542
22,2/2/2020 22:00,0.015,2.202
23,2/2/2020 23:00,0.0,1.3518648
0,2/3/2020 0:00,0.0,0.8579142
1,2/3/2020 1:00,0.0,0.189981
2,2/3/2020 2:00,0.0,0.2939706
3,2/3/2020 3:00,0.0,0.438
4,2/3/2020 4:00,0.0,0.213
5,2/3/2020 5:00,0.003,0.216
6,2/3/2020 6:00,0.006,0.219
7,2/3/2020 7:00,0.018,0.324
8,2/3/2020 8:00,0.021,1.122
9,2/3/2020 9:00,0.969,0.813
10,2/3/2020 10:00,1.221,0.513
11,2/3/2020 11:00,2.613,1.119
12,2/3/2020 12:00,1.368,0.792
13,2/3/2020 13:00,1.014,1.068
14,2/3/2020 14:00,0.957,1.464
15,2/3/2020 15:00,0.453,0.606
16,2/3/2020 16:00,0.117,0.498
17,2/3/2020 17:00,0.003,0.216
18,2/3/2020 18:00,0.015,7.4976
19,2/3/2020 19:00,0.006,7.788
20,2/3/2020 20:00,0.009,6.2832
21,2/3/2020 21:00,0.006,3.747
22,2/3/2020 22:00,0.018,3.447
23,2/3/2020 23:00,0.0,0.7459254
0,2/4/2020 0:00,0.0,1.7618238
1,2/4/2020 1:00,0.0,1.0538946
2,2/4/2020 2:00,0.0,0.2020798
3,2/4/2020 3:00,0.0,0.219
4,2/4/2020 4:00,0.0,0.201
5,2/4/2020 5:00,0.012,0.222
6,2/4/2020 6:00,0.015,0.237
7,2/4/2020 7:00,0.006,0.21
8,2/4/2020 8:00,0.258,11.76
9,2/4/2020 9:00,1.095,2.544
10,2/4/2020 10:00,0.486,0.636
11,2/4/2020 11:00,1.83,0.243
12,2/4/2020 12:00,1.38,24.936
13,2/4/2020 13:00,1.884,5.631
14,2/4/2020 14:00,4.227,0.996
15,2/4/2020 15:00,0.639,0.732
16,2/4/2020 16:00,0.156,0.756
17,2/4/2020 17:00,0.033,1.104
18,2/4/2020 18:00,0.009,2.8446
19,2/4/2020 19:00,0.015,14.1042
20,2/4/2020 20:00,0.009,3.4716
21,2/4/2020 21:00,0.015,1.77
22,2/4/2020 22:00,0.018,1.278
23,2/4/2020 23:00,0.0,1.2438756
0,2/5/2020 0:00,0.0,1.3558644
1,2/5/2020 1:00,0.0,1.0578942
2,2/5/2020 2:00,0.0,0.2979702
3,2/5/2020 3:00,0.0,0.192
4,2/5/2020 4:00,0.0,0.198
5,2/5/2020 5:00,0.015,0.333
6,2/5/2020 6:00,0.006,0.219
7,2/5/2020 7:00,0.006,0.852
8,2/5/2020 8:00,0.129,1.317
9,2/5/2020 9:00,0.318,0.501
10,2/5/2020 10:00,0.495,0.492
11,2/5/2020 11:00,0.96,0.522
12,2/5/2020 12:00,1.215,0.975
13,2/5/2020 13:00,5.838,0.66
14,2/5/2020 14:00,0.384,0.66
15,2/5/2020 15:00,0.312,0.498
16,2/5/2020 16:00,0.138,0.747
17,2/5/2020 17:00,0.03,1.869
18,2/5/2020 18:00,0.012,28.38
19,2/5/2020 19:00,0.018,20.0508
20,2/5/2020 20:00,0.009,2.9502
21,2/5/2020 21:00,0.006,1.269
22,2/5/2020 22:00,0.0,1.239
23,2/5/2020 23:00,0.0,0.8339166
0,2/6/2020 0:00,0.0,1.245
1,2/6/2020 1:00,0.0,1.4778522
2,2/6/2020 2:00,0.0,0.5519448
3,2/6/2020 3:00,0.0,0.201
4,2/6/2020 4:00,0.0,0.321
5,2/6/2020 5:00,0.003,0.315
6,2/6/2020 6:00,0.006,0.6
7,2/6/2020 7:00,0.012,9.021
8,2/6/2020 8:00,0.294,0.747
9,2/6/2020 9:00,0.447,0.495
10,2/6/2020 10:00,1.926,0.471
11,2/6/2020 11:00,1.17,0.345
12,2/6/2020 12:00,1.278,1.185
13,2/6/2020 13:00,3.153,0.915
14,2/6/2020 14:00,0.399,0.819
15,2/6/2020 15:00,0.315,0.924
16,2/6/2020 16:00,0.069,5.673
17,2/6/2020 17:00,0.006,6.513
18,2/6/2020 18:00,0.006,4.9236
19,2/6/2020 19:00,0.006,3.168
20,2/6/2020 20:00,0.0,3.7554
21,2/6/2020 21:00,0.021,1.272
22,2/6/2020 22:00,0.021,1.797
23,2/6/2020 23:00,0.0,1.5345
0,2/7/2020 0:00,0.0,0.9859014
1,2/7/2020 1:00,0.0,0.1319868
2,2/7/2020 2:00,0.0,0.1339866
3,2/7/2020 3:00,0.0,0.531
4,2/7/2020 4:00,0.0,0.303
5,2/7/2020 5:00,0.003,0.219
6,2/7/2020 6:00,0.0,0.213
7,2/7/2020 7:00,0.006,1.188
8,2/7/2020 8:00,0.141,4.347
9,2/7/2020 9:00,0.339,2.163
10,2/7/2020 10:00,0.339,3.219
11,2/7/2020 11:00,1.854,3.582
12,2/7/2020 12:00,2.223,8.631
13,2/7/2020 13:00,1.725,0.297
14,2/7/2020 14:00,1.194,0.324
15,2/7/2020 15:00,0.492,1.032
16,2/7/2020 16:00,0.171,25.371
17,2/7/2020 17:00,0.024,3.645
18,2/7/2020 18:00,0.015,7.656
19,2/7/2020 19:00,0.012,6.9036
20,2/7/2020 20:00,0.015,6.93
21,2/7/2020 21:00,0.015,3.591
22,2/7/2020 22:00,0.018,3.375
23,2/7/2020 23:00,0.0,2.0837916
0,2/8/2020 0:00,0.0,3.2505
1,2/8/2020 1:00,0.0,0.1279872
2,2/8/2020 2:00,0.0,0.1279872
3,2/8/2020 3:00,0.0,0.288
4,2/8/2020 4:00,0.0,0.558
5,2/8/2020 5:00,0.009,0.51
6,2/8/2020 6:00,0.0,0.192
7,2/8/2020 7:00,0.015,5.85
8,2/8/2020 8:00,0.465,6.921
9,2/8/2020 9:00,1.389,5.844
10,2/8/2020 10:00,4.287,5.595
11,2/8/2020 11:00,4.992,0.282
12,2/8/2020 12:00,5.31,0.222
13,2/8/2020 13:00,2.943,0.144
14,2/8/2020 14:00,1.332,0.222
15,2/8/2020 15:00,0.948,0.492
16,2/8/2020 16:00,0.273,0.231
17,2/8/2020 17:00,0.03,1.005
18,2/8/2020 18:00,0.021,1.8414
19,2/8/2020 19:00,0.021,3.333
20,2/8/2020 20:00,0.006,3.8544
21,2/8/2020 21:00,0.006,-2.133
22,2/8/2020 22:00,0.009,1.698
23,2/8/2020 23:00,0.0,-0.2175
0,2/9/2020 0:00,0.0,1.1218878
1,2/9/2020 1:00,0.0,0.1279872
2,2/9/2020 2:00,0.0,0.3719628
3,2/9/2020 3:00,0.0,0.204
4,2/9/2020 4:00,0.0,0.198
5,2/9/2020 5:00,0.009,0.222
6,2/9/2020 6:00,0.006,0.483
7,2/9/2020 7:00,0.009,1.134
8,2/9/2020 8:00,0.0,1.185
9,2/9/2020 9:00,0.087,0.258
10,2/9/2020 10:00,0.42,0.231
11,2/9/2020 11:00,0.723,0.234
12,2/9/2020 12:00,0.933,0.21
13,2/9/2020 13:00,1.518,0.282
14,2/9/2020 14:00,0.564,0.591
15,2/9/2020 15:00,0.936,0.555
16,2/9/2020 16:00,0.111,0.375
17,2/9/2020 17:00,0.021,0.621
18,2/9/2020 18:00,0.018,5.0292
19,2/9/2020 19:00,0.021,2.8446
20,2/9/2020 20:00,0.015,2.4486
21,2/9/2020 21:00,0.009,0.948
22,2/9/2020 22:00,0.006,1.695
23,2/9/2020 23:00,0.0,1.3215
0,2/10/2020 0:00,0.0,0.8979102
1,2/10/2020 1:00,0.0,0.3559644
2,2/10/2020 2:00,0.0,0.1819818
3,2/10/2020 3:00,0.0,0.204
4,2/10/2020 4:00,0.0,0.186
5,2/10/2020 5:00,0.009,0.309
6,2/10/2020 6:00,0.015,0.33
7,2/10/2020 7:00,0.009,0.597
8,2/10/2020 8:00,0.66,1.218
9,2/10/2020 9:00,1.566,0.228
10,2/10/2020 10:00,1.515,1.959
11,2/10/2020 11:00,1.515,2.013
12,2/10/2020 12:00,0.96,3.375
13,2/10/2020 13:00,1.164,7.167
14,2/10/2020 14:00,1.071,8.031
15,2/10/2020 15:00,0.312,2.625
16,2/10/2020 16:00,0.096,1.095
17,2/10/2020 17:00,0.033,1.215
18,2/10/2020 18:00,0.009,2.574
19,2/10/2020 19:00,0.012,3.267
20,2/10/2020 20:00,0.012,4.6794
21,2/10/2020 21:00,0.018,2.193
22,2/10/2020 22:00,0.012,3.825
23,2/10/2020 23:00,0.0,2.5917408
0,2/11/2020 0:00,0.0,2.13312
1,2/11/2020 1:00,0.0,0.9559044
2,2/11/2020 2:00,0.0,0.4959504
3,2/11/2020 3:00,0.0,1.002
4,2/11/2020 4:00,0.0,0.855
5,2/11/2020 5:00,0.006,0.645
6,2/11/2020 6:00,0.012,0.63
7,2/11/2020 7:00,0.009,0.615
8,2/11/2020 8:00,0.654,0.759
9,2/11/2020 9:00,1.56,4.824
10,2/11/2020 10:00,2.46,0.831
11,2/11/2020 11:00,3.207,0.36
12,2/11/2020 12:00,2.349,5.646
13,2/11/2020 13:00,1.347,0.483
14,2/11/2020 14:00,4.401,0.069
15,2/11/2020 15:00,0.186,0.261
16,2/11/2020 16:00,0.369,0.471
17,2/11/2020 17:00,0.036,0.279
18,2/11/2020 18:00,0.006,12.4608
19,2/11/2020 19:00,0.012,2.4024
20,2/11/2020 20:00,0.009,1.6434
21,2/11/2020 21:00,0.0,0.696
22,2/11/2020 22:00,0.009,1.38
23,2/11/2020 23:00,0.0,0.939906
0,2/12/2020 0:00,0.0,1.395
1,2/12/2020 1:00,0.0,0.1559844
2,2/12/2020 2:00,0.0,0.1519848
3,2/12/2020 3:00,0.0,0.432
4,2/12/2020 4:00,0.0,0.207
5,2/12/2020 5:00,0.012,0.216
6,2/12/2020 6:00,0.006,0.216
7,2/12/2020 7:00,0.012,0.657
8,2/12/2020 8:00,0.504,1.512
9,2/12/2020 9:00,2.043,0.903
10,2/12/2020 10:00,4.725,0.36
11,2/12/2020 11:00,5.526,0.306
12,2/12/2020 12:00,6.513,0.372
13,2/12/2020 13:00,4.653,0.171
14,2/12/2020 14:00,2.814,0.741
15,2/12/2020 15:00,0.318,0.3
16,2/12/2020 16:00,0.072,0.918
17,2/12/2020 17:00,0.012,0.903
18,2/12/2020 18:00,0.003,12.54
19,2/12/2020 19:00,0.012,6.072
20,2/12/2020 20:00,0.0,6.6528
21,2/12/2020 21:00,0.021,1.863
22,2/12/2020 22:00,0.012,1.044
23,2/12/2020 23:00,0.0,0.4839516
0,2/13/2020 0:00,0.0,0.885
1,2/13/2020 1:00,0.0,0.229977
2,2/13/2020 2:00,0.0,0.1279872
3,2/13/2020 3:00,0.0,0.462
4,2/13/2020 4:00,0.0,0.213
5,2/13/2020 5:00,0.009,0.216
6,2/13/2020 6:00,0.012,0.339
7,2/13/2020 7:00,0.489,0.771
8,2/13/2020 8:00,1.557,1.581
9,2/13/2020 9:00,2.034,1.392
10,2/13/2020 10:00,2.841,24.3
11,2/13/2020 11:00,1.794,7.002
12,2/13/2020 12:00,0.567,11.955
13,2/13/2020 13:00,0.453,7.014
14,2/13/2020 14:00,0.576,1.062
15,2/13/2020 15:00,0.138,0.807
16,2/13/2020 16:00,0.045,0.96
17,2/13/2020 17:00,0.006,13.017
18,2/13/2020 18:00,0.009,1.4388
19,2/13/2020 19:00,0.003,0.9504
20,2/13/2020 20:00,0.006,7.0884
21,2/13/2020 21:00,0.012,2.733
22,2/13/2020 22:00,0.012,2.862
23,2/13/2020 23:00,0.0,1.229877
0,2/14/2020 0:00,0.0,0.4619538
1,2/14/2020 1:00,0.0,0.159984
2,2/14/2020 2:00,0.0,0.149985
3,2/14/2020 3:00,0.0,0.345
4,2/14/2020 4:00,0.0,0.612
5,2/14/2020 5:00,0.0,0.444
6,2/14/2020 6:00,0.021,0.234
7,2/14/2020 7:00,0.003,1.221
8,2/14/2020 8:00,0.363,1.284
9,2/14/2020 9:00,1.128,3.105
10,2/14/2020 10:00,2.976,2.097
11,2/14/2020 11:00,2.283,2.184
12,2/14/2020 12:00,1.536,0.384
13,2/14/2020 13:00,0.348,26.778
14,2/14/2020 14:00,0.438,0.699
15,2/14/2020 15:00,0.195,0.258
16,2/14/2020 16:00,0.03,0.27
17,2/14/2020 17:00,0.009,6.264
18,2/14/2020 18:00,0.003,15.477
19,2/14/2020 19:00,0.012,7.2204
20,2/14/2020 20:00,0.009,7.8408
21,2/14/2020 21:00,0.015,3.075
22,2/14/2020 22:00,0.012,2.37
23,2/14/2020 23:00,0.0,0.6659334
0,2/15/2020 0:00,0.0,0.2839716
1,2/15/2020 1:00,0.0,0.3059694
2,2/15/2020 2:00,0.0,0.1259874
3,2/15/2020 3:00,0.0,0.207
4,2/15/2020 4:00,0.0,0.231
5,2/15/2020 5:00,0.015,0.216
6,2/15/2020 6:00,0.009,0.741
7,2/15/2020 7:00,0.261,1.218
8,2/15/2020 8:00,0.804,0.999
9,2/15/2020 9:00,4.764,10.443
10,2/15/2020 10:00,5.112,1.923
11,2/15/2020 11:00,6.441,1.143
12,2/15/2020 12:00,5.964,6.222
13,2/15/2020 13:00,4.869,0.369
14,2/15/2020 14:00,2.943,0.12
15,2/15/2020 15:00,0.372,0.231
16,2/15/2020 16:00,0.09,0.336
17,2/15/2020 17:00,0.015,5.886
18,2/15/2020 18:00,0.009,6.9696
19,2/15/2020 19:00,0.021,12.8568
20,2/15/2020 20:00,0.015,5.1612
21,2/15/2020 21:00,0.006,3.51
22,2/15/2020 22:00,0.018,9.369
23,2/15/2020 23:00,0.0,1.7978202
0,2/16/2020 0:00,0.0,1.8978102
1,2/16/2020 1:00,0.0,0.319968
2,2/16/2020 2:00,0.0,0.29997
3,2/16/2020 3:00,0.0,0.198
4,2/16/2020 4:00,0.0,0.282
5,2/16/2020 5:00,0.0,0.21
6,2/16/2020 6:00,0.0,0.21
7,2/16/2020 7:00,0.459,3.465
8,2/16/2020 8:00,1.269,8.556
9,2/16/2020 9:00,4.527,2.286
10,2/16/2020 10:00,4.869,0.174
11,2/16/2020 11:00,6.078,0.0
12,2/16/2020 12:00,4.986,0.327
13,2/16/2020 13:00,4.689,0.609
14,2/16/2020 14:00,1.206,0.402
15,2/16/2020 15:00,0.63,0.231
16,2/16/2020 16:00,0.09,0.558
17,2/16/2020 17:00,0.006,0.45
18,2/16/2020 18:00,0.012,0.8052
19,2/16/2020 19:00,0.012,0.9042
20,2/16/2020 20:00,0.009,16.4868
21,2/16/2020 21:00,0.012,1.185
22,2/16/2020 22:00,0.0,0.576
23,2/16/2020 23:00,0.0,0.389961
0,2/17/2020 0:00,0.0,0.5379462
1,2/17/2020 1:00,0.0,0.3679632
2,2/17/2020 2:00,0.0,0.1539846
3,2/17/2020 3:00,0.0,0.195
4,2/17/2020 4:00,0.0,0.204
5,2/17/2020 5:00,0.021,0.489
6,2/17/2020 6:00,0.003,0.222
7,2/17/2020 7:00,0.702,0.513
8,2/17/2020 8:00,0.717,0.51
9,2/17/2020 9:00,5.172,0.177
10,2/17/2020 10:00,5.64,0.381
11,2/17/2020 11:00,5.826,0.588
12,2/17/2020 12:00,6.051,0.123
13,2/17/2020 13:00,4.896,0.153
14,2/17/2020 14:00,2.913,0.219
15,2/17/2020 15:00,0.417,0.324
16,2/17/2020 16:00,0.12,0.273
17,2/17/2020 17:00,0.003,6.21
18,2/17/2020 18:00,0.015,2.5674
19,2/17/2020 19:00,0.006,1.8216
20,2/17/2020 20:00,0.0,2.1846
21,2/17/2020 21:00,0.006,1.785
22,2/17/2020 22:00,0.009,2.682
23,2/17/2020 23:00,0.0,2.2335
0,2/18/2020 0:00,0.0,14.979
1,2/18/2020 1:00,0.0,1.0958904
2,2/18/2020 2:00,0.0,0.1419858
3,2/18/2020 3:00,0.0,0.219
4,2/18/2020 4:00,0.0,0.225
5,2/18/2020 5:00,0.012,0.246
6,2/18/2020 6:00,0.0,0.471
7,2/18/2020 7:00,0.261,0.777
8,2/18/2020 8:00,1.695,1.464
9,2/18/2020 9:00,2.595,0.267
10,2/18/2020 10:00,4.605,0.822
11,2/18/2020 11:00,2.415,0.672
12,2/18/2020 12:00,5.682,27.51
13,2/18/2020 13:00,3.408,3.477
14,2/18/2020 14:00,2.55,0.384
15,2/18/2020 15:00,0.672,0.579
16,2/18/2020 16:00,0.12,3.075
17,2/18/2020 17:00,0.009,1.248
18,2/18/2020 18:00,0.003,1.221
19,2/18/2020 19:00,0.009,1.2408
20,2/18/2020 20:00,0.012,3.3066
21,2/18/2020 21:00,0.003,2.148
22,2/18/2020 22:00,0.0,2.016
23,2/18/2020 23:00,0.0,1.0738926
0,2/19/2020 0:00,0.0,0.8279172
1,2/19/2020 1:00,0.0,0.219978
2,2/19/2020 2:00,0.0,0.2020798
3,2/19/2020 3:00,0.0,0.57
4,2/19/2020 4:00,0.0,0.456
5,2/19/2020 5:00,0.0,0.207
6,2/19/2020 6:00,0.021,0.717
7,2/19/2020 7:00,0.195,2.202
8,2/19/2020 8:00,0.45,0.858
9,2/19/2020 9:00,0.606,0.246
10,2/19/2020 10:00,0.825,0.231
11,2/19/2020 11:00,0.711,0.582
12,2/19/2020 12:00,0.753,0.351
13,2/19/2020 13:00,0.864,0.531
14,2/19/2020 14:00,0.717,0.24
15,2/19/2020 15:00,0.408,0.513
16,2/19/2020 16:00,0.039,0.81
17,2/19/2020 17:00,0.012,0.546
18,2/19/2020 18:00,0.015,40.4712
19,2/19/2020 19:00,0.012,7.128
20,2/19/2020 20:00,0.006,6.8706
21,2/19/2020 21:00,0.003,2.97
22,2/19/2020 22:00,0.015,11.163
23,2/19/2020 23:00,0.0,2.089791
0,2/20/2020 0:00,0.0,2.139786
1,2/20/2020 1:00,0.0,0.2139786
2,2/20/2020 2:00,0.0,0.209979
3,2/20/2020 3:00,0.0,0.456
4,2/20/2020 4:00,0.0,0.189
5,2/20/2020 5:00,0.015,0.222
6,2/20/2020 6:00,0.006,2.166
7,2/20/2020 7:00,0.141,2.553
8,2/20/2020 8:00,0.408,0.681
9,2/20/2020 9:00,0.621,0.36
10,2/20/2020 10:00,0.21,0.333
11,2/20/2020 11:00,0.408,0.501
12,2/20/2020 12:00,0.999,0.252
13,2/20/2020 13:00,1.086,0.219
14,2/20/2020 14:00,0.456,0.522
15,2/20/2020 15:00,0.654,0.255
16,2/20/2020 16:00,0.12,0.261
17,2/20/2020 17:00,0.009,0.339
18,2/20/2020 18:00,0.015,3.6564
19,2/20/2020 19:00,0.012,2.904
20,2/20/2020 20:00,0.003,2.5212
21,2/20/2020 21:00,0.012,1.569
22,2/20/2020 22:00,0.015,1.314
23,2/20/2020 23:00,0.0,0.8979102
0,2/21/2020 0:00,0.0,0.3239676
1,2/21/2020 1:00,0.0,0.1319868
2,2/21/2020 2:00,0.0,0.1459854
3,2/21/2020 3:00,0.0,0.342
4,2/21/2020 4:00,0.0,0.336
5,2/21/2020 5:00,0.0,0.429
6,2/21/2020 6:00,0.018,0.597
7,2/21/2020 7:00,0.246,7.317
8,2/21/2020 8:00,0.837,0.627
9,2/21/2020 9:00,0.891,0.84
10,2/21/2020 10:00,1.593,0.225
11,2/21/2020 11:00,1.071,0.237
12,2/21/2020 12:00,2.268,0.309
13,2/21/2020 13:00,0.894,0.372
14,2/21/2020 14:00,0.582,0.276
15,2/21/2020 15:00,0.201,0.258
16,2/21/2020 16:00,0.048,2.952
17,2/21/2020 17:00,0.015,1.638
18,2/21/2020 18:00,0.009,2.6664
19,2/21/2020 19:00,0.015,3.3924
20,2/21/2020 20:00,0.024,3.2208
21,2/21/2020 21:00,0.021,25.677
22,2/21/2020 22:00,0.018,1.644
23,2/21/2020 23:00,0.0,1.0058994
0,2/22/2020 0:00,0.0,1.5765
1,2/22/2020 1:00,0.0,0.909909
2,2/22/2020 2:00,0.0,0.1339866
3,2/22/2020 3:00,0.0,0.315
4,2/22/2020 4:00,0.0,0.234
5,2/22/2020 5:00,0.012,0.231
6,2/22/2020 6:00,0.003,0.936
7,2/22/2020 7:00,0.153,2.001
8,2/22/2020 8:00,0.441,0.618
9,2/22/2020 9:00,1.707,0.195
10,2/22/2020 10:00,1.548,0.294
11,2/22/2020 11:00,6.999,0.0
12,2/22/2020 12:00,6.201,0.267
13,2/22/2020 13:00,5.187,0.069
14,2/22/2020 14:00,3.156,0.162
15,2/22/2020 15:00,0.576,0.234
16,2/22/2020 16:00,0.153,0.255
17,2/22/2020 17:00,0.009,0.507
18,2/22/2020 18:00,0.012,4.851
19,2/22/2020 19:00,0.003,2.145
20,2/22/2020 20:00,0.009,3.6894
21,2/22/2020 21:00,0.009,1.557
22,2/22/2020 22:00,0.006,1.89
23,2/22/2020 23:00,0.0,1.3378662
0,2/23/2020 0:00,0.0,1.2758724
1,2/23/2020 1:00,0.0,0.9719028
2,2/23/2020 2:00,0.0,0.209979
3,2/23/2020 3:00,0.0,0.447
4,2/23/2020 4:00,0.0,0.33
5,2/23/2020 5:00,0.009,0.6
6,2/23/2020 6:00,0.018,0.771
7,2/23/2020 7:00,0.873,1.521
8,2/23/2020 8:00,2.322,0.288
9,2/23/2020 9:00,0.867,0.234
10,2/23/2020 10:00,0.843,0.216
11,2/23/2020 11:00,0.81,0.231
12,2/23/2020 12:00,1.863,0.198
13,2/23/2020 13:00,1.071,0.327
14,2/23/2020 14:00,3.957,0.477
15,2/23/2020 15:00,0.66,0.507
16,2/23/2020 16:00,0.216,0.264
17,2/23/2020 17:00,0.006,6.132
18,2/23/2020 18:00,0.009,3.96
19,2/23/2020 19:00,0.015,14.3022
20,2/23/2020 20:00,0.009,2.7324
21,2/23/2020 21:00,0.024,1.392
22,2/23/2020 22:00,0.012,25.944
23,2/23/2020 23:00,0.0,0.9879012
0,2/24/2020 0:00,0.0,0.8219178
1,2/24/2020 1:00,0.0,0.1259874
2,2/24/2020 2:00,0.0,0.1279872
3,2/24/2020 3:00,0.0,0.201
4,2/24/2020 4:00,0.0,0.48
5,2/24/2020 5:00,0.015,0.342
6,2/24/2020 6:00,0.009,0.594
7,2/24/2020 7:00,0.789,1.776
8,2/24/2020 8:00,1.695,0.612
9,2/24/2020 9:00,4.872,24.549
10,2/24/2020 10:00,5.799,1.056
11,2/24/2020 11:00,5.568,1.047
12,2/24/2020 12:00,6.462,0.411
13,2/24/2020 13:00,4.47,0.234
14,2/24/2020 14:00,2.118,0.573
15,2/24/2020 15:00,1.011,0.828
16,2/24/2020 16:00,0.273,1.215
17,2/24/2020 17:00,0.03,1.275
18,2/24/2020 18:00,0.024,3.2736
19,2/24/2020 19:00,0.006,12.5004
20,2/24/2020 20:00,0.0,3.0492
21,2/24/2020 21:00,0.006,1.422
22,2/24/2020 22:00,0.012,1.668
23,2/24/2020 23:00,0.0,0.8819118
0,2/25/2020 0:00,0.0,1.1678832
1,2/25/2020 1:00,0.0,0.1579842
2,2/25/2020 2:00,0.0,0.29997
3,2/25/2020 3:00,0.0,0.192
4,2/25/2020 4:00,0.0,0.219
5,2/25/2020 5:00,0.012,0.225
6,2/25/2020 6:00,0.012,0.231
7,2/25/2020 7:00,0.618,0.561
8,2/25/2020 8:00,2.421,0.816
9,2/25/2020 9:00,3.183,0.783
10,2/25/2020 10:00,6.249,0.342
11,2/25/2020 11:00,7.431,0.048
12,2/25/2020 12:00,6.555,0.609
13,2/25/2020 13:00,5.496,10.317
14,2/25/2020 14:00,3.447,0.396
15,2/25/2020 15:00,0.468,0.228
16,2/25/2020 16:00,0.174,0.495
17,2/25/2020 17:00,0.036,0.84
18,2/25/2020 18:00,0.003,2.7456
19,2/25/2020 19:00,0.0,2.0922
20,2/25/2020 20:00,0.006,36.3264
21,2/25/2020 21:00,0.003,3.0
22,2/25/2020 22:00,0.0,27.717
23,2/25/2020 23:00,0.0,0.789921
0,2/26/2020 0:00,0.0,0.2359764
1,2/26/2020 1:00,0.0,0.319968
2,2/26/2020 2:00,0.0,0.1359864
3,2/26/2020 3:00,0.0,0.213
4,2/26/2020 4:00,0.0,0.231
5,2/26/2020 5:00,0.012,0.228
6,2/26/2020 6:00,0.012,0.471
7,2/26/2020 7:00,0.426,1.512
8,2/26/2020 8:00,1.038,0.897
9,2/26/2020 9:00,1.749,0.282
10,2/26/2020 10:00,2.952,0.207
11,2/26/2020 11:00,0.732,0.813
12,2/26/2020 12:00,1.131,0.291
13,2/26/2020 13:00,1.98,0.249
14,2/26/2020 14:00,0.729,0.432
15,2/26/2020 15:00,0.828,0.69
16,2/26/2020 16:00,0.459,0.591
17,2/26/2020 17:00,0.003,5.697
18,2/26/2020 18:00,0.012,5.0424
19,2/26/2020 19:00,0.003,7.3656
20,2/26/2020 20:00,0.015,5.4978
21,2/26/2020 21:00,0.012,2.175
22,2/26/2020 22:00,0.012,2.037
23,2/26/2020 23:00,0.0,0.939906
0,2/27/2020 0:00,0.0,0.8459154
1,2/27/2020 1:00,0.0,0.319968
2,2/27/2020 2:00,0.0,0.1579842
3,2/27/2020 3:00,0.0,0.243
4,2/27/2020 4:00,0.0,0.264
5,2/27/2020 5:00,0.006,0.252
6,2/27/2020 6:00,0.003,0.75
7,2/27/2020 7:00,0.018,0.885
8,2/27/2020 8:00,0.078,0.627
9,2/27/2020 9:00,0.039,0.576
10,2/27/2020 10:00,0.327,0.585
11,2/27/2020 11:00,0.228,0.591
12,2/27/2020 12:00,0.282,0.318
13,2/27/2020 13:00,0.906,0.336
14,2/27/2020 14:00,2.538,0.531
15,2/27/2020 15:00,1.041,0.321
16,2/27/2020 16:00,0.264,0.816
17,2/27/2020 17:00,0.042,6.231
18,2/27/2020 18:00,0.012,3.2274
19,2/27/2020 19:00,0.003,3.069
20,2/27/2020 20:00,0.006,4.6266
21,2/27/2020 21:00,0.015,26.295
22,2/27/2020 22:00,0.0,1.842
23,2/27/2020 23:00,0.0,1.039896
0,2/28/2020 0:00,0.0,0.4879512
1,2/28/2020 1:00,0.0,0.219978
2,2/28/2020 2:00,0.0,0.3219678
3,2/28/2020 3:00,0.0,0.198
4,2/28/2020 4:00,0.0,0.213
5,2/28/2020 5:00,0.003,0.213
6,2/28/2020 6:00,0.012,0.903
7,2/28/2020 7:00,0.003,0.657
8,2/28/2020 8:00,0.012,1.134
9,2/28/2020 9:00,0.054,1.827
10,2/28/2020 10:00,0.192,0.81
11,2/28/2020 11:00,0.165,0.573
12,2/28/2020 12:00,0.303,0.63
13,2/28/2020 13:00,0.321,1.557
14,2/28/2020 14:00,0.084,2.661
15,2/28/2020 15:00,0.03,2.358
16,2/28/2020 16:00,0.048,2.235
17,2/28/2020 17:00,0.015,10.593
18,2/28/2020 18:00,0.012,7.293
19,2/28/2020 19:00,0.006,5.8674
20,2/28/2020 20:00,0.003,4.7124
21,2/28/2020 21:00,0.012,2.655
22,2/28/2020 22:00,0.009,4.059
23,2/28/2020 23:00,0.0,1.9318068
0,3/1/2020 0:00,0.0,0.2359764
1,3/1/2020 1:00,0.0,0.3719628
2,3/1/2020 2:00,0.0,0.1359864
3,3/1/2020 3:00,0.0,0.204
4,3/1/2020 4:00,0.015,0.222
5,3/1/2020 5:00,0.003,0.492
6,3/1/2020 6:00,0.009,2.271
7,3/1/2020 7:00,0.006,0.96
8,3/1/2020 8:00,0.009,0.498
9,3/1/2020 9:00,0.021,0.252
10,3/1/2020 10:00,0.006,0.225
11,3/1/2020 11:00,0.006,0.423
12,3/1/2020 12:00,0.012,0.495
13,3/1/2020 13:00,0.12,0.501
14,3/1/2020 14:00,0.114,0.288
15,3/1/2020 15:00,0.093,0.261
16,3/1/2020 16:00,0.039,0.627
17,3/1/2020 17:00,0.012,0.891
18,3/1/2020 18:00,0.009,17.7672
19,3/1/2020 19:00,0.0,12.2562
20,3/1/2020 20:00,0.015,3.828
21,3/1/2020 21:00,0.0,1.776
22,3/1/2020 22:00,0.021,26.649
23,3/1/2020 23:00,0.0,0.8219178
0,3/2/2020 0:00,0.0,0.4059594
1,3/2/2020 1:00,0.0,0.1359864
2,3/2/2020 2:00,0.0,0.1439856
3,3/2/2020 3:00,0.0,0.261
4,3/2/2020 4:00,0.018,0.507
5,3/2/2020 5:00,0.009,0.231
6,3/2/2020 6:00,0.009,1.044
7,3/2/2020 7:00,0.021,1.212
8,3/2/2020 8:00,0.114,0.705
9,3/2/2020 9:00,0.198,0.6
10,3/2/2020 10:00,0.387,2.34
11,3/2/2020 11:00,0.285,25.26
12,3/2/2020 12:00,0.33,0.783
13,3/2/2020 13:00,0.342,1.056
14,3/2/2020 14:00,0.297,0.783
15,3/2/2020 15:00,0.081,0.714
16,3/2/2020 16:00,0.033,1.248
17,3/2/2020 17:00,0.015,1.422
18,3/2/2020 18:00,0.0,2.871
19,3/2/2020 19:00,0.006,2.8842
20,3/2/2020 20:00,0.009,3.1218
21,3/2/2020 21:00,0.003,0.972
22,3/2/2020 22:00,0.009,0.612
23,3/2/2020 23:00,0.0,0.3239676
0,3/3/2020 0:00,0.0,0.1339866
1,3/3/2020 1:00,0.0,0.1579842
2,3/3/2020 2:00,0.0,0.1619838
3,3/3/2020 3:00,0.0,0.963
4,3/3/2020 4:00,0.0,0.738
5,3/3/2020 5:00,0.234,1.251
6,3/3/2020 6:00,0.702,0.384
7,3/3/2020 7:00,0.723,0.837
8,3/3/2020 8:00,1.296,1.02
9,3/3/2020 9:00,1.092,1.002
10,3/3/2020 10:00,0.96,2.541
11,3/3/2020 11:00,0.516,2.595
12,3/3/2020 12:00,0.255,2.925
13,3/3/2020 13:00,0.099,2.778
14,3/3/2020 14:00,0.027,2.601
15,3/3/2020 15:00,0.003,7.755
16,3/3/2020 16:00,0.027,13.131
17,3/3/2020 17:00,0.006,8.241
18,3/3/2020 18:00,0.012,25.9908
19,3/3/2020 19:00,0.006,2.9436
20,3/3/2020 20:00,0.015,3.9468
21,3/3/2020 21:00,0.012,1.155
22,3/3/2020 22:00,0.006,0.465
23,3/3/2020 23:00,0.0,0.1459854
0,3/4/2020 0:00,0.0,0.1519848
1,3/4/2020 1:00,0.0,0.1439856
2,3/4/2020 2:00,0.0,0.159984
3,3/4/2020 3:00,0.0,0.225
4,3/4/2020 4:00,0.513,0.768
5,3/4/2020 5:00,2.313,0.516
6,3/4/2020 6:00,4.068,0.375
7,3/4/2020 7:00,1.905,5.394
8,3/4/2020 8:00,1.614,25.191
9,3/4/2020 9:00,2.319,8.01
10,3/4/2020 10:00,0.987,1.209
11,3/4/2020 11:00,0.261,1.104
12,3/4/2020 12:00,0.162,0.624
13,3/4/2020 13:00,0.06,1.497
14,3/4/2020 14:00,0.027,0.27
15,3/4/2020 15:00,0.018,1.65
16,3/4/2020 16:00,0.015,1.623
17,3/4/2020 17:00,0.006,12.504
18,3/4/2020 18:00,0.018,4.3758
19,3/4/2020 19:00,0.015,4.1382
20,3/4/2020 20:00,0.006,2.7588
21,3/4/2020 21:00,0.0,0.591
22,3/4/2020 22:00,0.009,0.321
23,3/4/2020 23:00,0.0,0.2059794
0,3/5/2020 0:00,0.0,0.2159784
1,3/5/2020 1:00,0.0,0.3165
2,3/5/2020 2:00,0.0,0.42
3,3/5/2020 3:00,0.0,1.656
4,3/5/2020 4:00,1.392,0.489
5,3/5/2020 5:00,2.079,0.516
6,3/5/2020 6:00,1.164,0.231
7,3/5/2020 7:00,2.355,0.177
8,3/5/2020 8:00,2.427,0.165
9,3/5/2020 9:00,1.362,0.234
10,3/5/2020 10:00,1.341,0.48
11,3/5/2020 11:00,0.843,0.597
12,3/5/2020 12:00,0.504,0.366
13,3/5/2020 13:00,0.156,0.366
14,3/5/2020 14:00,0.009,0.516
15,3/5/2020 15:00,0.0,4.395
16,3/5/2020 16:00,0.015,6.654
17,3/5/2020 17:00,0.0,1.668
18,3/5/2020 18:00,0.009,4.3164
19,3/5/2020 19:00,0.015,3.4122
20,3/5/2020 20:00,0.015,3.0162
21,3/5/2020 21:00,0.0,1.422
22,3/5/2020 22:00,0.006,0.321
23,3/5/2020 23:00,0.0,0.2179782
0,3/6/2020 0:00,0.0,0.1339866
1,3/6/2020 1:00,0.0,0.264
2,3/6/2020 2:00,0.0,0.1579842
3,3/6/2020 3:00,0.0,0.774
4,3/6/2020 4:00,0.615,0.933
5,3/6/2020 5:00,1.65,0.459
6,3/6/2020 6:00,5.928,0.0
7,3/6/2020 7:00,2.142,0.18
8,3/6/2020 8:00,2.565,0.147
9,3/6/2020 9:00,2.076,0.699
10,3/6/2020 10:00,3.615,0.087
11,3/6/2020 11:00,2.883,0.498
12,3/6/2020 12:00,0.876,0.459
13,3/6/2020 13:00,0.231,0.363
14,3/6/2020 14:00,0.054,5.973
15,3/6/2020 15:00,0.009,1.716
16,3/6/2020 16:00,0.012,9.816
17,3/6/2020 17:00,0.009,1.248
18,3/6/2020 18:00,0.006,1.7622
19,3/6/2020 19:00,0.012,2.7984
20,3/6/2020 20:00,0.012,1.848
21,3/6/2020 21:00,0.015,0.246
22,3/6/2020 22:00,0.018,0.483
23,3/6/2020 23:00,0.0,0.1339866
0,3/7/2020 0:00,0.0,0.1479852
1,3/7/2020 1:00,0.0,0.1459854
2,3/7/2020 2:00,0.0,0.2205
3,3/7/2020 3:00,0.0,3.01
4,3/7/2020 4:00,0.399,1.449
5,3/7/2020 5:00,0.645,1.098
6,3/7/2020 6:00,0.519,6.738
7,3/7/2020 7:00,0.864,0.237
8,3/7/2020 8:00,2.178,0.438
9,3/7/2020 9:00,1.452,8.313
10,3/7/2020 10:00,1.38,1.296
11,3/7/2020 11:00,0.69,4.827
12,3/7/2020 12:00,1.026,0.606
13,3/7/2020 13:00,1.047,0.351
14,3/7/2020 14:00,0.021,2.613
15,3/7/2020 15:00,0.018,2.697
16,3/7/2020 16:00,0.009,3.198
17,3/7/2020 17:00,0.003,2.274
18,3/7/2020 18:00,0.018,6.1908
19,3/7/2020 19:00,0.012,59.6046
20,3/7/2020 20:00,0.009,6.7584
21,3/7/2020 21:00,0.0,0.474
22,3/7/2020 22:00,0.012,0.744
23,3/7/2020 23:00,0.0,0.1659834
0,3/8/2020 0:00,0.0,0.1379862
1,3/8/2020 1:00,0.0,0.1319868
2,3/8/2020 2:00,0.0,0.1559844
3,3/8/2020 3:00,0.0,0.87
4,3/8/2020 4:00,0.552,2.466
5,3/8/2020 5:00,5.001,0.132
6,3/8/2020 6:00,5.814,0.0
7,3/8/2020 7:00,1.554,0.228
8,3/8/2020 8:00,2.037,0.183
9,3/8/2020 9:00,3.117,0.681
10,3/8/2020 10:00,0.786,0.363
11,3/8/2020 11:00,4.584,0.282
12,3/8/2020 12:00,0.744,0.342
13,3/8/2020 13:00,0.216,0.354
14,3/8/2020 14:00,0.036,1.086
15,3/8/2020 15:00,0.015,1.728
16,3/8/2020 16:00,0.006,6.3
17,3/8/2020 17:00,0.006,2.331
18,3/8/2020 18:00,0.012,3.8016
19,3/8/2020 19:00,0.006,57.0702
20,3/8/2020 20:00,0.012,2.6598
21,3/8/2020 21:00,0.0,0.912
22,3/8/2020 22:00,0.0,0.591
23,3/8/2020 23:00,0.0,0.4179582
0,3/9/2020 0:00,0.0,0.2319768
1,3/9/2020 1:00,0.0,0.239976
2,3/9/2020 2:00,0.0,0.1459854
3,3/9/2020 3:00,0.0,0.546
4,3/9/2020 4:00,0.951,0.978
5,3/9/2020 5:00,1.611,0.441
6,3/9/2020 6:00,3.405,0.621
7,3/9/2020 7:00,4.119,0.144
8,3/9/2020 8:00,3.087,0.141
9,3/9/2020 9:00,2.079,0.195
10,3/9/2020 10:00,1.347,0.486
11,3/9/2020 11:00,0.468,0.489
12,3/9/2020 12:00,0.489,0.486
13,3/9/2020 13:00,0.141,0.252
14,3/9/2020 14:00,0.03,1.062
15,3/9/2020 15:00,0.015,4.965
16,3/9/2020 16:00,0.018,1.617
17,3/9/2020 17:00,0.009,0.99
18,3/9/2020 18:00,0.009,2.5674
19,3/9/2020 19:00,0.0,3.8676
20,3/9/2020 20:00,0.012,2.7522
21,3/9/2020 21:00,0.009,1.485
22,3/9/2020 22:00,0.012,0.645
23,3/9/2020 23:00,0.0,0.6079392
0,3/10/2020 0:00,0.0,0.4179582
1,3/10/2020 1:00,0.0,0.4239576
2,3/10/2020 2:00,0.0,0.4359564
3,3/10/2020 3:00,0.0,0.906
4,3/10/2020 4:00,0.879,3.41
5,3/10/2020 5:00,1.107,0.705
6,3/10/2020 6:00,1.635,1.149
7,3/10/2020 7:00,2.787,0.327
8,3/10/2020 8:00,2.511,0.171
9,3/10/2020 9:00,1.191,0.315
10,3/10/2020 10:00,0.825,0.564
11,3/10/2020 11:00,1.068,0.318
12,3/10/2020 12:00,0.606,1.968
13,3/10/2020 13:00,0.297,2.286
14,3/10/2020 14:00,0.042,2.118
15,3/10/2020 15:00,0.012,2.631
16,3/10/2020 16:00,0.006,2.625
17,3/10/2020 17:00,0.006,2.955
18,3/10/2020 18:00,0.015,7.4448
19,3/10/2020 19:00,0.0,6.4218
20,3/10/2020 20:00,0.009,2.9964
21,3/10/2020 21:00,0.003,0.519
22,3/10/2020 22:00,0.012,0.225
23,3/10/2020 23:00,0.0,0.1439856
0,3/11/2020 0:00,0.0,0.1379862
1,3/11/2020 1:00,0.0,0.2115
2,3/11/2020 2:00,0.0,0.1579842
3,3/11/2020 3:00,0.0,0.249
4,3/11/2020 4:00,0.489,0.621
5,3/11/2020 5:00,0.888,2.12
6,3/11/2020 6:00,0.57,0.702
7,3/11/2020 7:00,2.874,0.213
8,3/11/2020 8:00,0.975,0.252
9,3/11/2020 9:00,0.423,1.575
10,3/11/2020 10:00,0.693,0.501
11,3/11/2020 11:00,0.474,0.246
12,3/11/2020 12:00,0.294,1.008
13,3/11/2020 13:00,0.063,1.632
14,3/11/2020 14:00,0.051,1.695
15,3/11/2020 15:00,0.003,1.446
16,3/11/2020 16:00,0.015,6.039
17,3/11/2020 17:00,0.009,1.479
18,3/11/2020 18:00,0.009,3.4584
19,3/11/2020 19:00,0.009,4.2504
20,3/11/2020 20:00,0.0,0.0
21,3/11/2020 21:00,0.0,0.0
22,3/11/2020 22:00,0.0,0.0
23,3/11/2020 23:00,0.0,0.0
0,3/12/2020 0:00,0.0,0.0
1,3/12/2020 1:00,0.0,0.2919708
2,3/12/2020 2:00,0.0,0.1959804
3,3/12/2020 3:00,0.0,0.582
4,3/12/2020 4:00,0.009,0.528
5,3/12/2020 5:00,0.009,0.333
6,3/12/2020 6:00,0.012,0.219
7,3/12/2020 7:00,0.21,8.337
8,3/12/2020 8:00,0.336,0.984
9,3/12/2020 9:00,0.642,0.504
10,3/12/2020 10:00,0.744,0.255
11,3/12/2020 11:00,1.455,0.222
12,3/12/2020 12:00,1.347,0.471
13,3/12/2020 13:00,0.921,0.264
14,3/12/2020 14:00,0.945,1.833
15,3/12/2020 15:00,0.792,2.127
16,3/12/2020 16:00,0.456,1.848
17,3/12/2020 17:00,0.087,0.282
18,3/12/2020 18:00,0.015,1.188
19,3/12/2020 19:00,0.015,16.2096
20,3/12/2020 20:00,0.003,14.3022
21,3/12/2020 21:00,0.006,1.884
22,3/12/2020 22:00,0.0,1.914
23,3/12/2020 23:00,0.0,1.1538846
0,3/13/2020 0:00,0.0,1.009899
1,3/13/2020 1:00,0.0,0.3219678
2,3/13/2020 2:00,0.0,0.1339866
3,3/13/2020 3:00,0.0,0.348
4,3/13/2020 4:00,0.0,0.324
5,3/13/2020 5:00,0.006,0.342
6,3/13/2020 6:00,0.018,0.354
7,3/13/2020 7:00,0.012,1.005
8,3/13/2020 8:00,0.558,0.669
9,3/13/2020 9:00,1.239,0.372
10,3/13/2020 10:00,0.672,0.582
11,3/13/2020 11:00,1.884,0.309
12,3/13/2020 12:00,1.173,0.327
13,3/13/2020 13:00,1.218,0.582
14,3/13/2020 14:00,2.64,0.249
15,3/13/2020 15:00,0.984,0.348
16,3/13/2020 16:00,1.473,0.294
17,3/13/2020 17:00,0.285,0.237
18,3/13/2020 18:00,0.03,1.188
19,3/13/2020 19:00,0.021,22.3014
20,3/13/2020 20:00,0.015,2.9898
21,3/13/2020 21:00,0.015,1.536
22,3/13/2020 22:00,0.009,1.437
23,3/13/2020 23:00,0.0,1.4865
0,3/14/2020 0:00,0.0,6.0353964
1,3/14/2020 1:00,0.0,0.3319668
2,3/14/2020 2:00,0.0,0.3079692
3,3/14/2020 3:00,0.0,0.207
4,3/14/2020 4:00,0.009,0.189
5,3/14/2020 5:00,0.006,0.225
6,3/14/2020 6:00,0.015,0.477
7,3/14/2020 7:00,0.417,0.507
8,3/14/2020 8:00,1.161,6.993
9,3/14/2020 9:00,4.239,6.789
10,3/14/2020 10:00,5.844,0.387
11,3/14/2020 11:00,7.926,0.0
12,3/14/2020 12:00,7.512,0.0
13,3/14/2020 13:00,6.651,0.003
14,3/14/2020 14:00,5.049,0.045
15,3/14/2020 15:00,2.124,0.489
16,3/14/2020 16:00,1.203,0.519
17,3/14/2020 17:00,0.354,0.258
18,3/14/2020 18:00,0.045,3.7686
19,3/14/2020 19:00,0.015,3.663
20,3/14/2020 20:00,0.003,16.5132
21,3/14/2020 21:00,0.012,1.2
22,3/14/2020 22:00,0.012,1.539
23,3/14/2020 23:00,0.0,1.3695
0,3/15/2020 0:00,0.0,0.7939206
1,3/15/2020 1:00,0.0,0.7819218
2,3/15/2020 2:00,0.0,0.1379862
3,3/15/2020 3:00,0.0,0.192
4,3/15/2020 4:00,0.003,0.192
5,3/15/2020 5:00,0.012,0.225
6,3/15/2020 6:00,0.009,0.216
7,3/15/2020 7:00,0.129,1.527
8,3/15/2020 8:00,0.435,1.773
9,3/15/2020 9:00,0.645,0.645
10,3/15/2020 10:00,0.657,0.648
11,3/15/2020 11:00,0.816,0.678
12,3/15/2020 12:00,0.645,0.63
13,3/15/2020 13:00,1.686,0.873
14,3/15/2020 14:00,1.509,0.627
15,3/15/2020 15:00,2.016,0.591
16,3/15/2020 16:00,0.213,0.669
17,3/15/2020 17:00,0.129,0.678
18,3/15/2020 18:00,0.018,19.2654
19,3/15/2020 19:00,0.009,13.4376
20,3/15/2020 20:00,0.009,3.7224
21,3/15/2020 21:00,0.012,1.689
22,3/15/2020 22:00,0.015,1.86
23,3/15/2020 23:00,0.0,1.7745
0,3/16/2020 0:00,0.0,0.8679132
1,3/16/2020 1:00,0.0,0.3239676
2,3/16/2020 2:00,0.0,0.129987
3,3/16/2020 3:00,0.0,0.198
4,3/16/2020 4:00,0.0,0.597
5,3/16/2020 5:00,0.027,0.312
6,3/16/2020 6:00,0.0,0.3
7,3/16/2020 7:00,0.147,1.011
8,3/16/2020 8:00,0.447,2.22
9,3/16/2020 9:00,1.176,0.537
10,3/16/2020 10:00,7.665,0.0
11,3/16/2020 11:00,8.661,0.0
12,3/16/2020 12:00,7.308,0.282
13,3/16/2020 13:00,5.133,0.18
14,3/16/2020 14:00,6.147,0.135
15,3/16/2020 15:00,2.556,0.555
16,3/16/2020 16:00,1.308,0.387
17,3/16/2020 17:00,0.399,0.342
18,3/16/2020 18:00,0.042,1.9338
19,3/16/2020 19:00,0.015,14.289
20,3/16/2020 20:00,0.003,3.6828
21,3/16/2020 21:00,0.015,6.873
22,3/16/2020 22:00,0.012,1.569
23,3/16/2020 23:00,0.0,0.789921
0,3/17/2020 0:00,0.0,0.8859114
1,3/17/2020 1:00,0.0,0.6019398
2,3/17/2020 2:00,0.0,0.2139786
3,3/17/2020 3:00,0.0,0.285
4,3/17/2020 4:00,0.018,0.309
5,3/17/2020 5:00,0.009,0.654
6,3/17/2020 6:00,0.009,0.309
7,3/17/2020 7:00,0.015,3.291
8,3/17/2020 8:00,0.012,2.649
9,3/17/2020 9:00,0.252,2.646
10,3/17/2020 10:00,0.237,2.997
11,3/17/2020 11:00,0.456,0.948
12,3/17/2020 12:00,0.366,1.833
13,3/17/2020 13:00,0.315,3.744
14,3/17/2020 14:00,0.255,4.371
15,3/17/2020 15:00,0.27,3.39
16,3/17/2020 16:00,0.138,2.598
17,3/17/2020 17:00,0.084,2.556
18,3/17/2020 18:00,0.021,6.8046
19,3/17/2020 19:00,0.024,6.7716
20,3/17/2020 20:00,0.021,8.7648
21,3/17/2020 21:00,0.015,3.843
22,3/17/2020 22:00,0.003,3.372
23,3/17/2020 23:00,0.0,2.5937406
0,3/18/2020 0:00,0.0,3.2516748
1,3/18/2020 1:00,0.0,2.2018798
2,3/18/2020 2:00,0.0,0.8279172
3,3/18/2020 3:00,0.0,1.314
4,3/18/2020 4:00,0.009,1.02
5,3/18/2020 5:00,0.015,1.032
6,3/18/2020 6:00,0.018,1.044
7,3/18/2020 7:00,0.012,1.089
8,3/18/2020 8:00,0.249,7.86
9,3/18/2020 9:00,0.579,9.36
10,3/18/2020 10:00,0.621,1.335
11,3/18/2020 11:00,0.618,1.548
12,3/18/2020 12:00,0.645,9.654
13,3/18/2020 13:00,0.864,8.304
14,3/18/2020 14:00,0.939,2.379
15,3/18/2020 15:00,0.561,2.502
16,3/18/2020 16:00,0.252,3.336
17,3/18/2020 17:00,0.261,1.164
18,3/18/2020 18:00,0.027,1.7886
19,3/18/2020 19:00,0.006,13.9986
20,3/18/2020 20:00,0.012,4.4748
21,3/18/2020 21:00,0.006,2.142
22,3/18/2020 22:00,0.018,1.761
23,3/18/2020 23:00,0.0,0.9339066
0,3/19/2020 0:00,0.0,0.5959404
1,3/19/2020 1:00,0.0,0.3819618
2,3/19/2020 2:00,0.0,0.2139786
3,3/19/2020 3:00,0.0,0.219
4,3/19/2020 4:00,0.006,0.21
5,3/19/2020 5:00,0.015,0.576
6,3/19/2020 6:00,0.003,0.237
7,3/19/2020 7:00,0.603,0.693
8,3/19/2020 8:00,0.915,0.519
9,3/19/2020 9:00,1.545,0.537
10,3/19/2020 10:00,4.698,0.708
11,3/19/2020 11:00,2.976,0.396
12,3/19/2020 12:00,5.874,0.51
13,3/19/2020 13:00,3.126,25.23
14,3/19/2020 14:00,6.519,0.843
15,3/19/2020 15:00,4.068,0.441
16,3/19/2020 16:00,0.0,0.0
17,3/19/2020 17:00,0.0,0.0
18,3/19/2020 18:00,0.066,2.2902
19,3/19/2020 19:00,0.015,3.7422
20,3/19/2020 20:00,0.003,2.5278
21,3/19/2020 21:00,0.012,2.172
22,3/19/2020 22:00,0.012,1.152
23,3/19/2020 23:00,0.0,1.662
0,3/20/2020 0:00,0.0,0.689931
1,3/20/2020 1:00,0.0,0.3379662
2,3/20/2020 2:00,0.0,0.3259674
3,3/20/2020 3:00,0.0,0.528
4,3/20/2020 4:00,0.006,0.321
5,3/20/2020 5:00,0.003,0.225
6,3/20/2020 6:00,0.012,0.24
7,3/20/2020 7:00,0.525,0.87
8,3/20/2020 8:00,2.217,0.852
9,3/20/2020 9:00,5.889,0.273
10,3/20/2020 10:00,4.482,0.369
11,3/20/2020 11:00,3.591,0.105
12,3/20/2020 12:00,8.988,0.333
13,3/20/2020 13:00,3.48,0.102
14,3/20/2020 14:00,1.932,0.207
15,3/20/2020 15:00,4.962,0.024
16,3/20/2020 16:00,1.533,0.561
17,3/20/2020 17:00,0.417,1.227
18,3/20/2020 18:00,0.054,1.2474
19,3/20/2020 19:00,0.018,12.2496
20,3/20/2020 20:00,0.0,3.036
21,3/20/2020 21:00,0.006,1.494
22,3/20/2020 22:00,0.009,1.191
23,3/20/2020 23:00,0.0,1.3425
0,3/21/2020 0:00,0.0,0.6519348
1,3/21/2020 1:00,0.0,0.39996
2,3/21/2020 2:00,0.0,0.1359864
3,3/21/2020 3:00,0.0,0.225
4,3/21/2020 4:00,0.003,0.21
5,3/21/2020 5:00,0.0,0.324
6,3/21/2020 6:00,0.003,0.765
7,3/21/2020 7:00,0.924,0.516
8,3/21/2020 8:00,2.943,0.528
9,3/21/2020 9:00,4.824,0.726
10,3/21/2020 10:00,7.584,0.714
11,3/21/2020 11:00,8.112,0.0
12,3/21/2020 12:00,8.517,0.0
13,3/21/2020 13:00,7.461,0.123
14,3/21/2020 14:00,6.075,6.114
15,3/21/2020 15:00,3.633,0.198
16,3/21/2020 16:00,1.215,0.327
17,3/21/2020 17:00,0.345,0.243
18,3/21/2020 18:00,0.069,1.0494
19,3/21/2020 19:00,0.021,12.3948
20,3/21/2020 20:00,0.006,3.7422
21,3/21/2020 21:00,0.024,1.929
22,3/21/2020 22:00,0.0,1.188
23,3/21/2020 23:00,0.0,1.5585
0,3/22/2020 0:00,0.0,0.8959104
1,3/22/2020 1:00,0.0,0.3259674
2,3/22/2020 2:00,0.0,0.169983
3,3/22/2020 3:00,0.0,0.213
4,3/22/2020 4:00,0.021,0.324
5,3/22/2020 5:00,0.0,0.36
6,3/22/2020 6:00,0.012,0.246
7,3/22/2020 7:00,0.252,0.543
8,3/22/2020 8:00,2.082,0.741
9,3/22/2020 9:00,1.368,0.792
10,3/22/2020 10:00,8.31,0.192
11,3/22/2020 11:00,3.942,0.042
12,3/22/2020 12:00,7.749,0.0
13,3/22/2020 13:00,2.097,0.39
14,3/22/2020 14:00,1.647,0.186
15,3/22/2020 15:00,0.582,0.246
16,3/22/2020 16:00,0.447,0.306
17,3/22/2020 17:00,0.252,0.594
18,3/22/2020 18:00,0.081,1.056
19,3/22/2020 19:00,0.003,4.983
20,3/22/2020 20:00,0.0,2.0988
21,3/22/2020 21:00,0.012,1.419
22,3/22/2020 22:00,0.018,1.068
23,3/22/2020 23:00,0.0,1.2435
0,3/23/2020 0:00,0.0,0.2319768
1,3/23/2020 1:00,0.0,0.1859814
2,3/23/2020 2:00,0.0,0.3135
3,3/23/2020 3:00,0.0,0.717
4,3/23/2020 4:00,0.006,0.489
5,3/23/2020 5:00,0.012,0.582
6,3/23/2020 6:00,0.0,0.492
7,3/23/2020 7:00,0.168,1.359
8,3/23/2020 8:00,0.48,1.131
9,3/23/2020 9:00,0.693,22.815
10,3/23/2020 10:00,3.102,2.115
11,3/23/2020 11:00,6.306,0.078
12,3/23/2020 12:00,8.742,0.0
13,3/23/2020 13:00,7.899,0.0
14,3/23/2020 14:00,1.683,6.963
15,3/23/2020 15:00,2.967,0.552
16,3/23/2020 16:00,0.75,0.645
17,3/23/2020 17:00,0.315,0.435
18,3/23/2020 18:00,0.117,35.2572
19,3/23/2020 19:00,0.033,3.6894
20,3/23/2020 20:00,0.015,1.2672
21,3/23/2020 21:00,0.018,0.669
22,3/23/2020 22:00,0.021,1.281
23,3/23/2020 23:00,0.0,0.9179082
0,3/24/2020 0:00,0.0,0.8839116
1,3/24/2020 1:00,0.0,0.1559844
2,3/24/2020 2:00,0.0,0.389961
3,3/24/2020 3:00,0.0,0.561
4,3/24/2020 4:00,0.009,0.198
5,3/24/2020 5:00,0.0,0.222
6,3/24/2020 6:00,0.0,0.237
7,3/24/2020 7:00,0.105,0.507
8,3/24/2020 8:00,0.564,0.594
9,3/24/2020 9:00,0.828,1.098
10,3/24/2020 10:00,1.071,0.243
11,3/24/2020 11:00,1.983,2.082
12,3/24/2020 12:00,2.793,2.037
13,3/24/2020 13:00,4.065,1.83
14,3/24/2020 14:00,1.92,2.001
15,3/24/2020 15:00,1.791,2.055
16,3/24/2020 16:00,0.972,0.207
17,3/24/2020 17:00,0.39,0.264
18,3/24/2020 18:00,0.084,0.6072
19,3/24/2020 19:00,0.009,2.3958
20,3/24/2020 20:00,0.0,4.0656
21,3/24/2020 21:00,0.006,2.094
22,3/24/2020 22:00,0.027,1.806
23,3/24/2020 23:00,0.0,1.95
0,3/25/2020 0:00,0.0,3.486318
1,3/25/2020 1:00,0.0,0.319968
2,3/25/2020 2:00,0.0,0.2039796
3,3/25/2020 3:00,0.0,0.609
4,3/25/2020 4:00,0.027,0.228
5,3/25/2020 5:00,0.009,0.219
6,3/25/2020 6:00,0.009,0.21
7,3/25/2020 7:00,0.135,1.155
8,3/25/2020 8:00,0.741,1.239
9,3/25/2020 9:00,1.14,0.246
10,3/25/2020 10:00,1.563,21.846
11,3/25/2020 11:00,1.422,0.213
12,3/25/2020 12:00,2.022,2.466
13,3/25/2020 13:00,2.664,1.08
14,3/25/2020 14:00,2.571,1.401
15,3/25/2020 15:00,2.979,0.495
16,3/25/2020 16:00,0.489,1.017
17,3/25/2020 17:00,0.624,0.294
18,3/25/2020 18:00,0.111,4.5012
19,3/25/2020 19:00,0.018,31.7922
20,3/25/2020 20:00,0.018,4.224
21,3/25/2020 21:00,0.0,1.413
22,3/25/2020 22:00,0.0,1.812
23,3/25/2020 23:00,0.0,0.6839316
0,3/26/2020 0:00,0.0,0.4219578
1,3/26/2020 1:00,0.0,0.4039596
2,3/26/2020 2:00,0.0,0.1839816
3,3/26/2020 3:00,0.0,0.273
4,3/26/2020 4:00,0.012,0.567
5,3/26/2020 5:00,0.0,0.306
6,3/26/2020 6:00,0.012,0.654
7,3/26/2020 7:00,0.606,0.918
8,3/26/2020 8:00,1.635,0.54
9,3/26/2020 9:00,5.757,0.159
10,3/26/2020 10:00,7.512,0.0
11,3/26/2020 11:00,1.209,0.669
12,3/26/2020 12:00,9.216,0.009
13,3/26/2020 13:00,8.961,0.321
14,3/26/2020 14:00,7.44,0.132
15,3/26/2020 15:00,1.83,0.342
16,3/26/2020 16:00,2.34,0.291
17,3/26/2020 17:00,0.411,0.864
18,3/26/2020 18:00,0.078,3.6102
19,3/26/2020 19:00,0.006,3.1614
20,3/26/2020 20:00,0.003,2.5938
21,3/26/2020 21:00,0.006,1.86
22,3/26/2020 22:00,0.006,25.155
23,3/26/2020 23:00,0.0,0.7319268
0,3/27/2020 0:00,0.0,0.4119588
1,3/27/2020 1:00,0.0,0.3059694
2,3/27/2020 2:00,0.0,0.139986
3,3/27/2020 3:00,0.0,0.198
4,3/27/2020 4:00,0.003,0.507
5,3/27/2020 5:00,0.003,0.567
6,3/27/2020 6:00,0.018,0.507
7,3/27/2020 7:00,0.291,1.269
8,3/27/2020 8:00,0.777,1.068
9,3/27/2020 9:00,1.587,0.3
10,3/27/2020 10:00,1.005,0.657
11,3/27/2020 11:00,0.867,7.419
12,3/27/2020 12:00,0.873,2.091
13,3/27/2020 13:00,1.611,1.614
14,3/27/2020 14:00,1.662,1.704
15,3/27/2020 15:00,1.131,2.121
16,3/27/2020 16:00,1.89,1.929
17,3/27/2020 17:00,0.183,8.028
18,3/27/2020 18:00,0.018,11.6424
19,3/27/2020 19:00,0.0,2.7324
20,3/27/2020 20:00,0.021,6.6264
21,3/27/2020 21:00,0.003,3.429
22,3/27/2020 22:00,0.0,26.748
23,3/27/2020 23:00,0.0,1.7958204
0,3/28/2020 0:00,0.0,0.349965
1,3/28/2020 1:00,0.0,0.3359664
2,3/28/2020 2:00,0.0,0.1439856
3,3/28/2020 3:00,0.0,0.285
4,3/28/2020 4:00,0.027,0.366
5,3/28/2020 5:00,0.006,0.507
6,3/28/2020 6:00,0.003,0.747
7,3/28/2020 7:00,0.237,0.984
8,3/28/2020 8:00,0.282,0.831
9,3/28/2020 9:00,0.663,3.516
10,3/28/2020 10:00,0.648,0.471
11,3/28/2020 11:00,0.804,0.426
12,3/28/2020 12:00,0.822,21.618
13,3/28/2020 13:00,0.858,0.678
14,3/28/2020 14:00,0.99,0.852
15,3/28/2020 15:00,1.395,0.24
16,3/28/2020 16:00,1.995,0.186
17,3/28/2020 17:00,0.498,0.513
18,3/28/2020 18:00,0.165,8.613
19,3/28/2020 19:00,0.015,4.3428
20,3/28/2020 20:00,0.024,4.9302
21,3/28/2020 21:00,0.015,2.901
22,3/28/2020 22:00,0.012,33.513
23,3/28/2020 23:00,0.0,1.1458854
0,3/29/2020 0:00,0.0,0.669933
1,3/29/2020 1:00,0.0,0.1939806
2,3/29/2020 2:00,0.0,0.189981
3,3/29/2020 3:00,0.0,0.621
4,3/29/2020 4:00,0.0,0.396
5,3/29/2020 5:00,0.012,0.237
6,3/29/2020 6:00,0.237,10.485
7,3/29/2020 7:00,0.825,10.197
8,3/29/2020 8:00,1.542,0.831
9,3/29/2020 9:00,6.15,0.057
10,3/29/2020 10:00,3.042,0.591
11,3/29/2020 11:00,9.03,0.207
12,3/29/2020 12:00,3.987,0.786
13,3/29/2020 13:00,5.247,0.615
14,3/29/2020 14:00,3.528,0.381
15,3/29/2020 15:00,1.77,0.891
16,3/29/2020 16:00,0.375,1.113
17,3/29/2020 17:00,0.147,1.251
18,3/29/2020 18:00,0.15,14.355
19,3/29/2020 19:00,0.012,3.9666
20,3/29/2020 20:00,0.021,3.7554
21,3/29/2020 21:00,0.009,1.62
22,3/29/2020 22:00,0.018,33.651
23,3/29/2020 23:00,0.0,0.9819018
0,3/30/2020 0:00,0.0,6.1433856
1,3/30/2020 1:00,0.0,0.1639836
2,3/30/2020 2:00,0.0,0.3079692
3,3/30/2020 3:00,0.0,0.318
4,3/30/2020 4:00,0.015,0.507
5,3/30/2020 5:00,0.015,0.243
6,3/30/2020 6:00,0.018,0.252
7,3/30/2020 7:00,1.287,0.363
8,3/30/2020 8:00,1.686,5.334
9,3/30/2020 9:00,2.835,5.409
10,3/30/2020 10:00,1.8,0.456
11,3/30/2020 11:00,1.836,0.192
12,3/30/2020 12:00,1.938,4.605
13,3/30/2020 13:00,0.768,8.604
14,3/30/2020 14:00,0.309,1.017
15,3/30/2020 15:00,0.435,0.927
16,3/30/2020 16:00,0.186,2.448
17,3/30/2020 17:00,0.15,7.848
18,3/30/2020 18:00,0.057,22.9548
19,3/30/2020 19:00,0.009,2.5476
20,3/30/2020 20:00,0.0,3.1218
21,3/30/2020 21:00,0.009,1.554
22,3/30/2020 22:00,0.018,1.8
23,3/30/2020 23:00,0.0,0.6319368
0,3/31/2020 0:00,0.0,0.7739226
1,3/31/2020 1:00,0.0,0.819918
2,3/31/2020 2:00,0.0,0.2539746
3,3/31/2020 3:00,0.0,0.456
4,3/31/2020 4:00,0.009,0.24
5,3/31/2020 5:00,0.018,0.753
6,3/31/2020 6:00,0.009,0.597
7,3/31/2020 7:00,0.546,0.633
8,3/31/2020 8:00,1.056,7.185
9,3/31/2020 9:00,2.799,1.491
10,3/31/2020 10:00,2.598,1.248
11,3/31/2020 11:00,2.64,25.227
12,3/31/2020 12:00,1.437,0.777
13,3/31/2020 13:00,1.026,0.54
14,3/31/2020 14:00,1.242,0.786
15,3/31/2020 15:00,0.684,0.777
16,3/31/2020 16:00,0.105,1.77
17,3/31/2020 17:00,0.297,9.72
18,3/31/2020 18:00,0.36,2.673
19,3/31/2020 19:00,0.003,2.1714
20,3/31/2020 20:00,0.015,10.5468
21,3/31/2020 21:00,0.009,1.491
22,3/31/2020 22:00,0.006,1.578
23,3/31/2020 23:00,0.0,1.0118988
0,4/1/2020 0:00,0.0,0.8019198
1,4/1/2020 1:00,0.0,0.6159384
2,4/1/2020 2:00,0.0,0.3739626
3,4/1/2020 3:00,0.0,0.228
4,4/1/2020 4:00,0.003,0.354
5,4/1/2020 5:00,0.0,0.249
6,4/1/2020 6:00,0.339,0.624
7,4/1/2020 7:00,0.426,0.624
8,4/1/2020 8:00,0.417,7.728
9,4/1/2020 9:00,0.762,0.741
10,4/1/2020 10:00,0.873,0.345
11,4/1/2020 11:00,0.909,5.871
12,4/1/2020 12:00,1.608,8.25
13,4/1/2020 13:00,2.382,0.75
14,4/1/2020 14:00,0.591,2.007
15,4/1/2020 15:00,1.446,2.487
16,4/1/2020 16:00,1.104,3.138
17,4/1/2020 17:00,0.297,1.539
18,4/1/2020 18:00,0.063,4.9764
19,4/1/2020 19:00,0.0,3.498
20,4/1/2020 20:00,0.0,2.8314
21,4/1/2020 21:00,0.009,1.569
22,4/1/2020 22:00,0.006,9.813
23,4/1/2020 23:00,0.0,0.729927
0,4/2/2020 0:00,0.0,0.6919308
1,4/2/2020 1:00,0.0,0.3979602
2,4/2/2020 2:00,0.0,0.1419858
3,4/2/2020 3:00,0.0,0.312
4,4/2/2020 4:00,0.006,0.489
5,4/2/2020 5:00,0.0,0.222
6,4/2/2020 6:00,0.0,0.6
7,4/2/2020 7:00,0.228,1.932
8,4/2/2020 8:00,0.513,0.669
9,4/2/2020 9:00,1.275,0.39
10,4/2/2020 10:00,2.193,2.28
11,4/2/2020 11:00,4.017,27.381
12,4/2/2020 12:00,3.552,2.208
13,4/2/2020 13:00,1.737,2.397
14,4/2/2020 14:00,1.521,2.529
15,4/2/2020 15:00,1.077,7.884
16,4/2/2020 16:00,0.573,6.06
17,4/2/2020 17:00,0.18,4.242
18,4/2/2020 18:00,0.084,57.4398
19,4/2/2020 19:00,0.009,3.5772
20,4/2/2020 20:00,0.0,3.201
21,4/2/2020 21:00,0.015,1.311
22,4/2/2020 22:00,0.009,1.473
23,4/2/2020 23:00,0.0,0.7039296
0,4/3/2020 0:00,0.0,0.7519248
1,4/3/2020 1:00,0.0,0.3339666
2,4/3/2020 2:00,0.0,0.2039796
3,4/3/2020 3:00,0.0,0.351
4,4/3/2020 4:00,0.0,0.207
5,4/3/2020 5:00,0.024,0.354
6,4/3/2020 6:00,0.009,0.504
7,4/3/2020 7:00,0.441,0.717
8,4/3/2020 8:00,2.667,0.252
9,4/3/2020 9:00,0.828,0.432
10,4/3/2020 10:00,2.127,1.404
11,4/3/2020 11:00,1.578,0.657
12,4/3/2020 12:00,4.485,31.692
13,4/3/2020 13:00,1.764,0.603
14,4/3/2020 14:00,2.802,0.909
15,4/3/2020 15:00,3.594,4.008
16,4/3/2020 16:00,1.095,0.288
17,4/3/2020 17:00,0.588,0.579
18,4/3/2020 18:00,0.153,2.1714
19,4/3/2020 19:00,0.0,4.9764
20,4/3/2020 20:00,0.012,13.8006
21,4/3/2020 21:00,0.0,4.494
22,4/3/2020 22:00,0.012,5.367
23,4/3/2020 23:00,0.0,0.9059094
0,4/4/2020 0:00,0.0,0.9679032
1,4/4/2020 1:00,0.0,0.1539846
2,4/4/2020 2:00,0.0,0.19998
3,4/4/2020 3:00,0.0,0.462
4,4/4/2020 4:00,0.006,0.462
5,4/4/2020 5:00,0.015,0.324
6,4/4/2020 6:00,0.606,0.228
7,4/4/2020 7:00,1.437,24.711
8,4/4/2020 8:00,0.975,0.597
9,4/4/2020 9:00,3.315,0.363
10,4/4/2020 10:00,2.655,0.183
11,4/4/2020 11:00,9.03,0.0
12,4/4/2020 12:00,6.342,25.455
13,4/4/2020 13:00,3.36,0.45
14,4/4/2020 14:00,8.055,0.168
15,4/4/2020 15:00,2.721,0.27
16,4/4/2020 16:00,2.214,4.716
17,4/4/2020 17:00,0.567,5.13
18,4/4/2020 18:00,0.099,2.0922
19,4/4/2020 19:00,0.036,3.8016
20,4/4/2020 20:00,0.012,3.1284
21,4/4/2020 21:00,0.006,2.331
22,4/4/2020 22:00,0.009,7.875
23,4/4/2020 23:00,0.0,0.7979202
0,4/5/2020 0:00,0.0,0.3939606
1,4/5/2020 1:00,0.0,0.389961
2,4/5/2020 2:00,0.0,0.1359864
3,4/5/2020 3:00,0.0,0.306
4,4/5/2020 4:00,0.009,1.209
5,4/5/2020 5:00,0.021,0.606
6,4/5/2020 6:00,0.3,0.513
7,4/5/2020 7:00,1.563,0.441
8,4/5/2020 8:00,2.04,0.543
9,4/5/2020 9:00,7.131,0.003
10,4/5/2020 10:00,8.937,0.006
11,4/5/2020 11:00,8.949,0.105
12,4/5/2020 12:00,8.721,0.702
13,4/5/2020 13:00,7.878,0.105
14,4/5/2020 14:00,5.817,0.207
15,4/5/2020 15:00,4.152,0.429
16,4/5/2020 16:00,1.803,1.299
17,4/5/2020 17:00,0.771,1.089
18,4/5/2020 18:00,0.225,1.7886
19,4/5/2020 19:00,0.033,2.376
20,4/5/2020 20:00,0.012,3.2802
21,4/5/2020 21:00,0.009,1.191
22,4/5/2020 22:00,0.003,1.2
23,4/5/2020 23:00,0.0,0.5819418
0,4/6/2020 0:00,0.0,0.8459154
1,4/6/2020 1:00,0.0,0.249975
2,4/6/2020 2:00,0.0,0.139986
3,4/6/2020 3:00,0.0,0.498
4,4/6/2020 4:00,0.012,0.579
5,4/6/2020 5:00,0.009,0.237
6,4/6/2020 6:00,0.66,0.504
7,4/6/2020 7:00,1.602,0.579
8,4/6/2020 8:00,3.81,0.381
9,4/6/2020 9:00,3.75,6.243
10,4/6/2020 10:00,4.116,0.264
11,4/6/2020 11:00,5.307,0.765
12,4/6/2020 12:00,3.132,0.804
13,4/6/2020 13:00,3.873,3.585
14,4/6/2020 14:00,4.632,0.03
15,4/6/2020 15:00,3.054,0.648
16,4/6/2020 16:00,1.488,5.682
17,4/6/2020 17:00,0.72,5.859
18,4/6/2020 18:00,0.231,1.9932
19,4/6/2020 19:00,0.036,2.475
20,4/6/2020 20:00,0.0,2.0988
21,4/6/2020 21:00,0.006,1.578
22,4/6/2020 22:00,0.009,1.953
23,4/6/2020 23:00,0.0,0.9019098
0,4/7/2020 0:00,0.0,0.5179482
1,4/7/2020 1:00,0.0,0.1379862
2,4/7/2020 2:00,0.0,0.139986
3,4/7/2020 3:00,0.0,0.309
4,4/7/2020 4:00,0.006,0.471
5,4/7/2020 5:00,0.006,0.228
6,4/7/2020 6:00,0.312,0.345
7,4/7/2020 7:00,0.201,0.819
8,4/7/2020 8:00,0.606,0.858
9,4/7/2020 9:00,1.464,1.182
10,4/7/2020 10:00,1.908,0.36
11,4/7/2020 11:00,4.563,0.312
12,4/7/2020 12:00,3.426,0.516
13,4/7/2020 13:00,3.546,0.996
14,4/7/2020 14:00,2.322,0.855
15,4/7/2020 15:00,4.362,0.339
16,4/7/2020 16:00,1.398,0.339
17,4/7/2020 17:00,0.774,1.05
18,4/7/2020 18:00,0.216,2.739
19,4/7/2020 19:00,0.039,13.4772
20,4/7/2020 20:00,0.027,9.669
21,4/7/2020 21:00,0.009,1.521
22,4/7/2020 22:00,0.009,1.383
23,4/7/2020 23:00,0.0,0.8239176
0,4/8/2020 0:00,0.0,0.4919508
1,4/8/2020 1:00,0.0,0.659934
2,4/8/2020 2:00,0.0,0.3219678
3,4/8/2020 3:00,0.0,0.252
4,4/8/2020 4:00,0.009,0.36
5,4/8/2020 5:00,0.018,0.285
6,4/8/2020 6:00,0.132,0.579
7,4/8/2020 7:00,0.144,10.614
8,4/8/2020 8:00,0.441,6.114
9,4/8/2020 9:00,0.597,0.717
10,4/8/2020 10:00,0.42,0.798
11,4/8/2020 11:00,0.804,1.68
12,4/8/2020 12:00,3.789,17.46
13,4/8/2020 13:00,1.698,3.678
14,4/8/2020 14:00,0.993,3.015
15,4/8/2020 15:00,1.623,1.08
16,4/8/2020 16:00,0.915,1.947
17,4/8/2020 17:00,0.438,1.938
18,4/8/2020 18:00,0.18,1.9866
19,4/8/2020 19:00,0.027,24.585
20,4/8/2020 20:00,0.0,7.7088
21,4/8/2020 21:00,0.006,3.426
22,4/8/2020 22:00,0.003,2.256
23,4/8/2020 23:00,0.0,1.0258974
0,4/9/2020 0:00,0.0,0.4719528
1,4/9/2020 1:00,0.0,0.3339666
2,4/9/2020 2:00,0.0,0.139986
3,4/9/2020 3:00,0.0,0.306
4,4/9/2020 4:00,0.012,0.486
5,4/9/2020 5:00,0.012,0.6
6,4/9/2020 6:00,0.006,1.194
7,4/9/2020 7:00,0.231,1.356
8,4/9/2020 8:00,0.411,0.369
9,4/9/2020 9:00,1.086,0.225
10,4/9/2020 10:00,0.396,0.276
11,4/9/2020 11:00,1.149,0.819
12,4/9/2020 12:00,1.284,0.495
13,4/9/2020 13:00,1.023,0.237
14,4/9/2020 14:00,1.095,0.246
15,4/9/2020 15:00,1.365,0.483
16,4/9/2020 16:00,0.555,0.582
17,4/9/2020 17:00,0.315,0.639
18,4/9/2020 18:00,0.087,2.2374
19,4/9/2020 19:00,0.042,13.464
20,4/9/2020 20:00,0.018,2.3958
21,4/9/2020 21:00,0.012,1.785
22,4/9/2020 22:00,0.012,1.713
23,4/9/2020 23:00,0.0,1.1278872
0,4/10/2020 0:00,0.0,1.09989
1,4/10/2020 1:00,0.0,0.5439456
2,4/10/2020 2:00,0.0,0.2279772
3,4/10/2020 3:00,0.0,0.21
4,4/10/2020 4:00,0.024,0.237
5,4/10/2020 5:00,0.009,0.597
6,4/10/2020 6:00,0.0,0.597
7,4/10/2020 7:00,0.336,0.54
8,4/10/2020 8:00,0.45,0.249
9,4/10/2020 9:00,0.414,0.483
10,4/10/2020 10:00,2.391,24.783
11,4/10/2020 11:00,2.142,0.243
12,4/10/2020 12:00,2.049,23.907
13,4/10/2020 13:00,2.205,0.459
14,4/10/2020 14:00,1.986,0.873
15,4/10/2020 15:00,4.044,0.537
16,4/10/2020 16:00,2.358,0.432
17,4/10/2020 17:00,0.924,0.687
18,4/10/2020 18:00,0.273,13.4772
19,4/10/2020 19:00,0.027,3.6762
20,4/10/2020 20:00,0.012,2.4816
21,4/10/2020 21:00,0.018,1.131
22,4/10/2020 22:00,0.006,1.416
23,4/10/2020 23:00,0.0,0.8139186
0,4/11/2020 0:00,0.0,0.7939206
1,4/11/2020 1:00,0.0,0.7539246
2,4/11/2020 2:00,0.0,0.3079692
3,4/11/2020 3:00,0.0,0.309
4,4/11/2020 4:00,0.018,0.357
5,4/11/2020 5:00,0.018,0.246
6,4/11/2020 6:00,0.417,0.549
7,4/11/2020 7:00,0.375,0.9
8,4/11/2020 8:00,0.561,0.621
9,4/11/2020 9:00,0.981,24.498
10,4/11/2020 10:00,0.681,0.276
11,4/11/2020 11:00,1.347,0.264
12,4/11/2020 12:00,1.335,0.678
13,4/11/2020 13:00,1.215,0.459
14,4/11/2020 14:00,1.005,0.231
15,4/11/2020 15:00,0.597,0.249
16,4/11/2020 16:00,0.81,0.369
17,4/11/2020 17:00,0.219,1.098
18,4/11/2020 18:00,0.12,1.617
19,4/11/2020 19:00,0.03,1.0164
20,4/11/2020 20:00,0.006,1.1286
21,4/11/2020 21:00,0.0,0.801
22,4/11/2020 22:00,0.009,1.455
23,4/11/2020 23:00,0.0,0.8419158
0,4/12/2020 0:00,0.0,0.8639136
1,4/12/2020 1:00,0.0,0.359964
2,4/12/2020 2:00,0.0,0.3739626
3,4/12/2020 3:00,0.0,0.288
4,4/12/2020 4:00,0.006,0.3
5,4/12/2020 5:00,0.015,0.423
6,4/12/2020 6:00,0.009,0.525
7,4/12/2020 7:00,0.402,0.882
8,4/12/2020 8:00,0.654,0.624
9,4/12/2020 9:00,1.023,24.84
10,4/12/2020 10:00,1.146,0.759
11,4/12/2020 11:00,1.302,22.506
12,4/12/2020 12:00,1.782,0.645
13,4/12/2020 13:00,1.284,0.492
14,4/12/2020 14:00,0.813,0.561
15,4/12/2020 15:00,0.765,0.438
16,4/12/2020 16:00,0.411,0.408
17,4/12/2020 17:00,0.696,1.125
18,4/12/2020 18:00,0.195,2.2044
19,4/12/2020 19:00,0.021,1.2144
20,4/12/2020 20:00,0.0,0.6666
21,4/12/2020 21:00,0.006,0.303
22,4/12/2020 22:00,0.006,0.663
23,4/12/2020 23:00,0.0,0.483
0,4/13/2020 0:00,0.0,0.708
1,4/13/2020 1:00,0.0,0.5539446
2,4/13/2020 2:00,0.0,0.3979602
3,4/13/2020 3:00,0.0,0.45
4,4/13/2020 4:00,0.012,0.225
5,4/13/2020 5:00,0.006,0.225
6,4/13/2020 6:00,0.237,0.651
7,4/13/2020 7:00,0.36,0.594
8,4/13/2020 8:00,0.633,0.516
9,4/13/2020 9:00,1.563,0.447
10,4/13/2020 10:00,1.494,0.333
11,4/13/2020 11:00,1.752,0.318
12,4/13/2020 12:00,1.413,0.207
13,4/13/2020 13:00,1.449,0.252
14,4/13/2020 14:00,1.407,0.597
15,4/13/2020 15:00,1.77,0.324
16,4/13/2020 16:00,0.849,0.249
17,4/13/2020 17:00,0.201,0.549
18,4/13/2020 18:00,0.117,1.6896
19,4/13/2020 19:00,0.039,1.5576
20,4/13/2020 20:00,0.0,0.6666
21,4/13/2020 21:00,0.015,0.306
22,4/13/2020 22:00,0.006,0.312
23,4/13/2020 23:00,0.0,0.309
0,4/14/2020 0:00,0.0,0.582
1,4/14/2020 1:00,0.0,0.479952
2,4/14/2020 2:00,0.0,0.1519848
3,4/14/2020 3:00,0.0,0.333
4,4/14/2020 4:00,0.012,0.588
5,4/14/2020 5:00,0.006,0.216
6,4/14/2020 6:00,0.21,0.234
7,4/14/2020 7:00,0.75,0.618
8,4/14/2020 8:00,3.057,0.762
9,4/14/2020 9:00,5.727,0.327
10,4/14/2020 10:00,5.952,0.264
11,4/14/2020 11:00,2.586,0.219
12,4/14/2020 12:00,3.225,0.327
13,4/14/2020 13:00,4.056,25.161
14,4/14/2020 14:00,6.405,0.108
15,4/14/2020 15:00,4.224,0.177
16,4/14/2020 16:00,2.334,0.369
17,4/14/2020 17:00,1.443,0.828
18,4/14/2020 18:00,0.48,2.5806
19,4/14/2020 19:00,0.024,2.6004
20,4/14/2020 20:00,0.009,2.9238
21,4/14/2020 21:00,0.006,1.032
22,4/14/2020 22:00,0.0,25.683
23,4/14/2020 23:00,0.0,5.5474452
0,4/15/2020 0:00,0.0,0.7939206
1,4/15/2020 1:00,0.0,0.2020798
2,4/15/2020 2:00,0.0,0.379962
3,4/15/2020 3:00,0.0,0.21
4,4/15/2020 4:00,0.003,0.225
5,4/15/2020 5:00,0.009,0.495
6,4/15/2020 6:00,0.216,0.924
7,4/15/2020 7:00,0.492,2.574
8,4/15/2020 8:00,1.119,2.349
9,4/15/2020 9:00,1.041,1.944
10,4/15/2020 10:00,1.857,2.217
11,4/15/2020 11:00,2.157,7.572
12,4/15/2020 12:00,4.263,9.288
13,4/15/2020 13:00,1.947,0.231
14,4/15/2020 14:00,2.529,0.528
15,4/15/2020 15:00,2.493,0.327
16,4/15/2020 16:00,1.575,0.456
17,4/15/2020 17:00,0.837,1.521
18,4/15/2020 18:00,0.066,2.7786
19,4/15/2020 19:00,0.054,2.4024
20,4/15/2020 20:00,0.003,6.6066
21,4/15/2020 21:00,0.006,1.488
22,4/15/2020 22:00,0.018,26.328
23,4/15/2020 23:00,0.0,0.8819118
0,4/16/2020 0:00,0.0,0.6519348
1,4/16/2020 1:00,0.0,0.1379862
2,4/16/2020 2:00,0.0,0.1959804
3,4/16/2020 3:00,0.0,0.558
4,4/16/2020 4:00,0.003,0.231
5,4/16/2020 5:00,0.021,0.231
6,4/16/2020 6:00,1.083,0.486
7,4/16/2020 7:00,2.517,1.311
8,4/16/2020 8:00,5.865,0.294
9,4/16/2020 9:00,7.734,0.0
10,4/16/2020 10:00,1.392,0.21
11,4/16/2020 11:00,2.325,0.501
12,4/16/2020 12:00,1.566,0.417
13,4/16/2020 13:00,3.639,0.642
14,4/16/2020 14:00,1.26,0.456
15,4/16/2020 15:00,1.521,0.57
16,4/16/2020 16:00,1.455,0.345
17,4/16/2020 17:00,0.666,0.849
18,4/16/2020 18:00,0.264,10.329
19,4/16/2020 19:00,0.024,3.6696
20,4/16/2020 20:00,0.024,3.5376
21,4/16/2020 21:00,0.006,1.743
22,4/16/2020 22:00,0.012,32.571
23,4/16/2020 23:00,0.0,0.689931
0,4/17/2020 0:00,0.0,0.2419758
1,4/17/2020 1:00,0.0,0.3219678
2,4/17/2020 2:00,0.0,0.2919708
3,4/17/2020 3:00,0.0,0.288
4,4/17/2020 4:00,0.012,0.354
5,4/17/2020 5:00,0.018,0.234
6,4/17/2020 6:00,0.681,4.986
7,4/17/2020 7:00,1.26,0.885
8,4/17/2020 8:00,3.846,0.252
9,4/17/2020 9:00,5.376,0.0
10,4/17/2020 10:00,4.248,0.345
11,4/17/2020 11:00,3.816,0.186
12,4/17/2020 12:00,4.143,0.156
13,4/17/2020 13:00,6.195,0.0
14,4/17/2020 14:00,5.232,0.3
15,4/17/2020 15:00,2.328,1.098
16,4/17/2020 16:00,2.193,5.796
17,4/17/2020 17:00,0.615,0.834
18,4/17/2020 18:00,0.231,1.2144
19,4/17/2020 19:00,0.009,17.3118
20,4/17/2020 20:00,0.012,7.3788
21,4/17/2020 21:00,0.006,1.599
22,4/17/2020 22:00,0.006,25.362
23,4/17/2020 23:00,0.0,13.4805
0,4/18/2020 0:00,0.0,1.119888
1,4/18/2020 1:00,13.05,0.3159684
2,4/18/2020 2:00,0.0,0.1659834
3,4/18/2020 3:00,0.0,0.195
4,4/18/2020 4:00,0.006,0.336
5,4/18/2020 5:00,0.018,0.252
6,4/18/2020 6:00,0.987,0.588
7,4/18/2020 7:00,2.916,5.571
8,4/18/2020 8:00,4.983,0.879
9,4/18/2020 9:00,6.534,0.708
10,4/18/2020 10:00,7.587,0.321
11,4/18/2020 11:00,8.415,0.243
12,4/18/2020 12:00,8.106,0.456
13,4/18/2020 13:00,7.413,0.654
14,4/18/2020 14:00,6.048,0.375
15,4/18/2020 15:00,4.101,0.51
16,4/18/2020 16:00,1.812,0.69
17,4/18/2020 17:00,0.453,1.017
18,4/18/2020 18:00,0.267,30.3204
19,4/18/2020 19:00,0.057,1.9074
20,4/18/2020 20:00,0.0,3.2406
21,4/18/2020 21:00,0.003,1.533
22,4/18/2020 22:00,0.006,26.187
23,4/18/2020 23:00,0.0,0.9379062
0,4/19/2020 0:00,0.0,0.3859614
1,4/19/2020 1:00,0.0,0.2259774
2,4/19/2020 2:00,0.0,0.1539846
3,4/19/2020 3:00,0.0,0.483
4,4/19/2020 4:00,0.012,0.324
5,4/19/2020 5:00,0.003,0.339
6,4/19/2020 6:00,0.648,0.474
7,4/19/2020 7:00,3.096,0.885
8,4/19/2020 8:00,5.103,0.381
9,4/19/2020 9:00,6.564,0.516
10,4/19/2020 10:00,7.65,0.192
11,4/19/2020 11:00,8.307,0.0
12,4/19/2020 12:00,8.043,0.0
13,4/19/2020 13:00,7.494,0.363
14,4/19/2020 14:00,5.976,0.225
15,4/19/2020 15:00,4.122,0.045
16,4/19/2020 16:00,1.875,0.501
17,4/19/2020 17:00,0.429,0.345
18,4/19/2020 18:00,0.243,0.5742
19,4/19/2020 19:00,0.039,5.1744
20,4/19/2020 20:00,0.0,5.3526
21,4/19/2020 21:00,0.021,1.125
22,4/19/2020 22:00,0.015,25.596
23,4/19/2020 23:00,0.0,1.5238476
0,4/20/2020 0:00,0.0,0.4039596
1,4/20/2020 1:00,0.0,0.1259874
2,4/20/2020 2:00,0.0,0.1339866
3,4/20/2020 3:00,0.0,0.456
4,4/20/2020 4:00,0.009,0.327
5,4/20/2020 5:00,0.009,0.234
6,4/20/2020 6:00,0.789,0.231
7,4/20/2020 7:00,2.469,0.447
8,4/20/2020 8:00,4.527,1.302
9,4/20/2020 9:00,5.973,1.221
10,4/20/2020 10:00,6.969,0.0
11,4/20/2020 11:00,7.887,0.156
12,4/20/2020 12:00,7.557,0.009
13,4/20/2020 13:00,6.768,0.219
14,4/20/2020 14:00,5.316,0.033
15,4/20/2020 15:00,3.633,0.399
16,4/20/2020 16:00,2.568,0.459
17,4/20/2020 17:00,0.783,0.429
18,4/20/2020 18:00,0.339,5.4648
19,4/20/2020 19:00,0.03,1.8678
20,4/20/2020 20:00,0.015,2.6928
21,4/20/2020 21:00,0.003,1.131
22,4/20/2020 22:00,0.015,1.779
23,4/20/2020 23:00,0.0,1.455
0,4/21/2020 0:00,0.0,0.8639136
1,4/21/2020 1:00,0.0,0.889911
2,4/21/2020 2:00,0.0,0.8519148
3,4/21/2020 3:00,0.0,0.3
4,4/21/2020 4:00,0.0,0.57
5,4/21/2020 5:00,0.003,0.231
6,4/21/2020 6:00,0.906,0.231
7,4/21/2020 7:00,2.022,6.588
8,4/21/2020 8:00,4.149,0.249
9,4/21/2020 9:00,6.39,0.279
10,4/21/2020 10:00,7.308,0.063
11,4/21/2020 11:00,8.535,0.057
12,4/21/2020 12:00,8.214,24.987
13,4/21/2020 13:00,6.45,1.32
14,4/21/2020 14:00,5.604,1.644
15,4/21/2020 15:00,4.011,0.618
16,4/21/2020 16:00,1.233,0.63
17,4/21/2020 17:00,0.921,0.702
18,4/21/2020 18:00,0.426,1.782
19,4/21/2020 19:00,0.048,1.386
20,4/21/2020 20:00,0.015,1.98
21,4/21/2020 21:00,0.006,1.425
22,4/21/2020 22:00,0.0,1.176
23,4/21/2020 23:00,0.0,0.8459154
0,4/22/2020 0:00,0.0,0.3279672
1,4/22/2020 1:00,0.0,0.2959704
2,4/22/2020 2:00,0.0,0.1279872
3,4/22/2020 3:00,0.0,0.318
4,4/22/2020 4:00,0.006,0.33
5,4/22/2020 5:00,0.0,0.486
6,4/22/2020 6:00,0.711,0.462
7,4/22/2020 7:00,2.931,0.498
8,4/22/2020 8:00,4.977,0.582
9,4/22/2020 9:00,6.684,6.117
10,4/22/2020 10:00,7.374,24.543
11,4/22/2020 11:00,8.325,0.114
12,4/22/2020 12:00,7.926,0.078
13,4/22/2020 13:00,7.314,0.015
14,4/22/2020 14:00,6.285,0.054
15,4/22/2020 15:00,4.191,0.471
16,4/22/2020 16:00,2.112,8.469
17,4/22/2020 17:00,0.606,0.999
18,4/22/2020 18:00,0.363,0.957
19,4/22/2020 19:00,0.111,0.8184
20,4/22/2020 20:00,0.009,2.772
21,4/22/2020 21:00,0.0,1.326
22,4/22/2020 22:00,0.015,2.118
23,4/22/2020 23:00,0.0,1.459854
0,4/23/2020 0:00,0.0,1.1518848
1,4/23/2020 1:00,0.0,0.5739426
2,4/23/2020 2:00,0.0,0.5619438
3,4/23/2020 3:00,0.0,0.741
4,4/23/2020 4:00,0.018,0.765
5,4/23/2020 5:00,0.021,0.66
6,4/23/2020 6:00,1.197,1.182
7,4/23/2020 7:00,3.159,7.515
8,4/23/2020 8:00,5.592,0.03
9,4/23/2020 9:00,5.271,1.254
10,4/23/2020 10:00,1.371,1.845
11,4/23/2020 11:00,7.461,1.53
12,4/23/2020 12:00,4.341,0.072
13,4/23/2020 13:00,6.666,0.384
14,4/23/2020 14:00,5.211,0.243
15,4/23/2020 15:00,3.966,0.207
16,4/23/2020 16:00,1.998,0.567
17,4/23/2020 17:00,0.912,0.567
18,4/23/2020 18:00,0.426,12.243
19,4/23/2020 19:00,0.03,13.4442
20,4/23/2020 20:00,0.003,8.976
21,4/23/2020 21:00,0.006,1.548
22,4/23/2020 22:00,0.024,1.731
23,4/23/2020 23:00,0.0,0.6939306
0,4/24/2020 0:00,0.0,1.129887
1,4/24/2020 1:00,0.0,1.239876
2,4/24/2020 2:00,0.0,0.209979
3,4/24/2020 3:00,0.0,0.288
4,4/24/2020 4:00,0.015,0.606
5,4/24/2020 5:00,0.003,0.474
6,4/24/2020 6:00,0.549,0.489
7,4/24/2020 7:00,0.537,0.264
8,4/24/2020 8:00,1.182,1.281
9,4/24/2020 9:00,2.355,1.488
10,4/24/2020 10:00,2.775,0.153
11,4/24/2020 11:00,2.631,0.141
12,4/24/2020 12:00,2.856,0.153
13,4/24/2020 13:00,2.349,0.417
14,4/24/2020 14:00,2.376,0.27
15,4/24/2020 15:00,2.475,0.267
16,4/24/2020 16:00,1.11,8.382
17,4/24/2020 17:00,0.522,1.032
18,4/24/2020 18:00,0.174,1.9206
19,4/24/2020 19:00,0.024,13.4508
20,4/24/2020 20:00,0.021,3.399
21,4/24/2020 21:00,0.015,1.647
22,4/24/2020 22:00,0.033,8.364
23,4/24/2020 23:00,0.0,0.69993
0,4/25/2020 0:00,0.0,0.3259674
1,4/25/2020 1:00,0.0,0.1359864
2,4/25/2020 2:00,0.0,0.1379862
3,4/25/2020 3:00,0.0,0.183
4,4/25/2020 4:00,0.018,0.492
5,4/25/2020 5:00,0.012,0.453
6,4/25/2020 6:00,0.453,0.498
7,4/25/2020 7:00,0.684,6.591
8,4/25/2020 8:00,2.034,8.562
9,4/25/2020 9:00,6.87,0.0
10,4/25/2020 10:00,9.435,0.0
11,4/25/2020 11:00,1.887,0.201
12,4/25/2020 12:00,2.709,0.393
13,4/25/2020 13:00,1.524,0.192
14,4/25/2020 14:00,8.616,0.0
15,4/25/2020 15:00,4.173,0.33
16,4/25/2020 16:00,0.096,5.475
17,4/25/2020 17:00,1.323,0.687
18,4/25/2020 18:00,0.252,4.356
19,4/25/2020 19:00,0.048,3.8544
20,4/25/2020 20:00,0.0,2.904
21,4/25/2020 21:00,0.0,1.596
22,4/25/2020 22:00,0.0,26.469
23,4/25/2020 23:00,0.0,0.639936
0,4/26/2020 0:00,0.0,1.1138886
1,4/26/2020 1:00,0.0,0.4459554
2,4/26/2020 2:00,0.0,0.1459854
3,4/26/2020 3:00,0.0,0.201
4,4/26/2020 4:00,0.012,0.219
5,4/26/2020 5:00,0.213,0.501
6,4/26/2020 6:00,1.614,1.596
7,4/26/2020 7:00,3.957,0.87
8,4/26/2020 8:00,5.889,0.336
9,4/26/2020 9:00,1.998,0.321
10,4/26/2020 10:00,2.586,0.303
11,4/26/2020 11:00,2.154,0.585
12,4/26/2020 12:00,3.432,0.231
13,4/26/2020 13:00,9.912,0.051
14,4/26/2020 14:00,6.474,0.492
15,4/26/2020 15:00,2.301,0.69
16,4/26/2020 16:00,1.629,0.468
17,4/26/2020 17:00,0.576,0.534
18,4/26/2020 18:00,0.258,13.4244
19,4/26/2020 19:00,0.057,3.2736
20,4/26/2020 20:00,0.015,3.0228
21,4/26/2020 21:00,0.0,1.623
22,4/26/2020 22:00,0.018,1.716
23,4/26/2020 23:00,0.0,0.8019198
0,4/27/2020 0:00,0.0,0.4119588
1,4/27/2020 1:00,0.0,0.2139786
2,4/27/2020 2:00,0.0,0.2079792
3,4/27/2020 3:00,0.0,0.333
4,4/27/2020 4:00,0.009,0.615
5,4/27/2020 5:00,0.006,0.591
6,4/27/2020 6:00,0.513,0.243
7,4/27/2020 7:00,0.801,0.591
8,4/27/2020 8:00,0.582,0.465
9,4/27/2020 9:00,1.587,0.213
10,4/27/2020 10:00,1.836,0.225
11,4/27/2020 11:00,0.687,0.483
12,4/27/2020 12:00,1.647,0.195
13,4/27/2020 13:00,1.203,0.216
14,4/27/2020 14:00,0.981,0.231
15,4/27/2020 15:00,1.311,0.192
16,4/27/2020 16:00,0.282,0.48
17,4/27/2020 17:00,1.053,4.635
18,4/27/2020 18:00,0.12,1.7688
19,4/27/2020 19:00,0.042,1.7622
20,4/27/2020 20:00,0.012,1.6104
21,4/27/2020 21:00,0.0,0.216
22,4/27/2020 22:00,0.021,1.428
23,4/27/2020 23:00,0.0,0.6939306
0,4/28/2020 0:00,0.0,0.3279672
1,4/28/2020 1:00,0.0,0.2159784
2,4/28/2020 2:00,0.0,0.2119788
3,4/28/2020 3:00,0.0,0.576
4,4/28/2020 4:00,0.003,0.657
5,4/28/2020 5:00,0.012,0.336
6,4/28/2020 6:00,0.255,0.384
7,4/28/2020 7:00,0.378,7.176
8,4/28/2020 8:00,0.864,2.712
9,4/28/2020 9:00,1.272,2.301
10,4/28/2020 10:00,1.161,2.391
11,4/28/2020 11:00,0.489,2.481
12,4/28/2020 12:00,1.029,2.565
13,4/28/2020 13:00,1.191,2.523
14,4/28/2020 14:00,1.167,1.938
15,4/28/2020 15:00,0.69,2.211
16,4/28/2020 16:00,0.306,2.112
17,4/28/2020 17:00,0.357,4.593
18,4/28/2020 18:00,0.111,6.402
19,4/28/2020 19:00,0.036,25.1196
20,4/28/2020 20:00,0.024,6.435
21,4/28/2020 21:00,0.0,14.487
22,4/28/2020 22:00,0.003,8.271
23,4/28/2020 23:00,0.0,1.4718528
0,4/29/2020 0:00,0.0,1.0638936
1,4/29/2020 1:00,0.0,0.9459054
2,4/29/2020 2:00,0.0,0.2020798
3,4/29/2020 3:00,0.0,0.318
4,4/29/2020 4:00,0.012,0.579
5,4/29/2020 5:00,0.021,0.372
6,4/29/2020 6:00,0.183,0.42
7,4/29/2020 7:00,0.237,0.81
8,4/29/2020 8:00,0.489,1.044
9,4/29/2020 9:00,0.807,1.887
10,4/29/2020 10:00,0.855,0.498
11,4/29/2020 11:00,0.885,0.747
12,4/29/2020 12:00,1.035,5.979
13,4/29/2020 13:00,0.846,8.37
14,4/29/2020 14:00,0.804,0.264
15,4/29/2020 15:00,0.63,0.969
16,4/29/2020 16:00,0.81,0.81
17,4/29/2020 17:00,0.342,0.39
18,4/29/2020 18:00,0.138,2.4024
19,4/29/2020 19:00,0.048,3.9072
20,4/29/2020 20:00,0.009,4.1646
21,4/29/2020 21:00,0.009,2.22
22,4/29/2020 22:00,0.012,26.394
23,4/29/2020 23:00,0.0,1.689831
0,4/30/2020 0:00,0.0,1.559844
1,4/30/2020 1:00,0.0,0.1419858
2,4/30/2020 2:00,0.0,0.1419858
3,4/30/2020 3:00,0.0,0.45
4,4/30/2020 4:00,0.009,0.216
5,4/30/2020 5:00,0.006,0.231
6,4/30/2020 6:00,0.336,2.436
7,4/30/2020 7:00,0.69,0.756
8,4/30/2020 8:00,0.783,0.357
9,4/30/2020 9:00,0.876,0.339
10,4/30/2020 10:00,0.951,0.237
11,4/30/2020 11:00,0.855,0.45
12,4/30/2020 12:00,0.633,0.534
13,4/30/2020 13:00,0.765,0.48
14,4/30/2020 14:00,0.714,0.237
15,4/30/2020 15:00,0.714,0.261
16,4/30/2020 16:00,0.285,0.249
17,4/30/2020 17:00,0.51,2.076
18,4/30/2020 18:00,0.267,5.5704
19,4/30/2020 19:00,0.054,7.0092
20,4/30/2020 20:00,0.015,6.204
21,4/30/2020 21:00,0.0,3.285
22,4/30/2020 22:00,0.018,3.102
23,4/30/2020 23:00,0.0,1.9438056
0,5/1/2020 0:00,0.0,0.1559844
1,5/1/2020 1:00,0.0,0.3159684
2,5/1/2020 2:00,0.0,0.1459854
3,5/1/2020 3:00,0.0,0.21
4,5/1/2020 4:00,0.006,0.228
5,5/1/2020 5:00,0.234,0.63
6,5/1/2020 6:00,0.858,1.125
7,5/1/2020 7:00,4.266,0.834
8,5/1/2020 8:00,6.033,0.396
9,5/1/2020 9:00,7.662,0.18
10,5/1/2020 10:00,8.31,0.0
11,5/1/2020 11:00,9.138,0.0
12,5/1/2020 12:00,9.048,0.006
13,5/1/2020 13:00,8.118,0.114
14,5/1/2020 14:00,6.555,0.015
15,5/1/2020 15:00,4.533,0.042
16,5/1/2020 16:00,1.608,0.21
17,5/1/2020 17:00,0.588,0.519
18,5/1/2020 18:00,0.345,9.6954
19,5/1/2020 19:00,0.057,3.135
20,5/1/2020 20:00,0.012,2.541
21,5/1/2020 21:00,0.024,1.512
22,5/1/2020 22:00,0.018,2.214
23,5/1/2020 23:00,0.0,0.829917
0,5/2/2020 0:00,0.0,0.1619838
1,5/2/2020 1:00,0.0,0.3759624
2,5/2/2020 2:00,0.0,0.19998
3,5/2/2020 3:00,0.0,0.318
4,5/2/2020 4:00,0.009,0.342
5,5/2/2020 5:00,0.222,0.624
6,5/2/2020 6:00,0.453,0.618
7,5/2/2020 7:00,2.208,0.648
8,5/2/2020 8:00,2.394,0.804
9,5/2/2020 9:00,2.538,0.387
10,5/2/2020 10:00,1.311,0.225
11,5/2/2020 11:00,0.84,0.24
12,5/2/2020 12:00,1.863,0.195
13,5/2/2020 13:00,0.771,0.516
14,5/2/2020 14:00,1.137,0.216
15,5/2/2020 15:00,2.277,0.201
16,5/2/2020 16:00,0.795,0.252
17,5/2/2020 17:00,0.717,0.231
18,5/2/2020 18:00,0.486,10.8438
19,5/2/2020 19:00,0.123,6.765
20,5/2/2020 20:00,0.015,5.0886
21,5/2/2020 21:00,0.009,2.904
22,5/2/2020 22:00,0.003,1.812
23,5/2/2020 23:00,0.0,0.7519248
0,5/3/2020 0:00,0.0,0.6219378
1,5/3/2020 1:00,0.0,0.2059794
2,5/3/2020 2:00,0.0,0.219978
3,5/3/2020 3:00,0.0,0.579
4,5/3/2020 4:00,0.006,0.216
5,5/3/2020 5:00,0.312,0.24
6,5/3/2020 6:00,1.566,0.486
7,5/3/2020 7:00,2.703,0.93
8,5/3/2020 8:00,3.039,8.691
9,5/3/2020 9:00,6.693,0.0
10,5/3/2020 10:00,6.813,0.0
11,5/3/2020 11:00,9.288,0.114
12,5/3/2020 12:00,9.417,0.174
13,5/3/2020 13:00,8.574,0.0
14,5/3/2020 14:00,1.986,0.594
15,5/3/2020 15:00,4.962,0.237
16,5/3/2020 16:00,1.683,0.198
17,5/3/2020 17:00,0.702,1.11
18,5/3/2020 18:00,0.201,1.4718
19,5/3/2020 19:00,0.087,0.7854
20,5/3/2020 20:00,0.006,1.8282
21,5/3/2020 21:00,0.003,0.729
22,5/3/2020 22:00,0.0,25.848
23,5/3/2020 23:00,0.0,0.8339166
0,5/4/2020 0:00,0.0,0.2219778
1,5/4/2020 1:00,0.0,0.2079792
2,5/4/2020 2:00,0.0,0.2139786
3,5/4/2020 3:00,0.0,0.585
4,5/4/2020 4:00,0.009,0.24
5,5/4/2020 5:00,0.177,0.231
6,5/4/2020 6:00,0.705,6.879
7,5/4/2020 7:00,1.65,1.803
8,5/4/2020 8:00,3.924,0.108
9,5/4/2020 9:00,6.996,0.0
10,5/4/2020 10:00,7.896,0.0
11,5/4/2020 11:00,8.679,0.12
12,5/4/2020 12:00,8.493,0.0
13,5/4/2020 13:00,7.533,0.0
14,5/4/2020 14:00,6.39,0.051
15,5/4/2020 15:00,4.377,0.267
16,5/4/2020 16:00,2.169,0.39
17,5/4/2020 17:00,0.597,5.472
18,5/4/2020 18:00,0.33,1.2012
19,5/4/2020 19:00,0.096,1.7886
20,5/4/2020 20:00,0.006,2.0922
21,5/4/2020 21:00,0.0,0.978
22,5/4/2020 22:00,0.0,1.122
23,5/4/2020 23:00,0.0,1.05
0,5/5/2020 0:00,0.0,1.3318668
1,5/5/2020 1:00,0.0,1.0578942
2,5/5/2020 2:00,0.0,0.1459854
3,5/5/2020 3:00,0.0,0.216
4,5/5/2020 4:00,0.018,0.252
5,5/5/2020 5:00,0.318,0.261
6,5/5/2020 6:00,1.089,0.201
7,5/5/2020 7:00,3.996,0.324
8,5/5/2020 8:00,5.667,2.271
9,5/5/2020 9:00,7.101,1.374
10,5/5/2020 10:00,7.833,0.459
11,5/5/2020 11:00,8.577,0.309
12,5/5/2020 12:00,8.508,0.39
13,5/5/2020 13:00,7.797,0.339
14,5/5/2020 14:00,6.351,0.357
15,5/5/2020 15:00,4.545,0.288
16,5/5/2020 16:00,2.088,0.303
17,5/5/2020 17:00,0.507,1.128
18,5/5/2020 18:00,0.282,18.9816
19,5/5/2020 19:00,0.141,12.3816
20,5/5/2020 20:00,0.027,19.7142
21,5/5/2020 21:00,0.003,1.446
22,5/5/2020 22:00,0.012,1.77
23,5/5/2020 23:00,0.0,0.829917
0,5/6/2020 0:00,0.0,1.0818918
1,5/6/2020 1:00,0.0,1.1478852
2,5/6/2020 2:00,0.0,0.3779622
3,5/6/2020 3:00,0.0,0.219
4,5/6/2020 4:00,0.033,0.267
5,5/6/2020 5:00,0.345,0.249
6,5/6/2020 6:00,0.936,11.745
7,5/6/2020 7:00,3.834,5.43
8,5/6/2020 8:00,5.583,1.041
9,5/6/2020 9:00,7.038,0.144
10,5/6/2020 10:00,7.794,0.015
11,5/6/2020 11:00,8.352,0.147
12,5/6/2020 12:00,8.451,0.0
13,5/6/2020 13:00,7.59,0.0
14,5/6/2020 14:00,6.321,0.027
15,5/6/2020 15:00,4.398,0.195
16,5/6/2020 16:00,2.223,0.564
17,5/6/2020 17:00,0.501,0.369
18,5/6/2020 18:00,0.288,0.5676
19,5/6/2020 19:00,0.105,0.5478
20,5/6/2020 20:00,0.0,2.8842
21,5/6/2020 21:00,0.012,1.848
22,5/6/2020 22:00,0.015,0.927
23,5/6/2020 23:00,0.0,0.6519348
0,5/7/2020 0:00,0.0,0.9525
1,5/7/2020 1:00,0.0,0.2979702
2,5/7/2020 2:00,0.0,0.4839516
3,5/7/2020 3:00,0.0,0.228
4,5/7/2020 4:00,0.009,0.228
5,5/7/2020 5:00,0.342,0.282
6,5/7/2020 6:00,1.242,0.615
7,5/7/2020 7:00,3.756,0.489
8,5/7/2020 8:00,5.418,0.177
9,5/7/2020 9:00,6.858,0.438
10,5/7/2020 10:00,7.566,0.753
11,5/7/2020 11:00,8.223,0.489
12,5/7/2020 12:00,8.082,0.0
13,5/7/2020 13:00,7.479,0.075
14,5/7/2020 14:00,6.144,0.027
15,5/7/2020 15:00,4.428,0.444
16,5/7/2020 16:00,2.226,0.177
17,5/7/2020 17:00,0.51,0.234
18,5/7/2020 18:00,0.273,1.6632
19,5/7/2020 19:00,0.123,1.3728
20,5/7/2020 20:00,0.003,2.6268
21,5/7/2020 21:00,0.012,1.788
22,5/7/2020 22:00,0.021,2.025
23,5/7/2020 23:00,0.0,1.7018298
0,5/8/2020 0:00,0.0,0.1839816
1,5/8/2020 1:00,0.0,0.1639836
2,5/8/2020 2:00,0.0,0.1519848
3,5/8/2020 3:00,0.0,0.48
4,5/8/2020 4:00,0.015,0.246
5,5/8/2020 5:00,0.387,0.405
6,5/8/2020 6:00,1.146,1.452
7,5/8/2020 7:00,3.642,2.142
8,5/8/2020 8:00,5.493,0.027
9,5/8/2020 9:00,6.933,0.012
10,5/8/2020 10:00,7.602,0.153
11,5/8/2020 11:00,8.358,0.126
12,5/8/2020 12:00,8.235,0.0
13,5/8/2020 13:00,7.479,0.0
14,5/8/2020 14:00,6.027,1.215
15,5/8/2020 15:00,4.176,0.33
16,5/8/2020 16:00,2.085,0.165
17,5/8/2020 17:00,0.768,0.504
18,5/8/2020 18:00,0.45,2.4948
19,5/8/2020 19:00,0.114,1.3266
20,5/8/2020 20:00,0.033,1.5906
21,5/8/2020 21:00,0.003,1.692
22,5/8/2020 22:00,0.018,1.839
23,5/8/2020 23:00,0.0,0.7539246
0,5/9/2020 0:00,0.0,0.5619438
1,5/9/2020 1:00,0.0,0.3159684
2,5/9/2020 2:00,0.0,0.139986
3,5/9/2020 3:00,0.0,0.192
4,5/9/2020 4:00,0.009,0.615
5,5/9/2020 5:00,0.381,0.366
6,5/9/2020 6:00,1.584,0.339
7,5/9/2020 7:00,3.864,0.582
8,5/9/2020 8:00,5.64,3.114
9,5/9/2020 9:00,7.026,0.0
10,5/9/2020 10:00,4.338,0.09
11,5/9/2020 11:00,9.414,0.144
12,5/9/2020 12:00,6.831,0.267
13,5/9/2020 13:00,8.073,0.225
14,5/9/2020 14:00,6.252,0.135
15,5/9/2020 15:00,3.534,0.18
16,5/9/2020 16:00,2.769,0.453
17,5/9/2020 17:00,0.846,0.708
18,5/9/2020 18:00,0.603,1.0098
19,5/9/2020 19:00,0.156,2.838
20,5/9/2020 20:00,0.039,2.508
21,5/9/2020 21:00,0.015,9.633
22,5/9/2020 22:00,0.024,26.085
23,5/9/2020 23:00,0.0,0.7959204
0,5/10/2020 0:00,0.0,1.6338366
1,5/10/2020 1:00,0.0,0.8939106
2,5/10/2020 2:00,0.0,0.1439856
3,5/10/2020 3:00,0.0,0.216
4,5/10/2020 4:00,0.0,0.48
5,5/10/2020 5:00,0.105,0.399
6,5/10/2020 6:00,0.312,0.666
7,5/10/2020 7:00,1.317,2.457
8,5/10/2020 8:00,4.842,0.024
9,5/10/2020 9:00,3.144,0.135
10,5/10/2020 10:00,3.177,0.384
11,5/10/2020 11:00,10.998,0.0
12,5/10/2020 12:00,2.052,0.393
13,5/10/2020 13:00,3.63,0.246
14,5/10/2020 14:00,6.558,0.495
15,5/10/2020 15:00,2.265,0.564
16,5/10/2020 16:00,2.775,0.129
17,5/10/2020 17:00,1.188,0.933
18,5/10/2020 18:00,0.786,2.0592
19,5/10/2020 19:00,0.117,5.0028
20,5/10/2020 20:00,0.024,19.965
21,5/10/2020 21:00,0.012,1.434
22,5/10/2020 22:00,0.003,1.629
23,5/10/2020 23:00,0.0,1.3858614
0,5/11/2020 0:00,0.0,1.1038896
1,5/11/2020 1:00,0.0,0.2939706
2,5/11/2020 2:00,0.0,0.29997
3,5/11/2020 3:00,0.0,0.183
4,5/11/2020 4:00,0.0,0.219
5,5/11/2020 5:00,0.504,0.366
6,5/11/2020 6:00,0.975,0.351
7,5/11/2020 7:00,3.969,1.041
8,5/11/2020 8:00,5.745,0.228
9,5/11/2020 9:00,7.149,0.0
10,5/11/2020 10:00,8.214,0.105
11,5/11/2020 11:00,9.096,0.126
12,5/11/2020 12:00,9.21,0.117
13,5/11/2020 13:00,8.112,0.153
14,5/11/2020 14:00,5.088,0.168
15,5/11/2020 15:00,3.114,0.222
16,5/11/2020 16:00,2.715,0.507
17,5/11/2020 17:00,1.443,0.462
18,5/11/2020 18:00,0.771,18.381
19,5/11/2020 19:00,0.147,2.046
20,5/11/2020 20:00,0.021,1.452
21,5/11/2020 21:00,0.003,1.233
22,5/11/2020 22:00,0.03,2.418
23,5/11/2020 23:00,0.0,1.8255
0,5/12/2020 0:00,0.0,0.7039296
1,5/12/2020 1:00,0.0,0.3739626
2,5/12/2020 2:00,0.0,0.139986
3,5/12/2020 3:00,0.0,0.204
4,5/12/2020 4:00,0.012,0.51
5,5/12/2020 5:00,0.228,0.267
6,5/12/2020 6:00,1.548,0.225
7,5/12/2020 7:00,1.893,0.201
8,5/12/2020 8:00,2.127,2.805
9,5/12/2020 9:00,6.972,2.142
10,5/12/2020 10:00,5.232,1.809
11,5/12/2020 11:00,3.3,0.294
12,5/12/2020 12:00,0.747,0.72
13,5/12/2020 13:00,1.662,0.747
14,5/12/2020 14:00,1.533,0.507
15,5/12/2020 15:00,1.755,0.861
16,5/12/2020 16:00,1.494,1.023
17,5/12/2020 17:00,1.11,1.02
18,5/12/2020 18:00,0.09,2.0922
19,5/12/2020 19:00,0.126,2.3298
20,5/12/2020 20:00,0.012,3.1614
21,5/12/2020 21:00,0.009,1.167
22,5/12/2020 22:00,0.012,5.946
23,5/12/2020 23:00,0.0,1.9438056
0,5/13/2020 0:00,0.0,0.9859014
1,5/13/2020 1:00,0.0,0.139986
2,5/13/2020 2:00,0.0,0.3039696
3,5/13/2020 3:00,0.0,0.192
4,5/13/2020 4:00,0.003,0.339
5,5/13/2020 5:00,0.018,0.36
6,5/13/2020 6:00,0.483,0.348
7,5/13/2020 7:00,0.843,1.128
8,5/13/2020 8:00,2.073,1.521
9,5/13/2020 9:00,2.121,1.356
10,5/13/2020 10:00,3.36,0.831
11,5/13/2020 11:00,8.196,0.507
12,5/13/2020 12:00,3.033,5.838
13,5/13/2020 13:00,6.717,1.023
14,5/13/2020 14:00,4.977,0.624
15,5/13/2020 15:00,3.789,0.6
16,5/13/2020 16:00,2.511,0.156
17,5/13/2020 17:00,1.365,0.324
18,5/13/2020 18:00,0.468,0.7656
19,5/13/2020 19:00,0.348,2.706
20,5/13/2020 20:00,0.012,2.2968
21,5/13/2020 21:00,0.0,1.041
22,5/13/2020 22:00,0.021,1.497
23,5/13/2020 23:00,0.0,0.7619238
0,5/14/2020 0:00,0.0,0.989901
1,5/14/2020 1:00,0.0,1.0558944
2,5/14/2020 2:00,0.0,0.3059694
3,5/14/2020 3:00,0.0,0.327
4,5/14/2020 4:00,0.015,0.354
5,5/14/2020 5:00,0.249,0.363
6,5/14/2020 6:00,1.158,0.597
7,5/14/2020 7:00,3.024,0.309
8,5/14/2020 8:00,5.772,0.138
9,5/14/2020 9:00,3.45,0.219
10,5/14/2020 10:00,4.332,0.57
11,5/14/2020 11:00,4.764,0.279
12,5/14/2020 12:00,1.929,0.381
13,5/14/2020 13:00,5.031,0.51
14,5/14/2020 14:00,6.486,0.123
15,5/14/2020 15:00,4.359,0.324
16,5/14/2020 16:00,2.379,0.285
17,5/14/2020 17:00,1.197,0.558
18,5/14/2020 18:00,0.504,12.804
19,5/14/2020 19:00,0.159,2.3496
20,5/14/2020 20:00,0.015,3.6234
21,5/14/2020 21:00,0.012,25.02
22,5/14/2020 22:00,0.012,1.089
23,5/14/2020 23:00,0.0,0.5579442
0,5/15/2020 0:00,0.0,0.963
1,5/15/2020 1:00,0.0,1.0718928
2,5/15/2020 2:00,0.0,0.3019698
3,5/15/2020 3:00,0.0,0.195
4,5/15/2020 4:00,0.009,0.219
5,5/15/2020 5:00,0.432,0.252
6,5/15/2020 6:00,1.032,0.513
7,5/15/2020 7:00,3.849,0.402
8,5/15/2020 8:00,5.685,0.219
9,5/15/2020 9:00,7.143,0.048
10,5/15/2020 10:00,7.842,0.0
11,5/15/2020 11:00,8.469,0.129
12,5/15/2020 12:00,7.95,0.0
13,5/15/2020 13:00,7.422,0.024
14,5/15/2020 14:00,6.345,0.387
15,5/15/2020 15:00,4.584,0.384
16,5/15/2020 16:00,2.382,8.283
17,5/15/2020 17:00,0.648,0.903
18,5/15/2020 18:00,0.357,2.5608
19,5/15/2020 19:00,0.168,1.4388
20,5/15/2020 20:00,0.039,2.9436
21,5/15/2020 21:00,0.027,1.65
22,5/15/2020 22:00,0.006,2.055
23,5/15/2020 23:00,0.0,0.679932
0,5/16/2020 0:00,0.0,0.2419758
1,5/16/2020 1:00,0.0,0.3719628
2,5/16/2020 2:00,0.0,0.1319868
3,5/16/2020 3:00,0.0,0.234
4,5/16/2020 4:00,0.0,0.468
5,5/16/2020 5:00,0.408,0.42
6,5/16/2020 6:00,0.798,0.312
7,5/16/2020 7:00,0.606,1.803
8,5/16/2020 8:00,1.626,1.95
9,5/16/2020 9:00,4.017,1.755
10,5/16/2020 10:00,6.222,0.318
11,5/16/2020 11:00,5.034,0.324
12,5/16/2020 12:00,5.166,0.333
13,5/16/2020 13:00,1.887,0.228
14,5/16/2020 14:00,1.509,0.438
15,5/16/2020 15:00,1.305,24.954
16,5/16/2020 16:00,2.883,0.249
17,5/16/2020 17:00,1.422,0.222
18,5/16/2020 18:00,0.642,1.188
19,5/16/2020 19:00,0.288,1.32
20,5/16/2020 20:00,0.036,2.6532
21,5/16/2020 21:00,0.012,1.836
22,5/16/2020 22:00,0.006,1.884
23,5/16/2020 23:00,0.0,0.8419158
0,5/17/2020 0:00,0.0,1.0818918
1,5/17/2020 1:00,0.0,0.2259774
2,5/17/2020 2:00,0.0,0.2079792
3,5/17/2020 3:00,0.0,0.45
4,5/17/2020 4:00,0.015,0.234
5,5/17/2020 5:00,0.306,0.24
6,5/17/2020 6:00,1.404,0.504
7,5/17/2020 7:00,3.939,0.699
8,5/17/2020 8:00,7.209,0.639
9,5/17/2020 9:00,7.512,0.207
10,5/17/2020 10:00,8.304,0.135
11,5/17/2020 11:00,9.102,0.063
12,5/17/2020 12:00,8.886,0.0
13,5/17/2020 13:00,7.773,0.033
14,5/17/2020 14:00,6.486,0.201
15,5/17/2020 15:00,4.671,0.081
16,5/17/2020 16:00,2.442,0.177
17,5/17/2020 17:00,0.675,1.101
18,5/17/2020 18:00,0.354,1.2606
19,5/17/2020 19:00,0.192,1.089
20,5/17/2020 20:00,0.024,2.5476
21,5/17/2020 21:00,0.015,1.473
22,5/17/2020 22:00,0.012,1.374
23,5/17/2020 23:00,0.0,0.7459254
0,5/18/2020 0:00,0.0,0.8959104
1,5/18/2020 1:00,0.0,1.0458954
2,5/18/2020 2:00,0.0,0.1359864
3,5/18/2020 3:00,0.0,0.324
4,5/18/2020 4:00,0.003,0.321
5,5/18/2020 5:00,0.252,0.516
6,5/18/2020 6:00,0.831,0.51
7,5/18/2020 7:00,1.974,0.201
8,5/18/2020 8:00,1.995,0.492
9,5/18/2020 9:00,3.933,0.519
10,5/18/2020 10:00,4.026,0.204
11,5/18/2020 11:00,9.873,0.0
12,5/18/2020 12:00,9.732,0.0
13,5/18/2020 13:00,3.147,0.393
14,5/18/2020 14:00,4.608,0.096
15,5/18/2020 15:00,5.622,0.486
16,5/18/2020 16:00,2.478,2.481
17,5/18/2020 17:00,1.002,0.744
18,5/18/2020 18:00,0.255,1.0296
19,5/18/2020 19:00,0.216,0.8514
20,5/18/2020 20:00,0.021,1.386
21,5/18/2020 21:00,0.024,1.263
22,5/18/2020 22:00,0.009,0.867
23,5/18/2020 23:00,0.0,1.065
0,5/19/2020 0:00,0.0,0.4259574
1,5/19/2020 1:00,0.0,0.2279772
2,5/19/2020 2:00,0.0,0.3239676
3,5/19/2020 3:00,0.0,0.216
4,5/19/2020 4:00,0.003,0.228
5,5/19/2020 5:00,0.441,0.507
6,5/19/2020 6:00,1.437,0.459
7,5/19/2020 7:00,2.28,0.312
8,5/19/2020 8:00,5.181,0.54
9,5/19/2020 9:00,7.353,1.767
10,5/19/2020 10:00,8.046,0.951
11,5/19/2020 11:00,8.604,0.015
12,5/19/2020 12:00,8.406,0.282
13,5/19/2020 13:00,7.863,0.282
14,5/19/2020 14:00,6.186,1.08
15,5/19/2020 15:00,4.614,0.072
16,5/19/2020 16:00,2.409,0.381
17,5/19/2020 17:00,0.729,0.372
18,5/19/2020 18:00,0.399,0.7722
19,5/19/2020 19:00,0.186,0.5544
20,5/19/2020 20:00,0.033,0.6666
21,5/19/2020 21:00,0.003,6.207
22,5/19/2020 22:00,0.003,4.329
23,5/19/2020 23:00,0.0,0.6939306
0,5/20/2020 0:00,0.0,0.4059594
1,5/20/2020 1:00,0.0,0.159984
2,5/20/2020 2:00,0.0,0.1379862
3,5/20/2020 3:00,0.0,0.462
4,5/20/2020 4:00,0.021,0.228
5,5/20/2020 5:00,0.255,0.234
6,5/20/2020 6:00,0.534,0.588
7,5/20/2020 7:00,1.347,0.723
8,5/20/2020 8:00,2.475,0.561
9,5/20/2020 9:00,7.464,1.692
10,5/20/2020 10:00,7.941,1.509
11,5/20/2020 11:00,8.715,1.284
12,5/20/2020 12:00,8.307,7.341
13,5/20/2020 13:00,7.515,0.306
14,5/20/2020 14:00,6.477,1.104
15,5/20/2020 15:00,4.647,1.212
16,5/20/2020 16:00,2.517,1.236
17,5/20/2020 17:00,0.765,1.617
18,5/20/2020 18:00,0.426,3.069
19,5/20/2020 19:00,0.222,1.188
20,5/20/2020 20:00,0.03,2.442
21,5/20/2020 21:00,0.0,6.159
22,5/20/2020 22:00,0.0,1.593
23,5/20/2020 23:00,0.0,3.0136986
0,5/21/2020 0:00,0.0,0.1619838
1,5/21/2020 1:00,0.0,0.1239876
2,5/21/2020 2:00,0.0,0.2145
3,5/21/2020 3:00,0.0,0.201
4,5/21/2020 4:00,0.009,0.231
5,5/21/2020 5:00,0.549,0.24
6,5/21/2020 6:00,0.939,0.99
7,5/21/2020 7:00,3.528,0.708
8,5/21/2020 8:00,3.255,0.342
9,5/21/2020 9:00,2.961,0.321
10,5/21/2020 10:00,5.124,0.507
11,5/21/2020 11:00,5.556,0.39
12,5/21/2020 12:00,9.957,0.0
13,5/21/2020 13:00,6.192,0.042
14,5/21/2020 14:00,4.338,0.381
15,5/21/2020 15:00,5.256,0.285
16,5/21/2020 16:00,1.845,0.36
17,5/21/2020 17:00,0.954,0.843
18,5/21/2020 18:00,0.63,2.7918
19,5/21/2020 19:00,0.258,1.617
20,5/21/2020 20:00,0.027,13.9854
21,5/21/2020 21:00,0.003,2.058
22,5/21/2020 22:00,0.018,2.514
23,5/21/2020 23:00,0.0,1.349865
0,5/22/2020 0:00,0.0,0.7419258
1,5/22/2020 1:00,0.0,0.2020798
2,5/22/2020 2:00,0.0,0.1359864
3,5/22/2020 3:00,0.0,0.504
4,5/22/2020 4:00,0.009,0.618
5,5/22/2020 5:00,0.261,0.378
6,5/22/2020 6:00,1.032,0.438
7,5/22/2020 7:00,1.494,0.519
8,5/22/2020 8:00,6.453,0.051
9,5/22/2020 9:00,7.407,0.399
10,5/22/2020 10:00,8.334,0.186
11,5/22/2020 11:00,7.263,0.084
12,5/22/2020 12:00,4.242,0.102
13,5/22/2020 13:00,3.573,0.558
14,5/22/2020 14:00,2.277,0.216
15,5/22/2020 15:00,1.506,0.378
16,5/22/2020 16:00,1.134,0.279
17,5/22/2020 17:00,1.155,0.594
18,5/22/2020 18:00,0.303,0.9306
19,5/22/2020 19:00,0.021,0.7788
20,5/22/2020 20:00,0.024,1.9998
21,5/22/2020 21:00,0.0,0.753
22,5/22/2020 22:00,0.009,0.603
23,5/22/2020 23:00,0.0,0.5279472
0,5/23/2020 0:00,0.0,0.2619738
1,5/23/2020 1:00,0.0,0.1759824
2,5/23/2020 2:00,0.0,0.0939906
3,5/23/2020 3:00,0.0,0.237
4,5/23/2020 4:00,0.291,0.411
5,5/23/2020 5:00,0.903,0.186
6,5/23/2020 6:00,3.102,0.546
7,5/23/2020 7:00,4.425,0.0
8,5/23/2020 8:00,4.722,0.114
9,5/23/2020 9:00,7.155,0.0
10,5/23/2020 10:00,7.635,0.147
11,5/23/2020 11:00,3.363,0.084
12,5/23/2020 12:00,2.877,3.492
13,5/23/2020 13:00,2.28,0.378
14,5/23/2020 14:00,1.98,0.453
15,5/23/2020 15:00,3.525,0.084
16,5/23/2020 16:00,1.395,5.352
17,5/23/2020 17:00,0.48,1.515
18,5/23/2020 18:00,0.234,2.3958
19,5/23/2020 19:00,0.042,1.3728
20,5/23/2020 20:00,0.0,1.7754
21,5/23/2020 21:00,0.0,1.332
22,5/23/2020 22:00,0.009,0.672
23,5/23/2020 23:00,0.0,0.2359764
0,5/24/2020 0:00,0.0,0.29997
1,5/24/2020 1:00,0.0,0.189981
2,5/24/2020 2:00,0.0,0.1119888
3,5/24/2020 3:00,0.0,0.555
4,5/24/2020 4:00,0.351,0.237
5,5/24/2020 5:00,1.701,0.999
6,5/24/2020 6:00,3.486,0.423
7,5/24/2020 7:00,4.902,0.774
8,5/24/2020 8:00,6.615,0.369
9,5/24/2020 9:00,7.383,0.0
10,5/24/2020 10:00,8.793,0.168
11,5/24/2020 11:00,8.163,0.159
12,5/24/2020 12:00,2.766,0.228
13,5/24/2020 13:00,4.467,0.0
14,5/24/2020 14:00,5.712,0.303
15,5/24/2020 15:00,2.706,0.333
16,5/24/2020 16:00,1.041,1.719
17,5/24/2020 17:00,0.597,7.245
18,5/24/2020 18:00,0.264,1.1748
19,5/24/2020 19:00,0.075,0.4818
20,5/24/2020 20:00,0.006,0.6732
21,5/24/2020 21:00,0.0,1.833
22,5/24/2020 22:00,0.012,25.611
23,5/24/2020 23:00,0.0,0.7979202
0,5/25/2020 0:00,0.0,1.0718928
1,5/25/2020 1:00,0.0,0.8459154
2,5/25/2020 2:00,0.0,0.1059894
3,5/25/2020 3:00,0.0,0.303
4,5/25/2020 4:00,0.372,0.486
5,5/25/2020 5:00,0.873,0.558
6,5/25/2020 6:00,3.111,0.492
7,5/25/2020 7:00,5.253,0.168
8,5/25/2020 8:00,6.651,0.0
9,5/25/2020 9:00,7.548,0.0
10,5/25/2020 10:00,8.385,0.084
11,5/25/2020 11:00,8.577,0.0
12,5/25/2020 12:00,7.791,0.0
13,5/25/2020 13:00,6.753,0.765
14,5/25/2020 14:00,5.052,0.651
15,5/25/2020 15:00,2.979,0.627
16,5/25/2020 16:00,0.828,0.618
17,5/25/2020 17:00,0.342,9.636
18,5/25/2020 18:00,0.18,2.079
19,5/25/2020 19:00,0.06,1.2606
20,5/25/2020 20:00,0.009,2.7786
21,5/25/2020 21:00,0.006,1.848
22,5/25/2020 22:00,0.0,3.714
23,5/25/2020 23:00,0.0,0.939906
0,5/26/2020 0:00,0.0,0.369963
1,5/26/2020 1:00,0.0,0.2679732
2,5/26/2020 2:00,0.0,0.1859814
3,5/26/2020 3:00,0.0,0.201
4,5/26/2020 4:00,0.423,0.297
5,5/26/2020 5:00,1.098,9.042
6,5/26/2020 6:00,3.555,0.573
7,5/26/2020 7:00,5.346,0.333
8,5/26/2020 8:00,6.867,0.09
9,5/26/2020 9:00,7.776,0.0
10,5/26/2020 10:00,8.34,0.255
11,5/26/2020 11:00,8.58,0.114
12,5/26/2020 12:00,7.917,0.501
13,5/26/2020 13:00,6.717,0.462
14,5/26/2020 14:00,5.124,0.462
15,5/26/2020 15:00,2.991,5.61
16,5/26/2020 16:00,0.912,1.233
17,5/26/2020 17:00,0.387,6.09
18,5/26/2020 18:00,0.237,1.6302
19,5/26/2020 19:00,0.045,1.221
20,5/26/2020 20:00,0.003,2.31
21,5/26/2020 21:00,0.021,1.278
22,5/26/2020 22:00,0.024,1.674
23,5/26/2020 23:00,0.0,1.1118888
0,5/27/2020 0:00,0.0,0.3779622
1,5/27/2020 1:00,0.0,0.309969
2,5/27/2020 2:00,0.0,0.1959804
3,5/27/2020 3:00,0.0,0.162
4,5/27/2020 4:00,0.429,0.345
5,5/27/2020 5:00,1.614,0.168
6,5/27/2020 6:00,3.519,6.15
7,5/27/2020 7:00,5.352,0.357
8,5/27/2020 8:00,6.768,0.303
9,5/27/2020 9:00,0.117,0.84
10,5/27/2020 10:00,2.229,0.699
11,5/27/2020 11:00,8.667,0.255
12,5/27/2020 12:00,7.902,0.0
13,5/27/2020 13:00,6.834,0.42
14,5/27/2020 14:00,5.148,0.195
15,5/27/2020 15:00,3.072,4.077
16,5/27/2020 16:00,0.9,2.559
17,5/27/2020 17:00,1.035,0.525
18,5/27/2020 18:00,0.489,1.5114
19,5/27/2020 19:00,0.027,1.9008
20,5/27/2020 20:00,0.021,3.1218
21,5/27/2020 21:00,0.0,1.698
22,5/27/2020 22:00,0.0,1.251
23,5/27/2020 23:00,0.0,0.5139486
0,5/28/2020 0:00,0.0,0.3419658
1,5/28/2020 1:00,0.0,0.1039896
2,5/28/2020 2:00,0.0,0.2639736
3,5/28/2020 3:00,0.0,0.285
4,5/28/2020 4:00,0.42,0.195
5,5/28/2020 5:00,1.746,5.631
6,5/28/2020 6:00,3.81,0.873
7,5/28/2020 7:00,5.571,0.21
8,5/28/2020 8:00,6.312,0.102
9,5/28/2020 9:00,7.47,0.093
10,5/28/2020 10:00,6.549,25.035
11,5/28/2020 11:00,6.09,0.75
12,5/28/2020 12:00,3.846,1.089
13,5/28/2020 13:00,2.799,0.948
14,5/28/2020 14:00,4.383,0.429
15,5/28/2020 15:00,1.749,0.666
16,5/28/2020 16:00,1.224,0.603
17,5/28/2020 17:00,0.63,0.645
18,5/28/2020 18:00,0.249,0.7656
19,5/28/2020 19:00,0.069,1.056
20,5/28/2020 20:00,0.012,1.2408
21,5/28/2020 21:00,0.006,1.206
22,5/28/2020 22:00,0.009,0.912
23,5/28/2020 23:00,0.0,1.059
0,5/29/2020 0:00,0.0,0.3479652
1,5/29/2020 1:00,0.0,0.2020798
2,5/29/2020 2:00,0.0,0.2559744
3,5/29/2020 3:00,0.0,0.534
4,5/29/2020 4:00,0.252,0.429
5,5/29/2020 5:00,1.119,0.306
6,5/29/2020 6:00,1.671,0.411
7,5/29/2020 7:00,1.494,0.519
8,5/29/2020 8:00,6.453,0.051
9,5/29/2020 9:00,7.407,0.399
10,5/29/2020 10:00,8.334,0.186
11,5/29/2020 11:00,7.263,0.084
12,5/29/2020 12:00,4.242,0.102
13,5/29/2020 13:00,3.573,0.558
14,5/29/2020 14:00,2.277,0.216
15,5/29/2020 15:00,1.506,0.378
16,5/29/2020 16:00,1.134,0.279
17,5/29/2020 17:00,1.155,0.594
18,5/29/2020 18:00,0.303,0.9306
19,5/29/2020 19:00,0.021,0.7788
20,5/29/2020 20:00,0.024,1.9998
21,5/29/2020 21:00,0.0,0.753
22,5/29/2020 22:00,0.009,0.603
23,5/29/2020 23:00,0.0,0.678
0,5/30/2020 0:00,0.0,0.179982
1,5/30/2020 1:00,0.0,0.4579542
2,5/30/2020 2:00,0.0,0.1779822
3,5/30/2020 3:00,0.0,0.378
4,5/30/2020 4:00,0.492,0.309
5,5/30/2020 5:00,1.371,0.681
6,5/30/2020 6:00,1.485,0.327
7,5/30/2020 7:00,0.969,0.333
8,5/30/2020 8:00,2.862,0.564
9,5/30/2020 9:00,3.096,0.813
10,5/30/2020 10:00,2.502,0.594
11,5/30/2020 11:00,3.99,0.528
12,5/30/2020 12:00,3.528,0.648
13,5/30/2020 13:00,1.29,0.681
14,5/30/2020 14:00,2.253,0.249
15,5/30/2020 15:00,2.295,0.333
16,5/30/2020 16:00,1.578,0.543
17,5/30/2020 17:00,1.185,-2.514
18,5/30/2020 18:00,0.321,2.9436
19,5/30/2020 19:00,0.108,1.0692
20,5/30/2020 20:00,0.018,1.8282
21,5/30/2020 21:00,0.0,1.653
22,5/30/2020 22:00,0.0,1.395
23,5/30/2020 23:00,0.0,0.8139186
0,5/31/2020 0:00,0.0,0.139986
1,5/31/2020 1:00,0.0,0.3979602
2,5/31/2020 2:00,0.0,0.3019698
3,5/31/2020 3:00,0.0,0.18
4,5/31/2020 4:00,0.447,0.342
5,5/31/2020 5:00,1.143,0.216
6,5/31/2020 6:00,2.208,0.252
7,5/31/2020 7:00,2.505,0.387
8,5/31/2020 8:00,5.436,0.003
9,5/31/2020 9:00,6.027,0.048
10,5/31/2020 10:00,3.012,0.096
11,5/31/2020 11:00,2.844,0.507
12,5/31/2020 12:00,2.16,0.516
13,5/31/2020 13:00,2.379,0.123
14,5/31/2020 14:00,5.109,0.072
15,5/31/2020 15:00,2.67,0.405
16,5/31/2020 16:00,1.872,0.438
17,5/31/2020 17:00,0.597,0.372
18,5/31/2020 18:00,0.273,0.528
19,5/31/2020 19:00,0.045,0.7392
20,5/31/2020 20:00,0.006,4.0194
21,5/31/2020 21:00,0.015,1.092
22,5/31/2020 22:00,0.0,1.074
23,5/31/2020 23:00,0.0,0.179982
0,6/1/2020 0:00,0.0,0.2879712
1,6/1/2020 1:00,0.0,0.351
2,6/1/2020 2:00,0.0,0.1439856
3,6/1/2020 3:00,0.0,0.288
4,6/1/2020 4:00,0.384,0.234
5,6/1/2020 5:00,1.692,0.462
6,6/1/2020 6:00,1.722,0.345
7,6/1/2020 7:00,6.081,0.0
8,6/1/2020 8:00,7.116,0.225
9,6/1/2020 9:00,7.866,0.327
10,6/1/2020 10:00,8.58,0.165
11,6/1/2020 11:00,8.757,0.069
12,6/1/2020 12:00,7.971,0.0
13,6/1/2020 13:00,6.855,0.066
14,6/1/2020 14:00,5.166,0.537
15,6/1/2020 15:00,2.031,0.342
16,6/1/2020 16:00,1.035,0.414
17,6/1/2020 17:00,0.462,0.333
18,6/1/2020 18:00,0.222,12.3618
19,6/1/2020 19:00,0.081,1.2936
20,6/1/2020 20:00,0.009,0.5148
21,6/1/2020 21:00,0.009,0.837
22,6/1/2020 22:00,0.018,0.567
23,6/1/2020 23:00,0.0,0.4639536
0,6/2/2020 0:00,0.0,0.5959404
1,6/2/2020 1:00,0.0,0.1279872
2,6/2/2020 2:00,0.0,0.1259874
3,6/2/2020 3:00,0.0,0.558
4,6/2/2020 4:00,0.486,0.339
5,6/2/2020 5:00,1.746,0.177
6,6/2/2020 6:00,3.81,0.414
7,6/2/2020 7:00,6.12,0.3
8,6/2/2020 8:00,3.162,0.384
9,6/2/2020 9:00,4.458,0.408
10,6/2/2020 10:00,4.146,0.495
11,6/2/2020 11:00,6.57,0.126
12,6/2/2020 12:00,2.856,0.174
13,6/2/2020 13:00,0.849,0.735
14,6/2/2020 14:00,5.829,0.909
15,6/2/2020 15:00,1.068,0.324
16,6/2/2020 16:00,0.279,0.291
17,6/2/2020 17:00,0.186,0.504
18,6/2/2020 18:00,0.438,1.3002
19,6/2/2020 19:00,0.057,0.8646
20,6/2/2020 20:00,0.027,0.5016
21,6/2/2020 21:00,0.0,0.48
22,6/2/2020 22:00,0.0,1.17
23,6/2/2020 23:00,0.0,0.5119488
0,6/3/2020 0:00,0.0,0.969
1,6/3/2020 1:00,0.0,0.1819818
2,6/3/2020 2:00,0.0,0.3819618
3,6/3/2020 3:00,0.0,0.342
4,6/3/2020 4:00,0.786,0.255
5,6/3/2020 5:00,2.496,0.126
6,6/3/2020 6:00,1.08,0.573
7,6/3/2020 7:00,1.662,0.213
8,6/3/2020 8:00,3.252,0.174
9,6/3/2020 9:00,2.694,0.531
10,6/3/2020 10:00,7.158,0.594
11,6/3/2020 11:00,7.467,0.399
12,6/3/2020 12:00,2.223,0.513
13,6/3/2020 13:00,8.076,0.267
14,6/3/2020 14:00,3.843,0.198
15,6/3/2020 15:00,3.819,0.099
16,6/3/2020 16:00,1.746,0.279
17,6/3/2020 17:00,0.972,0.558
18,6/3/2020 18:00,0.486,0.594
19,6/3/2020 19:00,0.114,0.99
20,6/3/2020 20:00,0.0,2.871
21,6/3/2020 21:00,0.03,0.981
22,6/3/2020 22:00,0.024,0.501
23,6/3/2020 23:00,0.0,0.741
0,6/4/2020 0:00,0.0,0.2879712
1,6/4/2020 1:00,0.0,0.1079892
2,6/4/2020 2:00,0.0,0.297
3,6/4/2020 3:00,0.0,0.309
4,6/4/2020 4:00,0.504,0.237
5,6/4/2020 5:00,1.881,0.222
6,6/4/2020 6:00,3.939,0.468
7,6/4/2020 7:00,5.451,0.117
8,6/4/2020 8:00,7.431,0.0
9,6/4/2020 9:00,8.34,0.108
10,6/4/2020 10:00,2.028,0.279
11,6/4/2020 11:00,10.359,0.183
12,6/4/2020 12:00,2.973,0.228
13,6/4/2020 13:00,8.172,0.021
14,6/4/2020 14:00,1.851,0.624
15,6/4/2020 15:00,2.442,21.219
16,6/4/2020 16:00,0.696,7.833
17,6/4/2020 17:00,0.558,7.155
18,6/4/2020 18:00,0.378,2.1384
19,6/4/2020 19:00,0.09,20.2686
20,6/4/2020 20:00,0.015,2.5674
21,6/4/2020 21:00,0.024,1.164
22,6/4/2020 22:00,0.006,1.092
23,6/4/2020 23:00,0.0,0.7719228
0,6/5/2020 0:00,0.0,0.1779822
1,6/5/2020 1:00,0.0,0.1219878
2,6/5/2020 2:00,0.0,0.225
3,6/5/2020 3:00,0.0,0.345
4,6/5/2020 4:00,0.345,0.246
5,6/5/2020 5:00,1.287,0.477
6,6/5/2020 6:00,4.791,10.014
7,6/5/2020 7:00,6.024,0.24
8,6/5/2020 8:00,7.86,0.0
9,6/5/2020 9:00,3.003,0.285
10,6/5/2020 10:00,8.64,0.345
11,6/5/2020 11:00,4.242,0.654
12,6/5/2020 12:00,3.495,0.597
13,6/5/2020 13:00,3.465,0.927
14,6/5/2020 14:00,2.955,0.159
15,6/5/2020 15:00,1.731,0.375
16,6/5/2020 16:00,1.377,0.477
17,6/5/2020 17:00,0.435,4.143
18,6/5/2020 18:00,0.192,2.6202
19,6/5/2020 19:00,0.009,2.0064
20,6/5/2020 20:00,0.009,2.8974
21,6/5/2020 21:00,0.0,1.635
22,6/5/2020 22:00,0.003,1.401
23,6/5/2020 23:00,0.0,1.0378962
0,6/6/2020 0:00,0.0,0.889911
1,6/6/2020 1:00,0.0,0.3859614
2,6/6/2020 2:00,0.0,0.1239876
3,6/6/2020 3:00,0.0,0.219
4,6/6/2020 4:00,0.372,0.363
5,6/6/2020 5:00,0.378,0.498
6,6/6/2020 6:00,2.496,0.351
7,6/6/2020 7:00,1.314,1.227
8,6/6/2020 8:00,1.704,0.519
9,6/6/2020 9:00,0.9,0.345
10,6/6/2020 10:00,1.593,0.507
11,6/6/2020 11:00,1.359,3.207
12,6/6/2020 12:00,0.933,0.249
13,6/6/2020 13:00,1.08,0.252
14,6/6/2020 14:00,1.143,0.354
15,6/6/2020 15:00,2.277,5.241
16,6/6/2020 16:00,0.777,0.501
17,6/6/2020 17:00,0.618,7.11
18,6/6/2020 18:00,0.138,2.3958
19,6/6/2020 19:00,0.06,1.7622
20,6/6/2020 20:00,0.015,19.1532
21,6/6/2020 21:00,0.012,1.563
22,6/6/2020 22:00,0.018,2.169
23,6/6/2020 23:00,0.0,1.866
0,6/7/2020 0:00,0.0,0.3239676
1,6/7/2020 1:00,0.0,0.3659634
2,6/7/2020 2:00,0.0,0.129987
3,6/7/2020 3:00,0.0,0.213
4,6/7/2020 4:00,0.339,0.351
5,6/7/2020 5:00,0.78,0.255
6,6/7/2020 6:00,1.353,0.444
7,6/7/2020 7:00,3.183,1.461
8,6/7/2020 8:00,2.268,3.774
9,6/7/2020 9:00,9.522,7.938
10,6/7/2020 10:00,4.683,5.274
11,6/7/2020 11:00,2.547,0.294
12,6/7/2020 12:00,2.601,0.153
13,6/7/2020 13:00,8.655,0.132
14,6/7/2020 14:00,6.501,0.051
15,6/7/2020 15:00,3.342,0.222
16,6/7/2020 16:00,1.713,4.212
17,6/7/2020 17:00,0.693,2.148
18,6/7/2020 18:00,0.426,0.726
19,6/7/2020 19:00,0.09,12.045
20,6/7/2020 20:00,0.0,2.4684
21,6/7/2020 21:00,0.018,1.686
22,6/7/2020 22:00,0.018,1.764
23,6/7/2020 23:00,0.0,1.2518748
0,6/8/2020 0:00,0.0,1.0358964
1,6/8/2020 1:00,0.0,0.2020798
2,6/8/2020 2:00,0.0,0.1379862
3,6/8/2020 3:00,0.0,0.45
4,6/8/2020 4:00,0.225,0.345
5,6/8/2020 5:00,0.492,0.39
6,6/8/2020 6:00,1.308,8.319
7,6/8/2020 7:00,2.268,0.387
8,6/8/2020 8:00,2.22,24.156
9,6/8/2020 9:00,2.796,0.189
10,6/8/2020 10:00,4.389,0.732
11,6/8/2020 11:00,5.919,0.0
12,6/8/2020 12:00,8.064,0.654
13,6/8/2020 13:00,1.992,0.414
14,6/8/2020 14:00,3.384,0.309
15,6/8/2020 15:00,1.74,0.795
16,6/8/2020 16:00,1.098,0.552
17,6/8/2020 17:00,1.32,0.843
18,6/8/2020 18:00,0.318,1.65
19,6/8/2020 19:00,0.114,2.4288
20,6/8/2020 20:00,0.021,2.2374
21,6/8/2020 21:00,0.018,1.266
22,6/8/2020 22:00,0.012,1.101
23,6/8/2020 23:00,0.0,0.529947
0,6/9/2020 0:00,0.0,0.8879112
1,6/9/2020 1:00,0.0,0.949905
2,6/9/2020 2:00,0.0,0.3079692
3,6/9/2020 3:00,0.0,0.207
4,6/9/2020 4:00,0.231,0.225
5,6/9/2020 5:00,1.602,0.315
6,6/9/2020 6:00,4.263,0.384
7,6/9/2020 7:00,6.198,0.321
8,6/9/2020 8:00,2.298,0.507
9,6/9/2020 9:00,2.55,0.156
10,6/9/2020 10:00,9.453,0.0
11,6/9/2020 11:00,1.368,0.513
12,6/9/2020 12:00,2.091,0.561
13,6/9/2020 13:00,9.0,0.0
14,6/9/2020 14:00,1.911,0.246
15,6/9/2020 15:00,2.223,6.789
16,6/9/2020 16:00,1.335,5.955
17,6/9/2020 17:00,0.609,0.936
18,6/9/2020 18:00,0.234,15.0546
19,6/9/2020 19:00,0.072,2.0394
20,6/9/2020 20:00,0.039,4.2174
21,6/9/2020 21:00,0.006,1.557
22,6/9/2020 22:00,0.006,1.182
23,6/9/2020 23:00,0.0,0.519948
0,6/10/2020 0:00,0.0,0.129987
1,6/10/2020 1:00,0.0,0.2179782
2,6/10/2020 2:00,0.0,0.119988
3,6/10/2020 3:00,0.0,0.432
4,6/10/2020 4:00,0.507,0.336
5,6/10/2020 5:00,0.642,0.234
6,6/10/2020 6:00,0.675,0.492
7,6/10/2020 7:00,1.518,1.302
8,6/10/2020 8:00,7.491,6.786
9,6/10/2020 9:00,1.827,0.282
10,6/10/2020 10:00,9.666,0.228
11,6/10/2020 11:00,10.122,8.46
12,6/10/2020 12:00,8.211,9.747
13,6/10/2020 13:00,6.933,0.0
14,6/10/2020 14:00,5.403,0.786
15,6/10/2020 15:00,3.174,0.513
16,6/10/2020 16:00,1.005,0.645
17,6/10/2020 17:00,0.411,1.098
18,6/10/2020 18:00,0.207,2.2902
19,6/10/2020 19:00,0.09,1.4916
20,6/10/2020 20:00,0.009,1.9074
21,6/10/2020 21:00,0.003,1.452
22,6/10/2020 22:00,0.0,10.068
23,6/10/2020 23:00,0.0,0.7739226
0,6/11/2020 0:00,0.0,0.1659834
1,6/11/2020 1:00,0.0,0.2339766
2,6/11/2020 2:00,0.0,0.1579842
3,6/11/2020 3:00,0.0,0.492
4,6/11/2020 4:00,0.249,0.597
5,6/11/2020 5:00,0.861,0.228
6,6/11/2020 6:00,4.821,2.91
7,6/11/2020 7:00,4.902,1.479
8,6/11/2020 8:00,1.857,0.987
9,6/11/2020 9:00,4.827,0.54
10,6/11/2020 10:00,7.806,0.537
11,6/11/2020 11:00,9.729,0.948
12,6/11/2020 12:00,5.481,9.39
13,6/11/2020 13:00,4.968,0.186
14,6/11/2020 14:00,3.207,0.483
15,6/11/2020 15:00,2.88,0.618
16,6/11/2020 16:00,1.086,0.63
17,6/11/2020 17:00,0.456,0.936
18,6/11/2020 18:00,0.375,20.6514
19,6/11/2020 19:00,0.135,2.2308
20,6/11/2020 20:00,0.015,3.4056
21,6/11/2020 21:00,0.021,25.2
22,6/11/2020 22:00,0.024,1.236
23,6/11/2020 23:00,0.0,0.3939606
0,6/12/2020 0:00,0.0,0.3119688
1,6/12/2020 1:00,0.0,0.1319868
2,6/12/2020 2:00,0.0,0.2079792
3,6/12/2020 3:00,0.0,0.468
4,6/12/2020 4:00,0.543,0.459
5,6/12/2020 5:00,1.866,0.312
6,6/12/2020 6:00,2.163,0.552
7,6/12/2020 7:00,2.349,8.412
8,6/12/2020 8:00,7.563,0.102
9,6/12/2020 9:00,3.246,0.138
10,6/12/2020 10:00,2.709,0.411
11,6/12/2020 11:00,9.612,0.0
12,6/12/2020 12:00,4.041,0.042
13,6/12/2020 13:00,4.245,0.318
14,6/12/2020 14:00,2.967,0.597
15,6/12/2020 15:00,3.24,0.105
16,6/12/2020 16:00,1.812,0.186
17,6/12/2020 17:00,0.741,3.231
18,6/12/2020 18:00,0.399,0.5214
19,6/12/2020 19:00,0.066,0.6138
20,6/12/2020 20:00,0.036,3.2472
21,6/12/2020 21:00,0.024,1.461
22,6/12/2020 22:00,0.018,1.701
23,6/12/2020 23:00,0.0,1.4178582
0,6/13/2020 0:00,0.0,0.1439856
1,6/13/2020 1:00,0.0,0.1159884
2,6/13/2020 2:00,0.0,0.195
3,6/13/2020 3:00,0.0,0.207
4,6/13/2020 4:00,0.42,0.453
5,6/13/2020 5:00,1.935,0.321
6,6/13/2020 6:00,3.498,0.12
7,6/13/2020 7:00,5.532,0.0
8,6/13/2020 8:00,6.828,0.315
9,6/13/2020 9:00,2.346,0.138
10,6/13/2020 10:00,2.313,0.183
11,6/13/2020 11:00,5.187,0.525
12,6/13/2020 12:00,2.382,0.378
13,6/13/2020 13:00,2.805,0.165
14,6/13/2020 14:00,2.07,0.237
15,6/13/2020 15:00,1.935,0.786
16,6/13/2020 16:00,0.834,5.937
17,6/13/2020 17:00,0.684,0.975
18,6/13/2020 18:00,0.276,1.2012
19,6/13/2020 19:00,0.111,2.2902
20,6/13/2020 20:00,0.042,3.0558
21,6/13/2020 21:00,0.009,24.699
22,6/13/2020 22:00,0.024,1.521
23,6/13/2020 23:00,0.0,0.3359664
0,6/14/2020 0:00,0.0,0.119988
1,6/14/2020 1:00,0.0,0.159984
2,6/14/2020 2:00,0.0,0.21
3,6/14/2020 3:00,0.0,0.213
4,6/14/2020 4:00,0.552,0.24
5,6/14/2020 5:00,1.317,0.618
6,6/14/2020 6:00,3.765,3.729
7,6/14/2020 7:00,5.391,0.54
8,6/14/2020 8:00,6.987,0.036
9,6/14/2020 9:00,8.055,0.0
10,6/14/2020 10:00,8.424,0.039
11,6/14/2020 11:00,8.583,0.0
12,6/14/2020 12:00,8.016,0.0
13,6/14/2020 13:00,6.339,0.222
14,6/14/2020 14:00,5.217,0.363
15,6/14/2020 15:00,3.204,0.093
16,6/14/2020 16:00,1.077,0.228
17,6/14/2020 17:00,0.801,7.368
18,6/14/2020 18:00,0.306,0.9702
19,6/14/2020 19:00,0.099,2.3826
20,6/14/2020 20:00,0.021,1.452
21,6/14/2020 21:00,0.009,1.701
22,6/14/2020 22:00,0.0,1.845
23,6/14/2020 23:00,0.0,0.9659034
0,6/15/2020 0:00,0.0,1.0858914
1,6/15/2020 1:00,0.0,0.3059694
2,6/15/2020 2:00,0.0,0.189981
3,6/15/2020 3:00,0.0,0.192
4,6/15/2020 4:00,0.375,0.474
5,6/15/2020 5:00,1.323,0.306
6,6/15/2020 6:00,3.063,0.723
7,6/15/2020 7:00,5.598,0.285
8,6/15/2020 8:00,6.897,0.063
9,6/15/2020 9:00,8.049,0.24
10,6/15/2020 10:00,8.703,0.054
11,6/15/2020 11:00,9.438,0.0
12,6/15/2020 12:00,5.238,11.883
13,6/15/2020 13:00,1.581,0.327
14,6/15/2020 14:00,2.553,0.204
15,6/15/2020 15:00,3.465,0.384
16,6/15/2020 16:00,1.092,5.862
17,6/15/2020 17:00,0.594,8.85
18,6/15/2020 18:00,0.453,1.2804
19,6/15/2020 19:00,0.201,2.3298
20,6/15/2020 20:00,0.027,1.7358
21,6/15/2020 21:00,0.012,0.984
22,6/15/2020 22:00,0.009,1.812
23,6/15/2020 23:00,0.0,0.4659534
0,6/16/2020 0:00,0.0,0.3019698
1,6/16/2020 1:00,0.0,0.319968
2,6/16/2020 2:00,0.0,0.1959804
3,6/16/2020 3:00,0.0,0.216
4,6/16/2020 4:00,0.603,0.48
5,6/16/2020 5:00,2.142,0.33
6,6/16/2020 6:00,3.81,7.782
7,6/16/2020 7:00,5.667,0.219
8,6/16/2020 8:00,2.358,0.213
9,6/16/2020 9:00,6.672,0.0
10,6/16/2020 10:00,4.908,0.384
11,6/16/2020 11:00,9.588,0.582
12,6/16/2020 12:00,9.666,0.0
13,6/16/2020 13:00,7.413,0.204
14,6/16/2020 14:00,6.696,0.234
15,6/16/2020 15:00,1.296,0.306
16,6/16/2020 16:00,1.641,0.465
17,6/16/2020 17:00,1.02,0.882
18,6/16/2020 18:00,0.318,1.3662
19,6/16/2020 19:00,0.06,0.6006
20,6/16/2020 20:00,0.042,2.3496
21,6/16/2020 21:00,0.0,25.053
22,6/16/2020 22:00,0.0,1.704
23,6/16/2020 23:00,0.0,0.29997
0,6/17/2020 0:00,0.0,0.559944
1,6/17/2020 1:00,0.0,0.1179882
2,6/17/2020 2:00,0.0,0.3279672
3,6/17/2020 3:00,0.0,0.54
4,6/17/2020 4:00,0.54,0.231
5,6/17/2020 5:00,1.32,0.237
6,6/17/2020 6:00,3.528,0.627
7,6/17/2020 7:00,5.139,0.438
8,6/17/2020 8:00,2.79,1.083
9,6/17/2020 9:00,2.538,0.513
10,6/17/2020 10:00,2.202,0.567
11,6/17/2020 11:00,7.47,0.0
12,6/17/2020 12:00,4.677,0.315
13,6/17/2020 13:00,2.775,0.504
14,6/17/2020 14:00,2.187,0.465
15,6/17/2020 15:00,1.023,8.337
16,6/17/2020 16:00,1.245,0.42
17,6/17/2020 17:00,0.66,0.24
18,6/17/2020 18:00,0.276,9.1542
19,6/17/2020 19:00,0.126,5.2734
20,6/17/2020 20:00,0.027,4.1976
21,6/17/2020 21:00,0.006,1.527
22,6/17/2020 22:00,0.009,1.524
23,6/17/2020 23:00,0.0,0.5979402
0,6/18/2020 0:00,0.0,0.489951
1,6/18/2020 1:00,0.0,0.579942
2,6/18/2020 2:00,0.0,0.4159584
3,6/18/2020 3:00,0.0,0.981
4,6/18/2020 4:00,0.573,0.678
5,6/18/2020 5:00,1.149,0.909
6,6/18/2020 6:00,3.522,0.708
7,6/18/2020 7:00,5.196,0.462
8,6/18/2020 8:00,6.405,0.648
9,6/18/2020 9:00,7.434,1.053
10,6/18/2020 10:00,1.443,0.702
11,6/18/2020 11:00,8.112,1.098
12,6/18/2020 12:00,7.434,0.774
13,6/18/2020 13:00,6.546,0.684
14,6/18/2020 14:00,4.977,0.747
15,6/18/2020 15:00,3.033,0.588
16,6/18/2020 16:00,1.128,1.095
17,6/18/2020 17:00,0.456,6.156
18,6/18/2020 18:00,0.285,2.8446
19,6/18/2020 19:00,0.132,2.6532
20,6/18/2020 20:00,0.072,0.9636
21,6/18/2020 21:00,0.006,1.275
22,6/18/2020 22:00,0.009,1.863
23,6/18/2020 23:00,0.0,0.3119688
0,6/19/2020 0:00,0.0,0.309969
1,6/19/2020 1:00,0.0,0.2079792
2,6/19/2020 2:00,0.0,0.3019698
3,6/19/2020 3:00,0.0,0.459
4,6/19/2020 4:00,0.57,0.342
5,6/19/2020 5:00,1.413,0.225
6,6/19/2020 6:00,3.66,0.771
7,6/19/2020 7:00,5.247,0.213
8,6/19/2020 8:00,6.489,0.0
9,6/19/2020 9:00,7.518,0.165
10,6/19/2020 10:00,8.211,0.27
11,6/19/2020 11:00,8.013,0.0
12,6/19/2020 12:00,7.503,0.552
13,6/19/2020 13:00,6.429,0.267
14,6/19/2020 14:00,4.947,0.258
15,6/19/2020 15:00,3.078,0.663
16,6/19/2020 16:00,1.263,0.438
17,6/19/2020 17:00,0.582,0.657
18,6/19/2020 18:00,0.33,1.9536
19,6/19/2020 19:00,0.138,1.1418
20,6/19/2020 20:00,0.015,1.8876
21,6/19/2020 21:00,0.0,1.575
22,6/19/2020 22:00,0.0,1.683
23,6/19/2020 23:00,0.0,0.2139786
0,6/20/2020 0:00,0.0,0.1139886
1,6/20/2020 1:00,0.0,0.246
2,6/20/2020 2:00,0.0,0.359964
3,6/20/2020 3:00,0.0,0.156
4,6/20/2020 4:00,0.606,0.267
5,6/20/2020 5:00,1.452,0.291
6,6/20/2020 6:00,3.018,0.333
7,6/20/2020 7:00,3.186,0.48
8,6/20/2020 8:00,3.246,0.678
9,6/20/2020 9:00,7.326,0.117
10,6/20/2020 10:00,3.81,0.195
11,6/20/2020 11:00,7.584,0.684
12,6/20/2020 12:00,7.263,0.216
13,6/20/2020 13:00,6.369,0.084
14,6/20/2020 14:00,4.239,0.219
15,6/20/2020 15:00,3.108,0.399
16,6/20/2020 16:00,1.155,0.684
17,6/20/2020 17:00,0.582,3.576
18,6/20/2020 18:00,0.441,2.1714
19,6/20/2020 19:00,0.111,1.3662
20,6/20/2020 20:00,0.036,2.1516
21,6/20/2020 21:00,0.024,1.545
22,6/20/2020 22:00,0.0,1.068
23,6/20/2020 23:00,0.0,0.9219078
0,6/21/2020 0:00,0.0,0.3019698
1,6/21/2020 1:00,0.0,0.1939806
2,6/21/2020 2:00,0.0,0.2119788
3,6/21/2020 3:00,0.0,0.342
4,6/21/2020 4:00,0.375,0.549
5,6/21/2020 5:00,1.311,0.402
6,6/21/2020 6:00,2.907,6.255
7,6/21/2020 7:00,4.557,1.314
8,6/21/2020 8:00,5.016,0.432
9,6/21/2020 9:00,6.435,0.183
10,6/21/2020 10:00,7.218,14.64
11,6/21/2020 11:00,7.548,0.27
12,6/21/2020 12:00,6.762,0.39
13,6/21/2020 13:00,6.117,8.259
14,6/21/2020 14:00,4.218,0.564
15,6/21/2020 15:00,2.622,0.714
16,6/21/2020 16:00,1.503,5.769
17,6/21/2020 17:00,0.768,0.639
18,6/21/2020 18:00,0.318,1.716
19,6/21/2020 19:00,0.141,1.9668
20,6/21/2020 20:00,0.036,1.749
21,6/21/2020 21:00,0.0,1.224
22,6/21/2020 22:00,0.03,0.924
23,6/21/2020 23:00,0.0,1.074
0,6/22/2020 0:00,0.0,0.4659534
1,6/22/2020 1:00,0.0,0.5079492
2,6/22/2020 2:00,0.0,0.489951
3,6/22/2020 3:00,0.0,0.297
4,6/22/2020 4:00,0.558,0.396
5,6/22/2020 5:00,1.314,1.08
6,6/22/2020 6:00,2.922,0.552
7,6/22/2020 7:00,4.854,0.498
8,6/22/2020 8:00,6.273,0.27
9,6/22/2020 9:00,3.294,0.393
10,6/22/2020 10:00,0.531,1.164
11,6/22/2020 11:00,3.558,1.59
12,6/22/2020 12:00,8.715,0.678
13,6/22/2020 13:00,3.369,0.642
14,6/22/2020 14:00,1.374,0.588
15,6/22/2020 15:00,3.0,0.669
16,6/22/2020 16:00,2.469,0.684
17,6/22/2020 17:00,0.423,6.225
18,6/22/2020 18:00,0.444,1.914
19,6/22/2020 19:00,0.15,2.2572
20,6/22/2020 20:00,0.039,2.7786
21,6/22/2020 21:00,0.006,1.671
22,6/22/2020 22:00,0.009,1.875
23,6/22/2020 23:00,0.0,0.3439656
0,6/23/2020 0:00,0.0,0.3919608
1,6/23/2020 1:00,0.0,0.3919608
2,6/23/2020 2:00,0.0,0.1559844
3,6/23/2020 3:00,0.0,0.201
4,6/23/2020 4:00,0.486,0.633
5,6/23/2020 5:00,0.939,0.531
6,6/23/2020 6:00,3.732,0.39
7,6/23/2020 7:00,4.686,0.18
8,6/23/2020 8:00,7.122,0.0
9,6/23/2020 9:00,7.275,0.0
10,6/23/2020 10:00,4.977,0.723
11,6/23/2020 11:00,10.152,0.0
12,6/23/2020 12:00,3.87,0.318
13,6/23/2020 13:00,3.606,0.48
14,6/23/2020 14:00,3.168,0.729
15,6/23/2020 15:00,1.602,0.714
16,6/23/2020 16:00,1.08,0.894
17,6/23/2020 17:00,0.507,0.834
18,6/23/2020 18:00,0.582,13.3848
19,6/23/2020 19:00,0.12,0.858
20,6/23/2020 20:00,0.024,2.3364
21,6/23/2020 21:00,0.0,0.813
22,6/23/2020 22:00,0.003,1.908
23,6/23/2020 23:00,0.0,1.1458854
0,6/24/2020 0:00,0.0,0.749925
1,6/24/2020 1:00,0.0,0.5019498
2,6/24/2020 2:00,0.0,0.1919808
3,6/24/2020 3:00,0.0,0.51
4,6/24/2020 4:00,0.003,0.219
5,6/24/2020 5:00,0.507,1.017
6,6/24/2020 6:00,1.413,6.054
7,6/24/2020 7:00,2.268,6.906
8,6/24/2020 8:00,1.224,0.672
9,6/24/2020 9:00,2.517,1.947
10,6/24/2020 10:00,3.78,1.002
11,6/24/2020 11:00,3.726,0.786
12,6/24/2020 12:00,3.291,0.738
13,6/24/2020 13:00,9.432,24.426
14,6/24/2020 14:00,2.835,0.489
15,6/24/2020 15:00,4.098,0.24
16,6/24/2020 16:00,1.902,0.441
17,6/24/2020 17:00,1.011,1.149
18,6/24/2020 18:00,0.261,1.3464
19,6/24/2020 19:00,0.111,2.1846
20,6/24/2020 20:00,0.03,1.3662
21,6/24/2020 21:00,0.027,1.155
22,6/24/2020 22:00,0.045,1.53
23,6/24/2020 23:00,0.0,1.3425
0,6/25/2020 0:00,0.0,0.7979202
1,6/25/2020 1:00,0.0,0.1259874
2,6/25/2020 2:00,0.0,0.3439656
3,6/25/2020 3:00,0.0,0.549
4,6/25/2020 4:00,0.171,0.258
5,6/25/2020 5:00,1.197,0.237
6,6/25/2020 6:00,1.902,0.291
7,6/25/2020 7:00,1.389,0.654
8,6/25/2020 8:00,0.978,0.225
9,6/25/2020 9:00,1.044,0.297
10,6/25/2020 10:00,2.487,0.222
11,6/25/2020 11:00,3.498,1.101
12,6/25/2020 12:00,0.942,1.707
13,6/25/2020 13:00,1.668,1.116
14,6/25/2020 14:00,0.768,0.807
15,6/25/2020 15:00,1.14,1.491
16,6/25/2020 16:00,0.804,1.122
17,6/25/2020 17:00,0.717,0.873
18,6/25/2020 18:00,0.201,3.0162
19,6/25/2020 19:00,0.078,3.5838
20,6/25/2020 20:00,0.036,2.508
21,6/25/2020 21:00,0.003,0.831
22,6/25/2020 22:00,0.012,25.833
23,6/25/2020 23:00,0.0,0.7819218
0,6/26/2020 0:00,0.0,0.29997
1,6/26/2020 1:00,0.0,0.139986
2,6/26/2020 2:00,0.0,0.2039796
3,6/26/2020 3:00,0.0,0.192
4,6/26/2020 4:00,0.537,0.474
5,6/26/2020 5:00,1.899,6.726
6,6/26/2020 6:00,3.828,1.467
7,6/26/2020 7:00,5.238,0.288
8,6/26/2020 8:00,6.273,0.054
9,6/26/2020 9:00,7.47,0.0
10,6/26/2020 10:00,6.951,0.15
11,6/26/2020 11:00,6.168,0.021
12,6/26/2020 12:00,6.798,0.354
13,6/26/2020 13:00,7.083,0.219
14,6/26/2020 14:00,0.75,0.318
15,6/26/2020 15:00,4.029,0.222
16,6/26/2020 16:00,1.314,0.498
17,6/26/2020 17:00,1.038,4.728
18,6/26/2020 18:00,0.429,0.5412
19,6/26/2020 19:00,0.165,2.4684
20,6/26/2020 20:00,0.018,3.1548
21,6/26/2020 21:00,0.0,1.374
22,6/26/2020 22:00,0.021,1.497
23,6/26/2020 23:00,0.0,1.4355
0,6/27/2020 0:00,0.0,0.2519748
1,6/27/2020 1:00,0.0,0.3159684
2,6/27/2020 2:00,0.0,0.1979802
3,6/27/2020 3:00,0.0,0.306
4,6/27/2020 4:00,0.222,7.029
5,6/27/2020 5:00,0.459,0.345
6,6/27/2020 6:00,1.404,5.61
7,6/27/2020 7:00,2.799,0.486
8,6/27/2020 8:00,2.808,0.276
9,6/27/2020 9:00,3.519,0.12
10,6/27/2020 10:00,3.081,0.996
11,6/27/2020 11:00,2.67,0.825
12,6/27/2020 12:00,1.794,0.546
13,6/27/2020 13:00,1.629,1.164
14,6/27/2020 14:00,1.767,0.825
15,6/27/2020 15:00,1.776,0.687
16,6/27/2020 16:00,1.101,5.781
17,6/27/2020 17:00,0.726,12.216
18,6/27/2020 18:00,0.312,9.0552
19,6/27/2020 19:00,0.078,7.6956
20,6/27/2020 20:00,0.018,1.9998
21,6/27/2020 21:00,0.021,3.726
22,6/27/2020 22:00,0.027,1.656
23,6/27/2020 23:00,0.0,0.4439556
0,6/28/2020 0:00,0.0,0.559944
1,6/28/2020 1:00,0.0,0.1319868
2,6/28/2020 2:00,0.0,0.3579642
3,6/28/2020 3:00,0.0,0.567
4,6/28/2020 4:00,0.003,0.186
5,6/28/2020 5:00,0.222,0.348
6,6/28/2020 6:00,0.558,1.098
7,6/28/2020 7:00,0.957,0.297
8,6/28/2020 8:00,1.539,0.633
9,6/28/2020 9:00,1.608,1.371
10,6/28/2020 10:00,1.905,0.501
11,6/28/2020 11:00,1.911,1.287
12,6/28/2020 12:00,2.733,0.921
13,6/28/2020 13:00,1.704,0.648
14,6/28/2020 14:00,1.95,0.156
15,6/28/2020 15:00,0.972,0.183
16,6/28/2020 16:00,0.762,1.056
17,6/28/2020 17:00,0.465,0.945
18,6/28/2020 18:00,0.216,1.386
19,6/28/2020 19:00,0.066,2.9304
20,6/28/2020 20:00,0.018,3.2274
21,6/28/2020 21:00,0.009,1.71
22,6/28/2020 22:00,0.015,25.887
23,6/28/2020 23:00,0.0,0.79992
0,6/29/2020 0:00,0.0,0.359964
1,6/29/2020 1:00,0.0,0.1019898
2,6/29/2020 2:00,0.0,0.2039796
3,6/29/2020 3:00,0.0,0.468
4,6/29/2020 4:00,0.171,0.471
5,6/29/2020 5:00,0.663,0.327
6,6/29/2020 6:00,1.779,1.467
7,6/29/2020 7:00,5.529,1.104
8,6/29/2020 8:00,3.342,1.077
9,6/29/2020 9:00,7.779,0.159
10,6/29/2020 10:00,7.644,24.147
11,6/29/2020 11:00,2.724,0.969
12,6/29/2020 12:00,2.469,0.864
13,6/29/2020 13:00,4.788,1.026
14,6/29/2020 14:00,1.89,0.885
15,6/29/2020 15:00,2.157,0.735
16,6/29/2020 16:00,0.516,0.834
17,6/29/2020 17:00,0.348,0.909
18,6/29/2020 18:00,0.48,2.9634
19,6/29/2020 19:00,0.129,1.7358
20,6/29/2020 20:00,0.042,2.2704
21,6/29/2020 21:00,0.021,1.173
22,6/29/2020 22:00,0.015,0.855
23,6/29/2020 23:00,0.0,1.014
0,6/30/2020 0:00,0.0,1.1318868
1,6/30/2020 1:00,0.0,0.2639736
2,6/30/2020 2:00,0.0,0.1859814
3,6/30/2020 3:00,0.0,0.18
4,6/30/2020 4:00,0.198,0.234
5,6/30/2020 5:00,1.011,0.552
6,6/30/2020 6:00,1.977,1.587
7,6/30/2020 7:00,3.684,0.144
8,6/30/2020 8:00,3.087,0.234
9,6/30/2020 9:00,2.949,0.354
10,6/30/2020 10:00,3.213,0.468
11,6/30/2020 11:00,2.121,0.168
12,6/30/2020 12:00,4.227,0.102
13,6/30/2020 13:00,2.295,0.246
14,6/30/2020 14:00,2.862,0.123
15,6/30/2020 15:00,1.656,0.441
16,6/30/2020 16:00,1.971,0.528
17,6/30/2020 17:00,1.026,10.086
18,6/30/2020 18:00,0.21,1.2606
19,6/30/2020 19:00,0.054,1.9272
20,6/30/2020 20:00,0.0,2.8248
21,6/30/2020 21:00,0.006,1.221
22,6/30/2020 22:00,0.0,1.269
23,6/30/2020 23:00,0.0,1.0918908
0,7/1/2020 0:00,0.0,0.359964
1,7/1/2020 1:00,0.0,0.1159884
2,7/1/2020 2:00,0.0,0.1079892
3,7/1/2020 3:00,0.0,0.285
4,7/1/2020 4:00,0.015,0.462
5,7/1/2020 5:00,0.462,0.564
6,7/1/2020 6:00,1.74,0.213
7,7/1/2020 7:00,5.508,0.159
8,7/1/2020 8:00,6.903,0.534
9,7/1/2020 9:00,7.884,0.543
10,7/1/2020 10:00,8.706,0.057
11,7/1/2020 11:00,9.237,0.0
12,7/1/2020 12:00,3.285,1.227
13,7/1/2020 13:00,4.566,0.657
14,7/1/2020 14:00,5.709,0.066
15,7/1/2020 15:00,1.932,0.582
16,7/1/2020 16:00,1.434,0.651
17,7/1/2020 17:00,1.035,0.498
18,7/1/2020 18:00,0.573,0.7194
19,7/1/2020 19:00,0.099,21.4236
20,7/1/2020 20:00,0.03,1.9602
21,7/1/2020 21:00,0.0,1.617
22,7/1/2020 22:00,0.0,1.545
23,7/1/2020 23:00,0.0,1.0258974
0,7/2/2020 0:00,0.0,0.829917
1,7/2/2020 1:00,0.0,0.2919708
2,7/2/2020 2:00,0.0,0.1119888
3,7/2/2020 3:00,0.0,0.279
4,7/2/2020 4:00,0.309,0.444
5,7/2/2020 5:00,0.549,0.219
6,7/2/2020 6:00,3.849,0.501
7,7/2/2020 7:00,5.895,0.552
8,7/2/2020 8:00,2.001,0.396
9,7/2/2020 9:00,2.7,0.21
10,7/2/2020 10:00,3.339,0.345
11,7/2/2020 11:00,9.48,2.829
12,7/2/2020 12:00,7.986,8.535
13,7/2/2020 13:00,6.813,0.225
14,7/2/2020 14:00,5.787,0.0
15,7/2/2020 15:00,1.701,0.546
16,7/2/2020 16:00,0.741,0.216
17,7/2/2020 17:00,0.453,0.294
18,7/2/2020 18:00,0.261,1.9998
19,7/2/2020 19:00,0.111,1.5246
20,7/2/2020 20:00,0.021,2.1186
21,7/2/2020 21:00,0.03,1.857
22,7/2/2020 22:00,0.003,2.046
23,7/2/2020 23:00,0.0,1.059894
0,7/3/2020 0:00,0.0,0.179982
1,7/3/2020 1:00,0.0,0.0919908
2,7/3/2020 2:00,0.0,0.119988
3,7/3/2020 3:00,0.0,0.525
4,7/3/2020 4:00,0.879,0.306
5,7/3/2020 5:00,1.434,0.405
6,7/3/2020 6:00,1.98,8.007
7,7/3/2020 7:00,2.904,0.609
8,7/3/2020 8:00,4.221,0.201
9,7/3/2020 9:00,2.352,0.231
10,7/3/2020 10:00,1.59,0.561
11,7/3/2020 11:00,0.708,0.441
12,7/3/2020 12:00,0.921,0.408
13,7/3/2020 13:00,1.971,0.255
14,7/3/2020 14:00,5.499,5.34
15,7/3/2020 15:00,1.308,0.528
16,7/3/2020 16:00,0.651,0.69
17,7/3/2020 17:00,0.918,0.903
18,7/3/2020 18:00,0.264,13.695
19,7/3/2020 19:00,0.132,3.267
20,7/3/2020 20:00,0.039,5.2272
21,7/3/2020 21:00,0.0,2.538
22,7/3/2020 22:00,0.024,1.92
23,7/3/2020 23:00,0.0,0.6279372
0,7/4/2020 0:00,0.0,0.19998
1,7/4/2020 1:00,0.0,0.1939806
2,7/4/2020 2:00,0.0,0.1139886
3,7/4/2020 3:00,0.0,0.141
4,7/4/2020 4:00,0.726,0.333
5,7/4/2020 5:00,1.026,0.255
6,7/4/2020 6:00,1.962,0.405
7,7/4/2020 7:00,5.349,0.42
8,7/4/2020 8:00,5.901,0.0
9,7/4/2020 9:00,7.947,0.0
10,7/4/2020 10:00,10.518,0.603
11,7/4/2020 11:00,8.598,0.138
12,7/4/2020 12:00,7.896,0.126
13,7/4/2020 13:00,6.768,0.51
14,7/4/2020 14:00,4.929,0.252
15,7/4/2020 15:00,3.066,1.035
16,7/4/2020 16:00,1.428,5.769
17,7/4/2020 17:00,0.546,3.594
18,7/4/2020 18:00,0.315,12.5862
19,7/4/2020 19:00,0.075,1.9998
20,7/4/2020 20:00,0.009,1.1418
21,7/4/2020 21:00,0.0,1.419
22,7/4/2020 22:00,0.012,1.272
23,7/4/2020 23:00,0.0,0.3539646
0,7/5/2020 0:00,0.0,0.3379662
1,7/5/2020 1:00,0.0,0.19998
2,7/5/2020 2:00,0.0,0.3119688
3,7/5/2020 3:00,0.0,0.426
4,7/5/2020 4:00,0.483,0.318
5,7/5/2020 5:00,1.08,0.192
6,7/5/2020 6:00,3.651,1.134
7,7/5/2020 7:00,5.022,0.522
8,7/5/2020 8:00,6.708,0.126
9,7/5/2020 9:00,3.426,0.6
10,7/5/2020 10:00,8.742,0.417
11,7/5/2020 11:00,2.613,0.135
12,7/5/2020 12:00,9.489,0.591
13,7/5/2020 13:00,6.654,0.237
14,7/5/2020 14:00,5.547,0.693
15,7/5/2020 15:00,3.201,5.61
16,7/5/2020 16:00,1.173,5.169
17,7/5/2020 17:00,0.498,1.467
18,7/5/2020 18:00,0.306,2.31
19,7/5/2020 19:00,0.087,1.617
20,7/5/2020 20:00,0.021,2.4816
21,7/5/2020 21:00,0.024,1.647
22,7/5/2020 22:00,0.015,0.585
23,7/5/2020 23:00,0.0,0.2979702
0,7/6/2020 0:00,0.0,0.1839816
1,7/6/2020 1:00,0.0,0.1319868
2,7/6/2020 2:00,0.0,0.237
3,7/6/2020 3:00,0.0,0.51
4,7/6/2020 4:00,0.261,0.27
5,7/6/2020 5:00,0.825,0.309
6,7/6/2020 6:00,1.434,0.561
7,7/6/2020 7:00,5.007,0.075
8,7/6/2020 8:00,3.636,0.129
9,7/6/2020 9:00,3.513,1.002
10,7/6/2020 10:00,9.879,0.48
11,7/6/2020 11:00,8.466,0.204
12,7/6/2020 12:00,5.322,0.204
13,7/6/2020 13:00,5.328,0.168
14,7/6/2020 14:00,4.266,0.396
15,7/6/2020 15:00,3.795,0.477
16,7/6/2020 16:00,1.326,0.165
17,7/6/2020 17:00,1.038,8.166
18,7/6/2020 18:00,0.888,3.4584
19,7/6/2020 19:00,0.162,8.646
20,7/6/2020 20:00,0.012,2.6994
21,7/6/2020 21:00,0.0,1.044
22,7/6/2020 22:00,0.0,1.662
23,7/6/2020 23:00,0.0,1.1838816
0,7/7/2020 0:00,0.0,0.969903
1,7/7/2020 1:00,0.0,0.3259674
2,7/7/2020 2:00,0.0,0.3579642
3,7/7/2020 3:00,0.0,0.276
4,7/7/2020 4:00,0.21,0.243
5,7/7/2020 5:00,1.374,0.474
6,7/7/2020 6:00,3.066,1.512
7,7/7/2020 7:00,5.415,0.072
8,7/7/2020 8:00,6.678,0.03
9,7/7/2020 9:00,8.001,0.363
10,7/7/2020 10:00,8.463,0.0
11,7/7/2020 11:00,7.53,0.012
12,7/7/2020 12:00,5.367,0.33
13,7/7/2020 13:00,6.42,0.0
14,7/7/2020 14:00,2.298,0.51
15,7/7/2020 15:00,2.109,0.375
16,7/7/2020 16:00,1.779,1.08
17,7/7/2020 17:00,1.275,0.6
18,7/7/2020 18:00,0.414,1.5642
19,7/7/2020 19:00,0.105,1.7886
20,7/7/2020 20:00,0.03,1.749
21,7/7/2020 21:00,0.018,1.29
22,7/7/2020 22:00,0.027,2.382
23,7/7/2020 23:00,0.0,1.2718728
0,7/8/2020 0:00,0.0,0.1979802
1,7/8/2020 1:00,0.0,0.1939806
2,7/8/2020 2:00,0.0,0.279972
3,7/8/2020 3:00,0.0,0.255
4,7/8/2020 4:00,0.234,0.252
5,7/8/2020 5:00,0.555,1.806
6,7/8/2020 6:00,0.918,0.564
7,7/8/2020 7:00,2.316,0.705
8,7/8/2020 8:00,2.409,0.738
9,7/8/2020 9:00,2.031,0.804
10,7/8/2020 10:00,2.808,0.345
11,7/8/2020 11:00,10.383,0.261
12,7/8/2020 12:00,1.8,0.771
13,7/8/2020 13:00,2.706,0.3
14,7/8/2020 14:00,5.331,0.009
15,7/8/2020 15:00,3.309,0.411
16,7/8/2020 16:00,1.305,0.525
17,7/8/2020 17:00,0.645,0.426
18,7/8/2020 18:00,0.543,16.104
19,7/8/2020 19:00,0.111,4.4616
20,7/8/2020 20:00,0.045,1.1748
21,7/8/2020 21:00,0.003,1.329
22,7/8/2020 22:00,0.006,1.989
23,7/8/2020 23:00,0.0,0.1479852
0,7/9/2020 0:00,0.0,0.1819818
1,7/9/2020 1:00,0.0,0.2475
2,7/9/2020 2:00,0.0,0.109989
3,7/9/2020 3:00,0.0,0.258
4,7/9/2020 4:00,0.537,0.234
5,7/9/2020 5:00,0.525,0.423
6,7/9/2020 6:00,1.458,0.285
7,7/9/2020 7:00,2.271,14.754
8,7/9/2020 8:00,6.627,0.027
9,7/9/2020 9:00,8.211,1.995
10,7/9/2020 10:00,8.73,6.663
11,7/9/2020 11:00,8.553,0.39
12,7/9/2020 12:00,9.084,1.284
13,7/9/2020 13:00,3.159,5.895
14,7/9/2020 14:00,5.43,1.035
15,7/9/2020 15:00,3.012,0.558
16,7/9/2020 16:00,1.533,0.657
17,7/9/2020 17:00,0.603,0.639
18,7/9/2020 18:00,0.405,1.848
19,7/9/2020 19:00,0.108,2.607
20,7/9/2020 20:00,0.027,2.211
21,7/9/2020 21:00,0.006,1.449
22,7/9/2020 22:00,0.003,0.294
23,7/9/2020 23:00,0.0,0.1459854
0,7/10/2020 0:00,0.0,0.2565
1,7/10/2020 1:00,0.0,0.1039896
2,7/10/2020 2:00,0.0,0.2839716
3,7/10/2020 3:00,0.0,0.297
4,7/10/2020 4:00,0.294,0.216
5,7/10/2020 5:00,1.023,0.858
6,7/10/2020 6:00,3.216,0.621
7,7/10/2020 7:00,4.716,0.552
8,7/10/2020 8:00,6.483,0.0
9,7/10/2020 9:00,8.52,0.0
10,7/10/2020 10:00,5.76,0.219
11,7/10/2020 11:00,2.604,3.45
12,7/10/2020 12:00,1.722,0.777
13,7/10/2020 13:00,0.552,0.225
14,7/10/2020 14:00,6.654,0.405
15,7/10/2020 15:00,2.103,0.579
16,7/10/2020 16:00,1.479,0.408
17,7/10/2020 17:00,0.399,1.773
18,7/10/2020 18:00,0.27,5.7882
19,7/10/2020 19:00,0.063,1.5114
20,7/10/2020 20:00,0.0,3.2472
21,7/10/2020 21:00,0.018,1.725
22,7/10/2020 22:00,0.024,1.065
23,7/10/2020 23:00,0.0,0.49995
0,7/11/2020 0:00,0.0,0.289971
1,7/11/2020 1:00,0.0,0.2859714
2,7/11/2020 2:00,0.0,0.2059794
3,7/11/2020 3:00,0.0,0.156
4,7/11/2020 4:00,0.423,0.222
5,7/11/2020 5:00,0.87,0.561
6,7/11/2020 6:00,1.275,28.119
7,7/11/2020 7:00,1.965,0.483
8,7/11/2020 8:00,1.995,0.396
9,7/11/2020 9:00,2.391,0.255
10,7/11/2020 10:00,1.734,0.561
11,7/11/2020 11:00,3.822,0.846
12,7/11/2020 12:00,4.395,0.174
13,7/11/2020 13:00,1.623,0.285
14,7/11/2020 14:00,1.599,0.633
15,7/11/2020 15:00,0.909,0.591
16,7/11/2020 16:00,0.597,0.666
17,7/11/2020 17:00,0.426,8.052
18,7/11/2020 18:00,0.102,2.4354
19,7/11/2020 19:00,0.072,2.7852
20,7/11/2020 20:00,0.021,3.6102
21,7/11/2020 21:00,0.009,25.17
22,7/11/2020 22:00,0.006,6.435
23,7/11/2020 23:00,0.0,0.1259874
0,7/12/2020 0:00,0.0,0.1019898
1,7/12/2020 1:00,0.0,0.171
2,7/12/2020 2:00,0.0,0.1239876
3,7/12/2020 3:00,0.0,0.18
4,7/12/2020 4:00,0.018,0.546
5,7/12/2020 5:00,0.321,0.288
6,7/12/2020 6:00,1.287,0.627
7,7/12/2020 7:00,1.572,0.546
8,7/12/2020 8:00,3.483,0.234
9,7/12/2020 9:00,2.718,0.372
10,7/12/2020 10:00,5.31,0.0
11,7/12/2020 11:00,5.517,0.078
12,7/12/2020 12:00,3.336,0.456
13,7/12/2020 13:00,1.845,0.171
14,7/12/2020 14:00,7.053,0.0
15,7/12/2020 15:00,1.533,1.098
16,7/12/2020 16:00,1.377,0.468
17,7/12/2020 17:00,0.591,1.299
18,7/12/2020 18:00,0.234,1.7358
19,7/12/2020 19:00,0.12,1.782
20,7/12/2020 20:00,0.018,3.5244
21,7/12/2020 21:00,0.018,1.539
22,7/12/2020 22:00,0.027,1.053
23,7/12/2020 23:00,0.0,0.9279072
0,7/13/2020 0:00,0.0,0.379962
1,7/13/2020 1:00,0.0,0.2339766
2,7/13/2020 2:00,0.0,0.1579842
3,7/13/2020 3:00,0.0,0.483
4,7/13/2020 4:00,0.276,0.255
5,7/13/2020 5:00,0.969,0.576
6,7/13/2020 6:00,3.336,0.759
7,7/13/2020 7:00,5.805,0.252
8,7/13/2020 8:00,3.279,0.045
9,7/13/2020 9:00,4.224,0.189
10,7/13/2020 10:00,8.382,0.0
11,7/13/2020 11:00,6.378,0.174
12,7/13/2020 12:00,4.617,0.513
13,7/13/2020 13:00,6.852,0.0
14,7/13/2020 14:00,4.404,0.417
15,7/13/2020 15:00,2.358,0.396
16,7/13/2020 16:00,1.704,0.597
17,7/13/2020 17:00,0.75,0.552
18,7/13/2020 18:00,0.273,1.9206
19,7/13/2020 19:00,0.114,1.7358
20,7/13/2020 20:00,0.018,0.66
21,7/13/2020 21:00,0.0,1.65
22,7/13/2020 22:00,0.003,0.645
23,7/13/2020 23:00,0.0,0.2359764
0,7/14/2020 0:00,0.0,0.3139686
1,7/14/2020 1:00,0.0,0.179982
2,7/14/2020 2:00,0.0,0.1159884
3,7/14/2020 3:00,0.0,0.435
4,7/14/2020 4:00,0.564,0.327
5,7/14/2020 5:00,0.624,1.23
6,7/14/2020 6:00,2.244,24.609
7,7/14/2020 7:00,0.867,0.255
8,7/14/2020 8:00,1.413,0.282
9,7/14/2020 9:00,3.291,0.318
10,7/14/2020 10:00,3.543,0.081
11,7/14/2020 11:00,1.809,0.429
12,7/14/2020 12:00,3.897,0.204
13,7/14/2020 13:00,2.832,0.102
14,7/14/2020 14:00,2.667,0.39
15,7/14/2020 15:00,2.205,5.409
16,7/14/2020 16:00,1.323,1.335
17,7/14/2020 17:00,0.507,0.474
18,7/14/2020 18:00,0.318,0.6732
19,7/14/2020 19:00,0.075,0.4752
20,7/14/2020 20:00,0.015,2.0724
21,7/14/2020 21:00,0.009,0.852
22,7/14/2020 22:00,0.006,0.798
23,7/14/2020 23:00,0.0,0.489951
0,7/15/2020 0:00,0.0,0.359964
1,7/15/2020 1:00,0.0,0.1779822
2,7/15/2020 2:00,0.0,0.1019898
3,7/15/2020 3:00,0.0,0.165
4,7/15/2020 4:00,0.021,0.567
5,7/15/2020 5:00,0.612,0.207
6,7/15/2020 6:00,0.885,0.573
7,7/15/2020 7:00,2.349,1.269
8,7/15/2020 8:00,7.488,0.135
9,7/15/2020 9:00,3.42,0.303
10,7/15/2020 10:00,3.648,0.375
11,7/15/2020 11:00,3.075,0.609
12,7/15/2020 12:00,4.173,0.435
13,7/15/2020 13:00,2.322,0.504
14,7/15/2020 14:00,2.202,0.681
15,7/15/2020 15:00,0.72,0.702
16,7/15/2020 16:00,0.894,0.312
17,7/15/2020 17:00,0.468,0.468
18,7/15/2020 18:00,0.531,12.5466
19,7/15/2020 19:00,0.087,1.7028
20,7/15/2020 20:00,0.0,2.013
21,7/15/2020 21:00,0.003,0.702
22,7/15/2020 22:00,0.012,1.212
23,7/15/2020 23:00,0.0,0.7659234
0,7/16/2020 0:00,0.0,0.3839616
1,7/16/2020 1:00,0.0,0.1379862
2,7/16/2020 2:00,0.0,0.1139886
3,7/16/2020 3:00,0.0,0.3
4,7/16/2020 4:00,0.198,0.342
5,7/16/2020 5:00,0.996,0.444
6,7/16/2020 6:00,2.205,0.528
7,7/16/2020 7:00,4.221,0.294
8,7/16/2020 8:00,6.687,0.369
9,7/16/2020 9:00,4.554,14.433
10,7/16/2020 10:00,2.628,24.222
11,7/16/2020 11:00,3.906,0.576
12,7/16/2020 12:00,2.715,0.225
13,7/16/2020 13:00,3.864,0.108
14,7/16/2020 14:00,3.603,0.429
15,7/16/2020 15:00,1.272,0.78
16,7/16/2020 16:00,0.789,0.675
17,7/16/2020 17:00,0.882,1.287
18,7/16/2020 18:00,0.279,2.4618
19,7/16/2020 19:00,0.108,14.1042
20,7/16/2020 20:00,0.006,3.8412
21,7/16/2020 21:00,0.0,1.389
22,7/16/2020 22:00,0.003,0.813
23,7/16/2020 23:00,0.0,0.5179482
0,7/17/2020 0:00,0.0,0.2919708
1,7/17/2020 1:00,0.0,0.2739726
2,7/17/2020 2:00,0.0,0.189981
3,7/17/2020 3:00,0.0,0.195
4,7/17/2020 4:00,0.0,0.156
5,7/17/2020 5:00,0.732,0.477
6,7/17/2020 6:00,3.441,2.118
7,7/17/2020 7:00,5.559,0.012
8,7/17/2020 8:00,7.746,0.123
9,7/17/2020 9:00,2.007,0.486
10,7/17/2020 10:00,9.222,0.075
11,7/17/2020 11:00,7.779,0.06
12,7/17/2020 12:00,7.827,0.249
13,7/17/2020 13:00,6.855,0.087
14,7/17/2020 14:00,4.449,0.162
15,7/17/2020 15:00,3.822,0.441
16,7/17/2020 16:00,1.098,0.927
17,7/17/2020 17:00,0.882,11.172
18,7/17/2020 18:00,0.414,1.0758
19,7/17/2020 19:00,0.084,2.244
20,7/17/2020 20:00,0.0,2.805
21,7/17/2020 21:00,0.009,1.749
22,7/17/2020 22:00,0.012,1.113
23,7/17/2020 23:00,0.0,0.729927
0,7/18/2020 0:00,0.0,0.3679632
1,7/18/2020 1:00,0.0,0.2259774
2,7/18/2020 2:00,0.0,0.1219878
3,7/18/2020 3:00,0.0,0.165
4,7/18/2020 4:00,0.231,0.543
5,7/18/2020 5:00,0.633,0.36
6,7/18/2020 6:00,1.65,1.59
7,7/18/2020 7:00,4.176,0.168
8,7/18/2020 8:00,5.232,0.108
9,7/18/2020 9:00,7.383,0.324
10,7/18/2020 10:00,6.249,0.0
11,7/18/2020 11:00,6.201,0.198
12,7/18/2020 12:00,8.085,0.144
13,7/18/2020 13:00,6.843,0.651
14,7/18/2020 14:00,4.026,0.027
15,7/18/2020 15:00,2.694,0.768
16,7/18/2020 16:00,1.296,5.529
17,7/18/2020 17:00,0.879,0.693
18,7/18/2020 18:00,0.432,1.3398
19,7/18/2020 19:00,0.099,1.6962
20,7/18/2020 20:00,0.018,3.7422
21,7/18/2020 21:00,0.009,1.182
22,7/18/2020 22:00,0.015,1.236
23,7/18/2020 23:00,0.0,0.7679232
0,7/19/2020 0:00,0.0,0.279972
1,7/19/2020 1:00,0.0,0.319968
2,7/19/2020 2:00,0.0,0.3639636
3,7/19/2020 3:00,0.0,0.0
4,7/19/2020 4:00,0.0,0.324
5,7/19/2020 5:00,0.006,0.171
6,7/19/2020 6:00,0.876,1.149
7,7/19/2020 7:00,2.229,0.672
8,7/19/2020 8:00,4.794,0.171
9,7/19/2020 9:00,7.32,0.132
10,7/19/2020 10:00,7.992,0.099
11,7/19/2020 11:00,8.34,0.0
12,7/19/2020 12:00,6.468,0.018
13,7/19/2020 13:00,7.53,0.303
14,7/19/2020 14:00,6.663,0.0
15,7/19/2020 15:00,4.644,0.357
16,7/19/2020 16:00,2.79,6.747
17,7/19/2020 17:00,0.501,6.486
18,7/19/2020 18:00,0.408,2.5806
19,7/19/2020 19:00,0.198,1.3002
20,7/19/2020 20:00,0.003,2.7918
21,7/19/2020 21:00,0.018,1.113
22,7/19/2020 22:00,0.009,2.571
23,7/19/2020 23:00,0.0,0.969903
0,7/20/2020 0:00,0.0,0.9319068
1,7/20/2020 1:00,0.0,0.4159584
2,7/20/2020 2:00,0.0,0.4619538
3,7/20/2020 3:00,0.0,0.696
4,7/20/2020 4:00,0.018,0.486
5,7/20/2020 5:00,0.252,0.897
6,7/20/2020 6:00,0.345,21.258
7,7/20/2020 7:00,1.071,0.741
8,7/20/2020 8:00,1.317,0.456
9,7/20/2020 9:00,2.142,0.24
10,7/20/2020 10:00,7.284,0.276
11,7/20/2020 11:00,10.776,18.375
12,7/20/2020 12:00,1.737,0.531
13,7/20/2020 13:00,2.31,0.858
14,7/20/2020 14:00,1.593,0.411
15,7/20/2020 15:00,1.404,0.585
16,7/20/2020 16:00,1.74,0.291
17,7/20/2020 17:00,1.329,0.624
18,7/20/2020 18:00,0.804,7.3524
19,7/20/2020 19:00,0.315,1.8678
20,7/20/2020 20:00,0.075,1.9602
21,7/20/2020 21:00,0.003,1.551
22,7/20/2020 22:00,0.0,1.905
23,7/20/2020 23:00,0.0,0.8359164
0,7/21/2020 0:00,0.0,0.4179582
1,7/21/2020 1:00,0.0,0.2020798
2,7/21/2020 2:00,0.0,0.1159884
3,7/21/2020 3:00,0.0,0.282
4,7/21/2020 4:00,0.009,0.594
5,7/21/2020 5:00,0.447,0.486
6,7/21/2020 6:00,1.395,1.218
7,7/21/2020 7:00,3.915,0.942
8,7/21/2020 8:00,5.949,0.084
9,7/21/2020 9:00,2.928,0.081
10,7/21/2020 10:00,8.385,0.0
11,7/21/2020 11:00,8.952,0.039
12,7/21/2020 12:00,9.165,0.483
13,7/21/2020 13:00,8.439,0.084
14,7/21/2020 14:00,2.88,0.219
15,7/21/2020 15:00,3.207,0.507
16,7/21/2020 16:00,2.967,0.345
17,7/21/2020 17:00,0.951,2.157
18,7/21/2020 18:00,0.531,11.0286
19,7/21/2020 19:00,0.396,15.6684
20,7/21/2020 20:00,0.051,2.0658
21,7/21/2020 21:00,0.0,0.879
22,7/21/2020 22:00,0.0,0.672
23,7/21/2020 23:00,0.0,0.6219378
0,7/22/2020 0:00,0.0,0.6419358
1,7/22/2020 1:00,0.0,0.2020798
2,7/22/2020 2:00,0.0,0.3819618
3,7/22/2020 3:00,0.0,0.444
4,7/22/2020 4:00,0.015,0.192
5,7/22/2020 5:00,0.249,0.501
6,7/22/2020 6:00,0.162,0.321
7,7/22/2020 7:00,0.633,0.477
8,7/22/2020 8:00,2.058,0.165
9,7/22/2020 9:00,3.351,0.624
10,7/22/2020 10:00,6.243,1.578
11,7/22/2020 11:00,9.594,0.291
12,7/22/2020 12:00,8.907,0.465
13,7/22/2020 13:00,8.031,0.0
14,7/22/2020 14:00,4.26,0.465
15,7/22/2020 15:00,2.076,0.447
16,7/22/2020 16:00,1.398,0.459
17,7/22/2020 17:00,1.77,0.222
18,7/22/2020 18:00,0.336,1.419
19,7/22/2020 19:00,0.189,10.5996
20,7/22/2020 20:00,0.024,3.564
21,7/22/2020 21:00,0.015,2.013
22,7/22/2020 22:00,0.0,1.005
23,7/22/2020 23:00,0.0,1.509
0,7/23/2020 0:00,0.0,0.3819618
1,7/23/2020 1:00,0.0,0.1119888
2,7/23/2020 2:00,0.0,0.1159884
3,7/23/2020 3:00,0.0,0.516
4,7/23/2020 4:00,0.006,0.198
5,7/23/2020 5:00,0.006,0.201
6,7/23/2020 6:00,0.786,0.345
7,7/23/2020 7:00,1.782,0.693
8,7/23/2020 8:00,2.208,0.237
9,7/23/2020 9:00,1.83,0.288
10,7/23/2020 10:00,1.899,0.423
11,7/23/2020 11:00,2.295,0.507
12,7/23/2020 12:00,3.885,0.921
13,7/23/2020 13:00,3.243,0.777
14,7/23/2020 14:00,2.517,0.567
15,7/23/2020 15:00,5.982,0.159
16,7/23/2020 16:00,2.73,0.456
17,7/23/2020 17:00,1.182,1.281
18,7/23/2020 18:00,0.771,29.733
19,7/23/2020 19:00,0.228,2.0856
20,7/23/2020 20:00,0.036,1.1946
21,7/23/2020 21:00,0.003,1.749
22,7/23/2020 22:00,0.009,1.605
23,7/23/2020 23:00,0.0,1.677
0,7/24/2020 0:00,0.0,0.709929
1,7/24/2020 1:00,0.0,0.1279872
2,7/24/2020 2:00,0.0,0.1239876
3,7/24/2020 3:00,0.0,0.165
4,7/24/2020 4:00,0.0,0.543
5,7/24/2020 5:00,0.426,0.225
6,7/24/2020 6:00,0.405,0.216
7,7/24/2020 7:00,1.314,1.488
8,7/24/2020 8:00,0.999,5.634
9,7/24/2020 9:00,1.668,5.676
10,7/24/2020 10:00,2.301,5.376
11,7/24/2020 11:00,1.056,1.221
12,7/24/2020 12:00,1.215,1.032
13,7/24/2020 13:00,6.063,0.0
14,7/24/2020 14:00,5.601,0.825
15,7/24/2020 15:00,3.642,0.774
16,7/24/2020 16:00,0.708,1.197
17,7/24/2020 17:00,0.717,10.155
18,7/24/2020 18:00,0.24,5.4648
19,7/24/2020 19:00,0.063,2.1648
20,7/24/2020 20:00,0.024,2.7258
21,7/24/2020 21:00,0.015,1.479
22,7/24/2020 22:00,0.021,1.506
23,7/24/2020 23:00,0.0,1.249875
0,7/25/2020 0:00,0.0,1.6905
1,7/25/2020 1:00,0.0,0.3659634
2,7/25/2020 2:00,0.0,0.1239876
3,7/25/2020 3:00,0.0,0.177
4,7/25/2020 4:00,0.006,0.534
5,7/25/2020 5:00,0.213,0.345
6,7/25/2020 6:00,2.328,14.484
7,7/25/2020 7:00,1.287,0.459
8,7/25/2020 8:00,3.114,1.122
9,7/25/2020 9:00,2.883,1.074
10,7/25/2020 10:00,3.897,0.867
11,7/25/2020 11:00,3.231,1.128
12,7/25/2020 12:00,4.602,0.252
13,7/25/2020 13:00,2.205,0.33
14,7/25/2020 14:00,2.46,0.168
15,7/25/2020 15:00,2.652,0.399
16,7/25/2020 16:00,2.133,0.366
17,7/25/2020 17:00,1.032,5.118
18,7/25/2020 18:00,0.567,1.6368
19,7/25/2020 19:00,0.198,2.1714
20,7/25/2020 20:00,0.027,2.277
21,7/25/2020 21:00,0.012,1.983
22,7/25/2020 22:00,0.003,1.542
23,7/25/2020 23:00,0.0,1.7625
0,7/26/2020 0:00,0.0,0.5519448
1,7/26/2020 1:00,0.0,0.2159784
2,7/26/2020 2:00,0.0,0.1919808
3,7/26/2020 3:00,0.0,0.18
4,7/26/2020 4:00,0.009,0.243
5,7/26/2020 5:00,0.585,0.576
6,7/26/2020 6:00,1.506,14.763
7,7/26/2020 7:00,1.329,7.038
8,7/26/2020 8:00,2.184,1.347
9,7/26/2020 9:00,3.189,1.197
10,7/26/2020 10:00,3.081,0.243
11,7/26/2020 11:00,2.907,0.573
12,7/26/2020 12:00,2.178,0.78
13,7/26/2020 13:00,1.761,0.399
14,7/26/2020 14:00,1.53,0.93
15,7/26/2020 15:00,4.122,0.975
16,7/26/2020 16:00,1.368,0.75
17,7/26/2020 17:00,0.819,0.798
18,7/26/2020 18:00,0.366,2.9238
19,7/26/2020 19:00,0.129,1.8546
20,7/26/2020 20:00,0.012,2.046
21,7/26/2020 21:00,0.021,1.383
22,7/26/2020 22:00,0.018,2.085
23,7/26/2020 23:00,0.0,0.9639036
0,7/27/2020 0:00,0.0,1.1138886
1,7/27/2020 1:00,0.0,1.0718928
2,7/27/2020 2:00,0.0,0.1919808
3,7/27/2020 3:00,0.0,0.165
4,7/27/2020 4:00,0.0,0.267
5,7/27/2020 5:00,0.024,0.228
6,7/27/2020 6:00,0.87,0.579
7,7/27/2020 7:00,1.416,2.781
8,7/27/2020 8:00,4.137,0.183
9,7/27/2020 9:00,3.882,0.42
10,7/27/2020 10:00,3.03,0.48
11,7/27/2020 11:00,3.069,0.225
12,7/27/2020 12:00,3.465,8.505
13,7/27/2020 13:00,4.005,0.42
14,7/27/2020 14:00,1.911,0.33
15,7/27/2020 15:00,5.946,0.312
16,7/27/2020 16:00,1.275,5.4
17,7/27/2020 17:00,1.362,0.552
18,7/27/2020 18:00,0.612,2.0196
19,7/27/2020 19:00,0.147,9.405
20,7/27/2020 20:00,0.033,1.3266
21,7/27/2020 21:00,0.003,1.047
22,7/27/2020 22:00,0.006,1.59
23,7/27/2020 23:00,0.0,1.3185
0,7/28/2020 0:00,0.0,0.5719428
1,7/28/2020 1:00,0.0,0.3779622
2,7/28/2020 2:00,0.0,0.1079892
3,7/28/2020 3:00,0.0,0.309
4,7/28/2020 4:00,0.0,0.465
5,7/28/2020 5:00,0.285,0.192
6,7/28/2020 6:00,0.438,0.534
7,7/28/2020 7:00,1.932,0.78
8,7/28/2020 8:00,5.085,0.372
9,7/28/2020 9:00,2.331,0.513
10,7/28/2020 10:00,8.445,3.918
11,7/28/2020 11:00,4.527,0.126
12,7/28/2020 12:00,3.861,0.45
13,7/28/2020 13:00,2.355,0.279
14,7/28/2020 14:00,2.628,0.561
15,7/28/2020 15:00,1.869,0.255
16,7/28/2020 16:00,2.013,0.291
17,7/28/2020 17:00,0.462,3.738
18,7/28/2020 18:00,0.204,1.716
19,7/28/2020 19:00,0.111,2.0658
20,7/28/2020 20:00,0.006,3.1878
21,7/28/2020 21:00,0.0,1.662
22,7/28/2020 22:00,0.009,1.233
23,7/28/2020 23:00,0.0,0.9619038
0,7/29/2020 0:00,0.0,1.159884
1,7/29/2020 1:00,0.0,0.2020798
2,7/29/2020 2:00,0.0,0.289971
3,7/29/2020 3:00,0.0,0.144
4,7/29/2020 4:00,0.0,0.294
5,7/29/2020 5:00,0.294,0.492
6,7/29/2020 6:00,1.329,0.27
7,7/29/2020 7:00,3.681,0.231
8,7/29/2020 8:00,5.316,0.819
9,7/29/2020 9:00,7.578,0.303
10,7/29/2020 10:00,3.837,18.087
11,7/29/2020 11:00,2.307,0.144
12,7/29/2020 12:00,5.187,0.261
13,7/29/2020 13:00,5.328,0.366
14,7/29/2020 14:00,2.568,0.498
15,7/29/2020 15:00,1.485,8.085
16,7/29/2020 16:00,0.957,0.933
17,7/29/2020 17:00,0.783,0.513
18,7/29/2020 18:00,0.354,2.0658
19,7/29/2020 19:00,0.096,21.0078
20,7/29/2020 20:00,0.015,5.2074
21,7/29/2020 21:00,0.012,1.134
22,7/29/2020 22:00,0.03,1.371
23,7/29/2020 23:00,0.0,1.1178882
0,7/30/2020 0:00,0.0,0.6359364
1,7/30/2020 1:00,0.0,0.3739626
2,7/30/2020 2:00,0.0,0.1959804
3,7/30/2020 3:00,0.0,0.267
4,7/30/2020 4:00,0.021,0.579
5,7/30/2020 5:00,0.432,0.327
6,7/30/2020 6:00,0.405,0.327
7,7/30/2020 7:00,1.485,0.474
8,7/30/2020 8:00,4.782,0.48
9,7/30/2020 9:00,2.805,0.345
10,7/30/2020 10:00,5.532,0.681
11,7/30/2020 11:00,2.517,15.216
12,7/30/2020 12:00,3.153,0.273
13,7/30/2020 13:00,4.791,0.066
14,7/30/2020 14:00,1.767,0.579
15,7/30/2020 15:00,5.52,0.279
16,7/30/2020 16:00,3.105,0.117
17,7/30/2020 17:00,1.188,0.618
18,7/30/2020 18:00,1.068,21.4764
19,7/30/2020 19:00,0.246,1.9404
20,7/30/2020 20:00,0.045,5.0886
21,7/30/2020 21:00,0.015,2.226
22,7/30/2020 22:00,0.0,0.972
23,7/30/2020 23:00,0.0,0.9019098
0,7/31/2020 0:00,0.0,0.2659734
1,7/31/2020 1:00,0.0,0.4759524
2,7/31/2020 2:00,0.0,0.3339666
3,7/31/2020 3:00,0.0,0.396
4,7/31/2020 4:00,0.003,0.513
5,7/31/2020 5:00,0.303,0.813
6,7/31/2020 6:00,1.134,24.12
7,7/31/2020 7:00,3.669,0.879
8,7/31/2020 8:00,5.997,0.669
9,7/31/2020 9:00,7.323,0.633
10,7/31/2020 10:00,8.76,0.468
11,7/31/2020 11:00,2.517,0.861
12,7/31/2020 12:00,2.409,0.528
13,7/31/2020 13:00,1.59,0.711
14,7/31/2020 14:00,1.848,0.786
15,7/31/2020 15:00,1.752,0.729
16,7/31/2020 16:00,0.282,0.639
17,7/31/2020 17:00,0.831,1.107
18,7/31/2020 18:00,1.32,2.475
19,7/31/2020 19:00,0.267,3.9204
20,7/31/2020 20:00,0.036,3.9534
21,7/31/2020 21:00,0.006,1.974
22,7/31/2020 22:00,0.0,1.671
23,7/31/2020 23:00,0.0,0.8319168
0,8/1/2020 0:00,0.0,0.5279472
1,8/1/2020 1:00,0.0,0.3279672
2,8/1/2020 2:00,0.0,0.2879712
3,8/1/2020 3:00,0.0,0.843
4,8/1/2020 4:00,0.0,0.705
5,8/1/2020 5:00,0.27,0.486
6,8/1/2020 6:00,1.707,14.373
7,8/1/2020 7:00,3.129,0.483
8,8/1/2020 8:00,4.692,0.231
9,8/1/2020 9:00,6.813,24.183
10,8/1/2020 10:00,8.775,0.438
11,8/1/2020 11:00,8.826,0.042
12,8/1/2020 12:00,9.438,0.099
13,8/1/2020 13:00,8.106,0.576
14,8/1/2020 14:00,1.71,0.57
15,8/1/2020 15:00,1.512,0.444
16,8/1/2020 16:00,0.315,0.678
17,8/1/2020 17:00,1.131,0.24
18,8/1/2020 18:00,0.552,15.2658
19,8/1/2020 19:00,0.231,2.6994
20,8/1/2020 20:00,0.015,2.6532
21,8/1/2020 21:00,0.015,0.939
22,8/1/2020 22:00,0.0,1.536
23,8/1/2020 23:00,0.0,1.089891
0,8/2/2020 0:00,0.0,0.5519448
1,8/2/2020 1:00,0.0,0.2079792
2,8/2/2020 2:00,0.0,0.1219878
3,8/2/2020 3:00,0.0,0.429
4,8/2/2020 4:00,0.003,0.3
5,8/2/2020 5:00,0.147,0.213
6,8/2/2020 6:00,0.843,14.688
7,8/2/2020 7:00,1.668,0.537
8,8/2/2020 8:00,2.463,0.726
9,8/2/2020 9:00,2.739,1.44
10,8/2/2020 10:00,2.031,8.991
11,8/2/2020 11:00,3.225,1.353
12,8/2/2020 12:00,2.55,0.099
13,8/2/2020 13:00,2.796,0.126
14,8/2/2020 14:00,1.26,0.552
15,8/2/2020 15:00,0.459,0.579
16,8/2/2020 16:00,0.468,0.474
17,8/2/2020 17:00,0.489,7.923
18,8/2/2020 18:00,0.393,6.798
19,8/2/2020 19:00,0.144,1.9404
20,8/2/2020 20:00,0.03,3.3528
21,8/2/2020 21:00,0.015,1.14
22,8/2/2020 22:00,0.012,2.556
23,8/2/2020 23:00,0.0,0.9119088
0,8/3/2020 0:00,0.0,0.1319868
1,8/3/2020 1:00,0.0,0.3739626
2,8/3/2020 2:00,0.0,0.1059894
3,8/3/2020 3:00,0.0,0.171
4,8/3/2020 4:00,0.0,0.534
5,8/3/2020 5:00,0.237,0.234
6,8/3/2020 6:00,1.452,14.715
7,8/3/2020 7:00,3.654,0.576
8,8/3/2020 8:00,1.062,0.723
9,8/3/2020 9:00,8.859,0.0
10,8/3/2020 10:00,2.628,0.561
11,8/3/2020 11:00,4.047,24.339
12,8/3/2020 12:00,2.574,0.111
13,8/3/2020 13:00,1.257,0.45
14,8/3/2020 14:00,0.627,0.54
15,8/3/2020 15:00,1.041,0.345
16,8/3/2020 16:00,1.152,0.144
17,8/3/2020 17:00,0.849,0.537
18,8/3/2020 18:00,0.393,9.5304
19,8/3/2020 19:00,0.126,6.8574
20,8/3/2020 20:00,0.036,4.5804
21,8/3/2020 21:00,0.006,1.023
22,8/3/2020 22:00,0.021,0.948
23,8/3/2020 23:00,0.0,0.9855
0,8/4/2020 0:00,0.0,0.4879512
1,8/4/2020 1:00,0.0,0.129987
2,8/4/2020 2:00,0.0,0.1179882
3,8/4/2020 3:00,0.0,0.528
4,8/4/2020 4:00,0.012,0.33
5,8/4/2020 5:00,0.219,0.219
6,8/4/2020 6:00,0.558,27.558
7,8/4/2020 7:00,0.954,0.795
8,8/4/2020 8:00,5.589,0.021
9,8/4/2020 9:00,6.813,0.0
10,8/4/2020 10:00,2.892,0.63
11,8/4/2020 11:00,7.155,0.0
12,8/4/2020 12:00,2.289,0.231
13,8/4/2020 13:00,1.725,3.375
14,8/4/2020 14:00,2.265,0.396
15,8/4/2020 15:00,2.688,0.51
16,8/4/2020 16:00,0.984,0.312
17,8/4/2020 17:00,1.104,0.525
18,8/4/2020 18:00,0.39,0.4488
19,8/4/2020 19:00,0.264,0.7392
20,8/4/2020 20:00,0.033,2.64
21,8/4/2020 21:00,0.012,0.906
22,8/4/2020 22:00,0.0,2.001
23,8/4/2020 23:00,0.0,1.4535
0,8/5/2020 0:00,0.0,0.5479452
1,8/5/2020 1:00,0.0,0.919908
2,8/5/2020 2:00,0.0,0.139986
3,8/5/2020 3:00,0.0,0.555
4,8/5/2020 4:00,0.012,0.573
5,8/5/2020 5:00,0.003,0.177
6,8/5/2020 6:00,0.258,0.306
7,8/5/2020 7:00,1.983,7.557
8,8/5/2020 8:00,1.926,0.933
9,8/5/2020 9:00,6.879,1.539
10,8/5/2020 10:00,5.826,0.42
11,8/5/2020 11:00,2.886,0.582
12,8/5/2020 12:00,5.892,0.783
13,8/5/2020 13:00,2.205,0.465
14,8/5/2020 14:00,0.447,0.237
15,8/5/2020 15:00,4.65,0.12
16,8/5/2020 16:00,2.424,0.255
17,8/5/2020 17:00,0.513,0.159
18,8/5/2020 18:00,0.252,1.2936
19,8/5/2020 19:00,0.15,7.524
20,8/5/2020 20:00,0.033,2.7786
21,8/5/2020 21:00,0.024,1.2
22,8/5/2020 22:00,0.003,1.536
23,8/5/2020 23:00,0.0,0.8519148
0,8/6/2020 0:00,0.0,1.407
1,8/6/2020 1:00,0.0,0.1939806
2,8/6/2020 2:00,0.0,0.1239876
3,8/6/2020 3:00,0.0,0.522
4,8/6/2020 4:00,0.012,0.18
5,8/6/2020 5:00,0.192,0.243
6,8/6/2020 6:00,1.377,0.189
7,8/6/2020 7:00,3.441,4.851
8,8/6/2020 8:00,5.511,0.519
9,8/6/2020 9:00,6.819,0.0
10,8/6/2020 10:00,8.037,0.0
11,8/6/2020 11:00,7.356,0.129
12,8/6/2020 12:00,6.189,0.327
13,8/6/2020 13:00,8.523,0.0
14,8/6/2020 14:00,6.255,0.0
15,8/6/2020 15:00,5.82,0.615
16,8/6/2020 16:00,3.261,0.468
17,8/6/2020 17:00,0.828,0.564
18,8/6/2020 18:00,0.306,1.0032
19,8/6/2020 19:00,0.129,18.9684
20,8/6/2020 20:00,0.021,1.8414
21,8/6/2020 21:00,0.003,21.597
22,8/6/2020 22:00,0.015,9.537
23,8/6/2020 23:00,0.0,0.9459054
0,8/7/2020 0:00,0.0,1.5738426
1,8/7/2020 1:00,0.0,1.3858614
2,8/7/2020 2:00,0.0,0.4019598
3,8/7/2020 3:00,0.0,0.693
4,8/7/2020 4:00,0.018,0.867
5,8/7/2020 5:00,0.258,0.657
6,8/7/2020 6:00,1.167,25.29
7,8/7/2020 7:00,2.055,0.684
8,8/7/2020 8:00,1.698,0.174
9,8/7/2020 9:00,3.357,0.402
10,8/7/2020 10:00,4.542,0.429
11,8/7/2020 11:00,4.173,0.501
12,8/7/2020 12:00,3.09,0.162
13,8/7/2020 13:00,1.95,0.459
14,8/7/2020 14:00,2.919,0.468
15,8/7/2020 15:00,3.225,0.105
16,8/7/2020 16:00,2.112,0.606
17,8/7/2020 17:00,0.942,5.769
18,8/7/2020 18:00,0.537,3.168
19,8/7/2020 19:00,0.126,3.2802
20,8/7/2020 20:00,0.021,2.4618
21,8/7/2020 21:00,0.0,1.998
22,8/7/2020 22:00,0.0,1.548
23,8/7/2020 23:00,0.0,1.259874
0,8/8/2020 0:00,0.0,1.2918708
1,8/8/2020 1:00,0.0,0.2819718
2,8/8/2020 2:00,0.0,0.239976
3,8/8/2020 3:00,0.0,1.62
4,8/8/2020 4:00,0.0,1.374
5,8/8/2020 5:00,0.006,0.396
6,8/8/2020 6:00,0.42,14.334
7,8/8/2020 7:00,0.993,1.149
8,8/8/2020 8:00,1.647,0.408
9,8/8/2020 9:00,0.945,1.437
10,8/8/2020 10:00,1.164,1.746
11,8/8/2020 11:00,1.014,0.288
12,8/8/2020 12:00,1.356,0.348
13,8/8/2020 13:00,2.274,0.459
14,8/8/2020 14:00,1.077,0.516
15,8/8/2020 15:00,6.12,0.171
16,8/8/2020 16:00,1.713,0.252
17,8/8/2020 17:00,1.119,1.068
18,8/8/2020 18:00,0.582,3.0822
19,8/8/2020 19:00,0.189,1.6236
20,8/8/2020 20:00,0.027,3.0756
21,8/8/2020 21:00,0.012,1.89
22,8/8/2020 22:00,0.0,1.812
23,8/8/2020 23:00,0.0,1.1618838
0,8/9/2020 0:00,0.0,0.2239776
1,8/9/2020 1:00,0.0,0.3179682
2,8/9/2020 2:00,0.0,0.4065
3,8/9/2020 3:00,0.0,0.549
4,8/9/2020 4:00,0.012,0.282
5,8/9/2020 5:00,0.009,0.282
6,8/9/2020 6:00,0.408,1.539
7,8/9/2020 7:00,1.707,11.79
8,8/9/2020 8:00,2.241,0.951
9,8/9/2020 9:00,2.613,0.324
10,8/9/2020 10:00,0.687,1.992
11,8/9/2020 11:00,0.963,2.235
12,8/9/2020 12:00,0.567,2.484
13,8/9/2020 13:00,0.945,7.344
14,8/9/2020 14:00,1.095,2.043
15,8/9/2020 15:00,0.531,2.994
16,8/9/2020 16:00,0.42,2.64
17,8/9/2020 17:00,0.222,8.217
18,8/9/2020 18:00,0.144,5.5638
19,8/9/2020 19:00,0.066,1.32
20,8/9/2020 20:00,0.015,2.1714
21,8/9/2020 21:00,0.0,1.392
22,8/9/2020 22:00,0.0,1.323
23,8/9/2020 23:00,0.0,1.3575
0,8/10/2020 0:00,0.0,1.4738526
1,8/10/2020 1:00,0.0,0.2459754
2,8/10/2020 2:00,0.0,0.3319668
3,8/10/2020 3:00,0.0,0.348
4,8/10/2020 4:00,0.0,0.249
5,8/10/2020 5:00,0.018,0.255
6,8/10/2020 6:00,0.207,0.756
7,8/10/2020 7:00,0.609,5.622
8,8/10/2020 8:00,1.551,0.891
9,8/10/2020 9:00,1.656,0.237
10,8/10/2020 10:00,1.959,0.324
11,8/10/2020 11:00,4.614,0.09
12,8/10/2020 12:00,1.77,0.342
13,8/10/2020 13:00,1.623,0.486
14,8/10/2020 14:00,2.271,0.687
15,8/10/2020 15:00,1.713,0.381
16,8/10/2020 16:00,1.779,0.225
17,8/10/2020 17:00,0.639,2.103
18,8/10/2020 18:00,0.507,1.7226
19,8/10/2020 19:00,0.168,1.5642
20,8/10/2020 20:00,0.009,0.6006
21,8/10/2020 21:00,0.012,1.425
22,8/10/2020 22:00,0.018,16.539
23,8/10/2020 23:00,0.0,1.4618538
0,8/11/2020 0:00,0.0,3.019698
1,8/11/2020 1:00,0.0,1.7278272
2,8/11/2020 2:00,0.0,0.259974
3,8/11/2020 3:00,0.0,0.258
4,8/11/2020 4:00,0.003,0.375
5,8/11/2020 5:00,0.003,0.264
6,8/11/2020 6:00,1.026,2.496
7,8/11/2020 7:00,2.352,0.519
8,8/11/2020 8:00,5.163,0.0
9,8/11/2020 9:00,6.561,0.018
10,8/11/2020 10:00,7.713,0.153
11,8/11/2020 11:00,9.039,0.309
12,8/11/2020 12:00,2.508,24.516
13,8/11/2020 13:00,6.438,0.204
14,8/11/2020 14:00,3.846,0.525
15,8/11/2020 15:00,3.621,0.342
16,8/11/2020 16:00,2.199,0.27
17,8/11/2020 17:00,0.618,0.522
18,8/11/2020 18:00,0.51,1.4454
19,8/11/2020 19:00,0.054,1.1154
20,8/11/2020 20:00,0.021,1.65
21,8/11/2020 21:00,0.015,1.173
22,8/11/2020 22:00,0.0,1.449
23,8/11/2020 23:00,0.0,0.7079292
0,8/12/2020 0:00,0.0,0.5639436
1,8/12/2020 1:00,0.0,0.4039596
2,8/12/2020 2:00,0.0,0.2519748
3,8/12/2020 3:00,0.0,0.264
4,8/12/2020 4:00,0.021,7.275
5,8/12/2020 5:00,0.003,1.404
6,8/12/2020 6:00,0.807,0.39
7,8/12/2020 7:00,3.807,0.564
8,8/12/2020 8:00,2.517,6.015
9,8/12/2020 9:00,1.863,0.618
10,8/12/2020 10:00,4.719,0.348
11,8/12/2020 11:00,2.475,0.411
12,8/12/2020 12:00,3.183,0.465
13,8/12/2020 13:00,2.538,0.498
14,8/12/2020 14:00,2.658,3.555
15,8/12/2020 15:00,2.595,0.834
16,8/12/2020 16:00,1.626,0.729
17,8/12/2020 17:00,0.54,0.669
18,8/12/2020 18:00,0.42,2.7588
19,8/12/2020 19:00,0.087,1.7952
20,8/12/2020 20:00,0.012,3.3858
21,8/12/2020 21:00,0.018,1.593
22,8/12/2020 22:00,0.0,1.149
23,8/12/2020 23:00,0.0,0.8059194
0,8/13/2020 0:00,0.0,1.179
1,8/13/2020 1:00,0.0,0.7739226
2,8/13/2020 2:00,0.0,0.1759824
3,8/13/2020 3:00,0.0,0.585
4,8/13/2020 4:00,0.0,0.255
5,8/13/2020 5:00,0.186,0.324
6,8/13/2020 6:00,1.113,0.369
7,8/13/2020 7:00,3.18,0.981
8,8/13/2020 8:00,5.238,24.453
9,8/13/2020 9:00,6.687,0.426
10,8/13/2020 10:00,8.421,0.225
11,8/13/2020 11:00,1.776,5.169
12,8/13/2020 12:00,9.597,10.806
13,8/13/2020 13:00,8.802,0.585
14,8/13/2020 14:00,8.055,0.153
15,8/13/2020 15:00,2.073,0.294
16,8/13/2020 16:00,1.764,0.519
17,8/13/2020 17:00,0.693,0.987
18,8/13/2020 18:00,0.378,0.6798
19,8/13/2020 19:00,0.117,12.8832
20,8/13/2020 20:00,0.006,3.1614
21,8/13/2020 21:00,0.015,1.377
22,8/13/2020 22:00,0.021,1.512
23,8/13/2020 23:00,0.0,0.9839016
0,8/14/2020 0:00,0.0,0.3659634
1,8/14/2020 1:00,0.0,0.3219678
2,8/14/2020 2:00,0.0,0.2579742
3,8/14/2020 3:00,0.0,0.255
4,8/14/2020 4:00,0.003,0.633
5,8/14/2020 5:00,0.204,0.591
6,8/14/2020 6:00,1.026,24.183
7,8/14/2020 7:00,1.17,0.996
8,8/14/2020 8:00,3.426,0.3
9,8/14/2020 9:00,4.803,0.294
10,8/14/2020 10:00,6.762,0.054
11,8/14/2020 11:00,7.2,0.444
12,8/14/2020 12:00,6.825,0.459
13,8/14/2020 13:00,6.771,0.267
14,8/14/2020 14:00,5.289,0.462
15,8/14/2020 15:00,3.723,0.483
16,8/14/2020 16:00,2.244,5.937
17,8/14/2020 17:00,1.584,0.501
18,8/14/2020 18:00,0.585,2.6268
19,8/14/2020 19:00,0.129,1.5906
20,8/14/2020 20:00,0.0,2.4024
21,8/14/2020 21:00,0.024,25.314
22,8/14/2020 22:00,0.012,1.743
23,8/14/2020 23:00,0.0,1.0938906
0,8/15/2020 0:00,0.0,1.0538946
1,8/15/2020 1:00,0.0,0.9679032
2,8/15/2020 2:00,0.0,0.1239876
3,8/15/2020 3:00,0.0,0.3
4,8/15/2020 4:00,0.012,0.222
5,8/15/2020 5:00,0.015,0.594
6,8/15/2020 6:00,0.243,0.573
7,8/15/2020 7:00,0.582,0.672
8,8/15/2020 8:00,0.699,0.537
9,8/15/2020 9:00,2.961,0.633
10,8/15/2020 10:00,5.394,1.02
11,8/15/2020 11:00,9.138,5.319
12,8/15/2020 12:00,2.448,5.412
13,8/15/2020 13:00,3.354,0.834
14,8/15/2020 14:00,3.246,0.462
15,8/15/2020 15:00,5.109,0.03
16,8/15/2020 16:00,2.352,1.338
17,8/15/2020 17:00,0.729,0.51
18,8/15/2020 18:00,0.282,1.3992
19,8/15/2020 19:00,0.102,1.353
20,8/15/2020 20:00,0.003,2.1846
21,8/15/2020 21:00,0.0,1.143
22,8/15/2020 22:00,0.0,1.071
23,8/15/2020 23:00,0.0,0.8659134
0,8/16/2020 0:00,0.0,0.4159584
1,8/16/2020 1:00,0.0,0.3039696
2,8/16/2020 2:00,0.0,0.2279772
3,8/16/2020 3:00,0.0,0.198
4,8/16/2020 4:00,0.006,0.312
5,8/16/2020 5:00,0.237,0.501
6,8/16/2020 6:00,0.75,0.336
7,8/16/2020 7:00,2.067,1.275
8,8/16/2020 8:00,2.616,0.42
9,8/16/2020 9:00,3.513,0.552
10,8/16/2020 10:00,2.844,0.267
11,8/16/2020 11:00,5.997,24.78
12,8/16/2020 12:00,3.828,0.429
13,8/16/2020 13:00,3.609,0.336
14,8/16/2020 14:00,7.575,0.0
15,8/16/2020 15:00,4.263,0.303
16,8/16/2020 16:00,2.223,0.525
17,8/16/2020 17:00,0.381,2.499
18,8/16/2020 18:00,0.207,1.8084
19,8/16/2020 19:00,0.042,1.617
20,8/16/2020 20:00,0.0,16.9092
21,8/16/2020 21:00,0.003,1.803
22,8/16/2020 22:00,0.003,1.824
23,8/16/2020 23:00,0.0,1.209879
0,8/17/2020 0:00,0.0,1.1458854
1,8/17/2020 1:00,0.0,0.389961
2,8/17/2020 2:00,0.0,0.2859714
3,8/17/2020 3:00,0.0,0.315
4,8/17/2020 4:00,0.006,0.231
5,8/17/2020 5:00,0.009,0.348
6,8/17/2020 6:00,0.285,24.315
7,8/17/2020 7:00,0.552,0.594
8,8/17/2020 8:00,0.414,0.822
9,8/17/2020 9:00,1.452,0.561
10,8/17/2020 10:00,2.163,1.005
11,8/17/2020 11:00,4.119,0.57
12,8/17/2020 12:00,8.373,0.0
13,8/17/2020 13:00,7.923,5.553
14,8/17/2020 14:00,6.243,0.279
15,8/17/2020 15:00,4.986,0.135
16,8/17/2020 16:00,2.4,0.162
17,8/17/2020 17:00,0.945,0.753
18,8/17/2020 18:00,0.489,14.5728
19,8/17/2020 19:00,0.072,3.8478
20,8/17/2020 20:00,0.009,1.1352
21,8/17/2020 21:00,0.012,1.914
22,8/17/2020 22:00,0.018,2.163
23,8/17/2020 23:00,0.0,2.0385
0,8/18/2020 0:00,0.0,14.1075
1,8/18/2020 1:00,0.0,1.2158784
2,8/18/2020 2:00,0.0,0.2079792
3,8/18/2020 3:00,0.0,0.195
4,8/18/2020 4:00,0.0,0.564
5,8/18/2020 5:00,0.012,0.477
6,8/18/2020 6:00,0.414,0.462
7,8/18/2020 7:00,0.903,0.402
8,8/18/2020 8:00,1.818,0.891
9,8/18/2020 9:00,7.386,0.492
10,8/18/2020 10:00,7.95,0.438
11,8/18/2020 11:00,1.869,0.963
12,8/18/2020 12:00,2.196,0.792
13,8/18/2020 13:00,8.463,0.333
14,8/18/2020 14:00,1.125,0.993
15,8/18/2020 15:00,5.136,0.717
16,8/18/2020 16:00,0.483,0.729
17,8/18/2020 17:00,0.639,0.528
18,8/18/2020 18:00,0.291,13.7082
19,8/18/2020 19:00,0.024,3.1416
20,8/18/2020 20:00,0.0,2.9766
21,8/18/2020 21:00,0.015,1.566
22,8/18/2020 22:00,0.012,1.05
23,8/18/2020 23:00,0.0,0.839916
0,8/19/2020 0:00,0.0,0.7759224
1,8/19/2020 1:00,0.0,0.289971
2,8/19/2020 2:00,0.0,0.2139786
3,8/19/2020 3:00,0.0,0.213
4,8/19/2020 4:00,0.006,0.357
5,8/19/2020 5:00,0.018,0.498
6,8/19/2020 6:00,1.074,0.252
7,8/19/2020 7:00,3.132,0.489
8,8/19/2020 8:00,4.65,0.447
9,8/19/2020 9:00,6.216,0.474
10,8/19/2020 10:00,1.887,0.486
11,8/19/2020 11:00,6.174,0.0
12,8/19/2020 12:00,2.514,0.51
13,8/19/2020 13:00,3.351,0.198
14,8/19/2020 14:00,2.922,0.273
15,8/19/2020 15:00,2.241,0.42
16,8/19/2020 16:00,1.914,0.189
17,8/19/2020 17:00,0.798,0.609
18,8/19/2020 18:00,0.228,1.1022
19,8/19/2020 19:00,0.066,2.673
20,8/19/2020 20:00,0.009,2.4486
21,8/19/2020 21:00,0.03,1.92
22,8/19/2020 22:00,0.018,1.143
23,8/19/2020 23:00,0.0,1.1218878
0,8/20/2020 0:00,0.0,0.4179582
1,8/20/2020 1:00,0.0,0.3059694
2,8/20/2020 2:00,0.0,0.139986
3,8/20/2020 3:00,0.0,0.318
4,8/20/2020 4:00,0.018,0.213
5,8/20/2020 5:00,0.006,0.324
6,8/20/2020 6:00,0.669,0.228
7,8/20/2020 7:00,2.595,0.195
8,8/20/2020 8:00,4.668,0.438
9,8/20/2020 9:00,6.03,0.552
10,8/20/2020 10:00,7.371,0.603
11,8/20/2020 11:00,1.782,0.369
12,8/20/2020 12:00,2.127,8.541
13,8/20/2020 13:00,6.264,5.433
14,8/20/2020 14:00,3.48,0.483
15,8/20/2020 15:00,2.502,0.693
16,8/20/2020 16:00,1.134,0.21
17,8/20/2020 17:00,0.528,0.483
18,8/20/2020 18:00,0.225,54.8856
19,8/20/2020 19:00,0.045,13.3254
20,8/20/2020 20:00,0.003,2.9898
21,8/20/2020 21:00,0.006,1.116
22,8/20/2020 22:00,0.009,8.244
23,8/20/2020 23:00,0.0,1.0138986
0,8/21/2020 0:00,0.0,0.2839716
1,8/21/2020 1:00,0.0,0.1559844
2,8/21/2020 2:00,0.0,0.33
3,8/21/2020 3:00,0.0,0.459
4,8/21/2020 4:00,0.0,6.957
5,8/21/2020 5:00,0.021,0.231
6,8/21/2020 6:00,0.882,0.393
7,8/21/2020 7:00,1.563,0.501
8,8/21/2020 8:00,1.419,0.603
9,8/21/2020 9:00,2.145,0.627
10,8/21/2020 10:00,2.112,0.672
11,8/21/2020 11:00,1.503,0.636
12,8/21/2020 12:00,1.929,5.832
13,8/21/2020 13:00,1.254,0.468
14,8/21/2020 14:00,1.938,0.654
15,8/21/2020 15:00,2.643,1.524
16,8/21/2020 16:00,1.542,1.407
17,8/21/2020 17:00,0.528,1.704
18,8/21/2020 18:00,0.324,20.46
19,8/21/2020 19:00,0.024,0.6864
20,8/21/2020 20:00,0.0,1.4256
21,8/21/2020 21:00,0.018,0.966
22,8/21/2020 22:00,0.009,1.503
23,8/21/2020 23:00,0.0,0.9879012
0,8/22/2020 0:00,0.0,0.6159384
1,8/22/2020 1:00,0.0,0.1539846
2,8/22/2020 2:00,0.0,0.2179782
3,8/22/2020 3:00,0.0,0.498
4,8/22/2020 4:00,0.0,0.552
5,8/22/2020 5:00,0.006,0.216
6,8/22/2020 6:00,0.516,0.303
7,8/22/2020 7:00,1.413,0.672
8,8/22/2020 8:00,2.052,0.894
9,8/22/2020 9:00,0.993,0.867
10,8/22/2020 10:00,0.921,0.501
11,8/22/2020 11:00,1.065,0.306
12,8/22/2020 12:00,2.802,0.18
13,8/22/2020 13:00,3.165,0.444
14,8/22/2020 14:00,1.749,1.626
15,8/22/2020 15:00,4.557,0.303
16,8/22/2020 16:00,1.44,3.753
17,8/22/2020 17:00,0.951,5.16
18,8/22/2020 18:00,0.297,12.3882
19,8/22/2020 19:00,0.027,2.6796
20,8/22/2020 20:00,0.024,2.6598
21,8/22/2020 21:00,0.015,1.728
22,8/22/2020 22:00,0.018,1.812
23,8/22/2020 23:00,0.0,1.0218978
0,8/23/2020 0:00,0.0,0.39996
1,8/23/2020 1:00,0.0,0.1419858
2,8/23/2020 2:00,0.0,0.2119788
3,8/23/2020 3:00,0.0,0.483
4,8/23/2020 4:00,0.012,0.57
5,8/23/2020 5:00,0.012,0.708
6,8/23/2020 6:00,0.903,0.408
7,8/23/2020 7:00,1.698,1.038
8,8/23/2020 8:00,1.809,3.27
9,8/23/2020 9:00,3.69,0.507
10,8/23/2020 10:00,6.027,0.48
11,8/23/2020 11:00,3.771,0.336
12,8/23/2020 12:00,5.676,0.105
13,8/23/2020 13:00,6.603,0.276
14,8/23/2020 14:00,1.605,0.891
15,8/23/2020 15:00,1.557,0.642
16,8/23/2020 16:00,1.443,0.51
17,8/23/2020 17:00,1.173,1.998
18,8/23/2020 18:00,0.312,4.323
19,8/23/2020 19:00,0.057,4.1316
20,8/23/2020 20:00,0.012,2.3232
21,8/23/2020 21:00,0.015,1.389
22,8/23/2020 22:00,0.012,1.446
23,8/23/2020 23:00,0.0,1.4175
0,8/24/2020 0:00,0.0,0.9979002
1,8/24/2020 1:00,0.0,0.679932
2,8/24/2020 2:00,0.0,0.3859614
3,8/24/2020 3:00,0.0,0.435
4,8/24/2020 4:00,0.003,0.57
5,8/24/2020 5:00,0.0,0.465
6,8/24/2020 6:00,0.618,0.285
7,8/24/2020 7:00,2.01,2.544
8,8/24/2020 8:00,4.629,0.318
9,8/24/2020 9:00,5.664,0.291
10,8/24/2020 10:00,6.402,0.384
11,8/24/2020 11:00,2.661,0.345
12,8/24/2020 12:00,8.82,0.0
13,8/24/2020 13:00,3.174,0.342
14,8/24/2020 14:00,2.466,2.028
15,8/24/2020 15:00,2.007,0.387
16,8/24/2020 16:00,1.548,0.543
17,8/24/2020 17:00,0.897,4.32
18,8/24/2020 18:00,0.351,9.5502
19,8/24/2020 19:00,0.042,49.0116
20,8/24/2020 20:00,0.015,3.7026
21,8/24/2020 21:00,0.012,2.226
22,8/24/2020 22:00,0.0,2.403
23,8/24/2020 23:00,0.0,1.6218378
0,8/25/2020 0:00,0.0,1.2038796
1,8/25/2020 1:00,0.0,0.3719628
2,8/25/2020 2:00,0.0,0.6219378
3,8/25/2020 3:00,0.0,0.78
4,8/25/2020 4:00,0.0,0.891
5,8/25/2020 5:00,0.012,0.609
6,8/25/2020 6:00,0.669,0.618
7,8/25/2020 7:00,1.905,5.481
8,8/25/2020 8:00,3.978,5.508
9,8/25/2020 9:00,5.094,0.501
10,8/25/2020 10:00,7.038,0.483
11,8/25/2020 11:00,5.652,0.192
12,8/25/2020 12:00,6.918,0.576
13,8/25/2020 13:00,6.936,0.453
14,8/25/2020 14:00,5.853,0.39
15,8/25/2020 15:00,4.044,0.552
16,8/25/2020 16:00,1.854,0.822
17,8/25/2020 17:00,0.381,4.935
18,8/25/2020 18:00,0.21,2.9436
19,8/25/2020 19:00,0.048,1.2012
20,8/25/2020 20:00,0.0,1.2672
21,8/25/2020 21:00,0.0,0.45
22,8/25/2020 22:00,0.006,1.107
23,8/25/2020 23:00,0.0,0.7785
0,8/26/2020 0:00,0.0,1.2918708
1,8/26/2020 1:00,0.0,0.579942
2,8/26/2020 2:00,0.0,0.3759624
3,8/26/2020 3:00,0.0,0.204
4,8/26/2020 4:00,0.009,0.357
5,8/26/2020 5:00,0.003,0.219
6,8/26/2020 6:00,0.195,5.433
7,8/26/2020 7:00,0.837,0.624
8,8/26/2020 8:00,3.093,0.387
9,8/26/2020 9:00,6.291,0.603
10,8/26/2020 10:00,6.348,0.858
11,8/26/2020 11:00,1.815,0.525
12,8/26/2020 12:00,3.612,0.555
13,8/26/2020 13:00,2.994,0.354
14,8/26/2020 14:00,2.016,0.819
15,8/26/2020 15:00,2.904,0.285
16,8/26/2020 16:00,1.11,1.125
17,8/26/2020 17:00,0.393,0.99
18,8/26/2020 18:00,0.282,2.2506
19,8/26/2020 19:00,0.054,0.6732
20,8/26/2020 20:00,0.0,1.4256
21,8/26/2020 21:00,0.0,0.483
22,8/26/2020 22:00,0.012,1.557
23,8/26/2020 23:00,0.0,0.8879112
0,8/27/2020 0:00,0.0,0.5639436
1,8/27/2020 1:00,0.0,0.4079592
2,8/27/2020 2:00,0.0,0.3119688
3,8/27/2020 3:00,0.0,0.201
4,8/27/2020 4:00,0.009,0.372
5,8/27/2020 5:00,0.003,0.234
6,8/27/2020 6:00,0.498,0.531
7,8/27/2020 7:00,0.933,0.612
8,8/27/2020 8:00,1.725,0.675
9,8/27/2020 9:00,3.192,0.465
10,8/27/2020 10:00,5.481,0.195
11,8/27/2020 11:00,6.642,0.321
12,8/27/2020 12:00,8.628,0.453
13,8/27/2020 13:00,2.43,0.3
14,8/27/2020 14:00,6.546,0.33
15,8/27/2020 15:00,3.741,0.546
16,8/27/2020 16:00,1.527,0.807
17,8/27/2020 17:00,0.459,0.819
18,8/27/2020 18:00,0.264,1.6962
19,8/27/2020 19:00,0.0,2.2968
20,8/27/2020 20:00,0.0,2.8182
21,8/27/2020 21:00,0.012,1.317
22,8/27/2020 22:00,0.0,1.11
23,8/27/2020 23:00,0.0,1.1178882
0,8/28/2020 0:00,0.0,1.0718928
1,8/28/2020 1:00,0.0,0.3819618
2,8/28/2020 2:00,0.0,0.1379862
3,8/28/2020 3:00,0.0,0.333
4,8/28/2020 4:00,0.018,0.243
5,8/28/2020 5:00,0.021,0.354
6,8/28/2020 6:00,0.663,0.543
7,8/28/2020 7:00,2.865,0.261
8,8/28/2020 8:00,4.074,0.348
9,8/28/2020 9:00,5.418,0.066
10,8/28/2020 10:00,6.906,0.45
11,8/28/2020 11:00,7.821,0.231
12,8/28/2020 12:00,7.068,0.087
13,8/28/2020 13:00,6.537,0.141
14,8/28/2020 14:00,5.607,0.408
15,8/28/2020 15:00,3.942,0.63
16,8/28/2020 16:00,1.626,0.567
17,8/28/2020 17:00,0.564,0.273
18,8/28/2020 18:00,0.273,0.8712
19,8/28/2020 19:00,0.018,2.3694
20,8/28/2020 20:00,0.018,3.0822
21,8/28/2020 21:00,0.003,0.942
22,8/28/2020 22:00,0.018,25.5
23,8/28/2020 23:00,0.0,0.9039096
0,8/29/2020 0:00,0.0,0.4079592
1,8/29/2020 1:00,0.0,0.1239876
2,8/29/2020 2:00,0.0,0.1939806
3,8/29/2020 3:00,0.0,0.192
4,8/29/2020 4:00,0.006,0.6
5,8/29/2020 5:00,0.0,0.465
6,8/29/2020 6:00,0.42,24.576
7,8/29/2020 7:00,1.113,0.306
8,8/29/2020 8:00,3.789,0.714
9,8/29/2020 9:00,6.039,0.39
10,8/29/2020 10:00,4.023,0.261
11,8/29/2020 11:00,7.26,0.0
12,8/29/2020 12:00,1.716,0.576
13,8/29/2020 13:00,6.27,0.222
14,8/29/2020 14:00,1.224,0.324
15,8/29/2020 15:00,2.481,0.405
16,8/29/2020 16:00,0.672,1.959
17,8/29/2020 17:00,0.318,0.747
18,8/29/2020 18:00,0.117,16.599
19,8/29/2020 19:00,0.036,2.2704
20,8/29/2020 20:00,0.021,2.2902
21,8/29/2020 21:00,0.012,1.656
22,8/29/2020 22:00,0.0,1.743
23,8/29/2020 23:00,0.0,1.6995
0,8/30/2020 0:00,0.0,0.3539646
1,8/30/2020 1:00,0.0,0.3819618
2,8/30/2020 2:00,0.0,0.2259774
3,8/30/2020 3:00,0.0,0.345
4,8/30/2020 4:00,0.006,0.351
5,8/30/2020 5:00,0.009,0.594
6,8/30/2020 6:00,0.018,0.429
7,8/30/2020 7:00,0.318,0.369
8,8/30/2020 8:00,0.972,0.348
9,8/30/2020 9:00,0.219,24.072
10,8/30/2020 10:00,0.561,0.579
11,8/30/2020 11:00,7.53,0.096
12,8/30/2020 12:00,0.903,0.345
13,8/30/2020 13:00,1.092,0.642
14,8/30/2020 14:00,1.233,0.348
15,8/30/2020 15:00,0.552,0.36
16,8/30/2020 16:00,1.662,0.303
17,8/30/2020 17:00,0.453,0.843
18,8/30/2020 18:00,0.189,1.353
19,8/30/2020 19:00,0.033,1.0164
20,8/30/2020 20:00,0.024,2.2968
21,8/30/2020 21:00,0.021,1.29
22,8/30/2020 22:00,0.0,1.524
23,8/30/2020 23:00,0.0,0.879912
0,8/31/2020 0:00,0.0,0.3679632
1,8/31/2020 1:00,0.0,0.2379762
2,8/31/2020 2:00,0.0,0.19998
3,8/31/2020 3:00,0.0,0.567
4,8/31/2020 4:00,0.009,0.561
5,8/31/2020 5:00,0.009,0.321
6,8/31/2020 6:00,0.465,0.393
7,8/31/2020 7:00,1.833,0.336
8,8/31/2020 8:00,4.899,0.762
9,8/31/2020 9:00,6.186,0.834
10,8/31/2020 10:00,7.14,0.606
11,8/31/2020 11:00,7.728,0.45
12,8/31/2020 12:00,9.09,0.018
13,8/31/2020 13:00,7.482,0.366
14,8/31/2020 14:00,1.149,0.438
15,8/31/2020 15:00,4.305,0.336
16,8/31/2020 16:00,2.163,0.303
17,8/31/2020 17:00,0.57,0.501
18,8/31/2020 18:00,0.303,1.4454
19,8/31/2020 19:00,0.042,1.6434
20,8/31/2020 20:00,0.012,1.4718
21,8/31/2020 21:00,0.009,0.642
22,8/31/2020 22:00,0.0,0.606
23,8/31/2020 23:00,0.0,0.624
0,9/1/2020 0:00,0.0,1.0358964
1,9/1/2020 1:00,0.0,0.9619038
2,9/1/2020 2:00,0.0,0.8859114
3,9/1/2020 3:00,0.0,1.725
4,9/1/2020 4:00,0.009,1.59
5,9/1/2020 5:00,0.018,1.446
6,9/1/2020 6:00,0.573,1.383
7,9/1/2020 7:00,1.722,0.309
8,9/1/2020 8:00,4.584,0.081
9,9/1/2020 9:00,6.144,0.348
10,9/1/2020 10:00,6.93,0.198
11,9/1/2020 11:00,7.542,0.036
12,9/1/2020 12:00,8.589,0.0
13,9/1/2020 13:00,7.827,0.045
14,9/1/2020 14:00,6.531,0.333
15,9/1/2020 15:00,1.131,0.561
16,9/1/2020 16:00,0.771,0.237
17,9/1/2020 17:00,0.981,0.399
18,9/1/2020 18:00,0.258,1.3464
19,9/1/2020 19:00,0.027,1.6236
20,9/1/2020 20:00,0.03,0.8646
21,9/1/2020 21:00,0.0,1.227
22,9/1/2020 22:00,0.009,1.788
23,9/1/2020 23:00,0.0,0.809919
0,9/2/2020 0:00,0.0,0.6219378
1,9/2/2020 1:00,0.0,0.3019698
2,9/2/2020 2:00,0.0,0.2079792
3,9/2/2020 3:00,0.0,0.207
4,9/2/2020 4:00,0.015,0.342
5,9/2/2020 5:00,0.006,0.222
6,9/2/2020 6:00,0.378,0.345
7,9/2/2020 7:00,1.677,0.45
8,9/2/2020 8:00,4.047,0.246
9,9/2/2020 9:00,6.492,0.0
10,9/2/2020 10:00,7.698,0.282
11,9/2/2020 11:00,8.307,0.0
12,9/2/2020 12:00,8.919,0.204
13,9/2/2020 13:00,1.119,4.071
14,9/2/2020 14:00,1.428,0.714
15,9/2/2020 15:00,0.738,0.885
16,9/2/2020 16:00,1.794,0.726
17,9/2/2020 17:00,0.372,0.669
18,9/2/2020 18:00,0.174,2.3232
19,9/2/2020 19:00,0.003,27.786
20,9/2/2020 20:00,0.018,3.6366
21,9/2/2020 21:00,0.009,1.563
22,9/2/2020 22:00,0.012,1.983
23,9/2/2020 23:00,0.0,1.0558944
0,9/3/2020 0:00,0.0,0.7039296
1,9/3/2020 1:00,0.0,0.3639636
2,9/3/2020 2:00,0.0,0.1379862
3,9/3/2020 3:00,0.0,0.291
4,9/3/2020 4:00,0.015,0.225
5,9/3/2020 5:00,0.012,0.588
6,9/3/2020 6:00,0.708,5.526
7,9/3/2020 7:00,1.035,0.744
8,9/3/2020 8:00,3.612,0.489
9,9/3/2020 9:00,6.243,0.642
10,9/3/2020 10:00,3.837,0.342
11,9/3/2020 11:00,3.405,0.888
12,9/3/2020 12:00,4.902,0.447
13,9/3/2020 13:00,4.083,3.417
14,9/3/2020 14:00,3.621,0.267
15,9/3/2020 15:00,1.734,0.519
16,9/3/2020 16:00,1.263,0.426
17,9/3/2020 17:00,0.864,0.765
18,9/3/2020 18:00,0.129,1.6566
19,9/3/2020 19:00,0.015,20.2818
20,9/3/2020 20:00,0.015,2.4882
21,9/3/2020 21:00,0.012,1.404
22,9/3/2020 22:00,0.0,25.566
23,9/3/2020 23:00,0.0,8.5031496
0,9/4/2020 0:00,0.0,0.4979502
1,9/4/2020 1:00,0.0,0.4039596
2,9/4/2020 2:00,0.0,0.4619538
3,9/4/2020 3:00,0.0,0.867
4,9/4/2020 4:00,0.003,0.969
5,9/4/2020 5:00,0.0,0.63
6,9/4/2020 6:00,0.0,0.735
7,9/4/2020 7:00,0.594,5.577
8,9/4/2020 8:00,0.855,0.981
9,9/4/2020 9:00,1.515,0.198
10,9/4/2020 10:00,1.839,0.297
11,9/4/2020 11:00,2.625,0.126
12,9/4/2020 12:00,1.161,0.342
13,9/4/2020 13:00,0.9,0.228
14,9/4/2020 14:00,1.176,0.621
15,9/4/2020 15:00,0.783,0.513
16,9/4/2020 16:00,0.621,0.384
17,9/4/2020 17:00,0.909,5.217
18,9/4/2020 18:00,0.216,2.475
19,9/4/2020 19:00,0.036,2.5674
20,9/4/2020 20:00,0.009,2.2242
21,9/4/2020 21:00,0.012,1.221
22,9/4/2020 22:00,0.003,1.53
23,9/4/2020 23:00,0.0,0.5519448
0,9/5/2020 0:00,0.0,0.4519548
1,9/5/2020 1:00,0.0,0.3739626
2,9/5/2020 2:00,0.0,0.1679832
3,9/5/2020 3:00,0.0,0.327
4,9/5/2020 4:00,0.003,0.216
5,9/5/2020 5:00,0.003,0.696
6,9/5/2020 6:00,0.0,0.462
7,9/5/2020 7:00,0.288,1.065
8,9/5/2020 8:00,0.423,0.231
9,9/5/2020 9:00,1.512,0.345
10,9/5/2020 10:00,2.256,0.429
11,9/5/2020 11:00,1.98,0.279
12,9/5/2020 12:00,4.119,0.39
13,9/5/2020 13:00,2.388,0.288
14,9/5/2020 14:00,2.181,6.588
15,9/5/2020 15:00,1.476,0.57
16,9/5/2020 16:00,0.375,5.808
17,9/5/2020 17:00,0.27,2.484
18,9/5/2020 18:00,0.12,1.7358
19,9/5/2020 19:00,0.012,0.8052
20,9/5/2020 20:00,0.003,3.0096
21,9/5/2020 21:00,0.0,1.95
22,9/5/2020 22:00,0.024,1.62
23,9/5/2020 23:00,0.0,0.9219078
0,9/6/2020 0:00,0.0,1.2378762
1,9/6/2020 1:00,0.0,0.869913
2,9/6/2020 2:00,0.0,0.2020798
3,9/6/2020 3:00,0.0,0.216
4,9/6/2020 4:00,0.009,0.591
5,9/6/2020 5:00,0.0,0.477
6,9/6/2020 6:00,0.24,29.916
7,9/6/2020 7:00,0.927,0.801
8,9/6/2020 8:00,4.704,0.381
9,9/6/2020 9:00,4.17,0.123
10,9/6/2020 10:00,7.701,0.054
11,9/6/2020 11:00,4.509,0.093
12,9/6/2020 12:00,1.53,0.561
13,9/6/2020 13:00,0.615,0.477
14,9/6/2020 14:00,0.615,0.345
15,9/6/2020 15:00,1.878,0.21
16,9/6/2020 16:00,0.303,3.441
17,9/6/2020 17:00,0.942,0.567
18,9/6/2020 18:00,0.174,1.8348
19,9/6/2020 19:00,0.006,3.1284
20,9/6/2020 20:00,0.0,2.8578
21,9/6/2020 21:00,0.012,1.146
22,9/6/2020 22:00,0.015,1.548
23,9/6/2020 23:00,0.0,0.7819218
0,9/7/2020 0:00,0.0,0.4059594
1,9/7/2020 1:00,0.0,0.3079692
2,9/7/2020 2:00,0.0,0.2119788
3,9/7/2020 3:00,0.0,0.189
4,9/7/2020 4:00,0.003,0.324
5,9/7/2020 5:00,0.033,0.525
6,9/7/2020 6:00,0.234,0.591
7,9/7/2020 7:00,1.125,0.273
8,9/7/2020 8:00,2.73,1.269
9,9/7/2020 9:00,5.709,0.312
10,9/7/2020 10:00,2.013,0.561
11,9/7/2020 11:00,8.097,0.0
12,9/7/2020 12:00,6.369,0.096
13,9/7/2020 13:00,2.502,5.088
14,9/7/2020 14:00,1.617,5.514
15,9/7/2020 15:00,2.475,0.591
16,9/7/2020 16:00,0.237,0.453
17,9/7/2020 17:00,0.513,0.531
18,9/7/2020 18:00,0.162,2.5476
19,9/7/2020 19:00,0.009,2.4222
20,9/7/2020 20:00,0.0,1.8744
21,9/7/2020 21:00,0.012,1.113
22,9/7/2020 22:00,0.0,25.572
23,9/7/2020 23:00,0.0,0.8559144
0,9/8/2020 0:00,0.0,1.249875
1,9/8/2020 1:00,0.0,0.4719528
2,9/8/2020 2:00,0.0,0.39996
3,9/8/2020 3:00,0.0,0.423
4,9/8/2020 4:00,0.012,0.249
5,9/8/2020 5:00,0.03,0.351
6,9/8/2020 6:00,0.006,0.489
7,9/8/2020 7:00,0.18,2.175
8,9/8/2020 8:00,0.378,1.338
9,9/8/2020 9:00,1.416,0.411
10,9/8/2020 10:00,3.096,0.327
11,9/8/2020 11:00,1.365,3.042
12,9/8/2020 12:00,0.597,0.699
13,9/8/2020 13:00,0.756,0.369
14,9/8/2020 14:00,0.813,0.276
15,9/8/2020 15:00,1.323,0.309
16,9/8/2020 16:00,1.929,0.45
17,9/8/2020 17:00,0.294,8.649
18,9/8/2020 18:00,0.117,2.211
19,9/8/2020 19:00,0.021,1.7688
20,9/8/2020 20:00,0.033,1.3134
21,9/8/2020 21:00,0.006,1.425
22,9/8/2020 22:00,0.021,1.23
23,9/8/2020 23:00,0.0,1.089891
0,9/9/2020 0:00,0.0,0.4979502
1,9/9/2020 1:00,0.0,0.1959804
2,9/9/2020 2:00,0.0,0.3139686
3,9/9/2020 3:00,0.0,0.558
4,9/9/2020 4:00,0.009,0.228
5,9/9/2020 5:00,0.006,0.36
6,9/9/2020 6:00,0.021,0.231
7,9/9/2020 7:00,1.137,0.372
8,9/9/2020 8:00,2.523,2.97
9,9/9/2020 9:00,6.237,0.423
10,9/9/2020 10:00,2.061,0.213
11,9/9/2020 11:00,2.292,0.18
12,9/9/2020 12:00,3.987,0.147
13,9/9/2020 13:00,2.934,0.402
14,9/9/2020 14:00,2.493,0.36
15,9/9/2020 15:00,0.681,1.833
16,9/9/2020 16:00,0.903,1.824
17,9/9/2020 17:00,0.51,1.971
18,9/9/2020 18:00,0.138,0.6864
19,9/9/2020 19:00,0.018,5.2932
20,9/9/2020 20:00,0.0,8.3292
21,9/9/2020 21:00,0.006,3.855
22,9/9/2020 22:00,0.006,25.821
23,9/9/2020 23:00,0.0,1.2678732
0,9/10/2020 0:00,0.0,1.1518848
1,9/10/2020 1:00,0.0,0.3119688
2,9/10/2020 2:00,0.0,0.2979702
3,9/10/2020 3:00,0.0,0.216
4,9/10/2020 4:00,0.012,0.231
5,9/10/2020 5:00,0.015,0.333
6,9/10/2020 6:00,0.246,0.243
7,9/10/2020 7:00,0.726,2.757
8,9/10/2020 8:00,2.253,6.048
9,9/10/2020 9:00,6.183,0.807
10,9/10/2020 10:00,5.592,0.879
11,9/10/2020 11:00,5.136,0.573
12,9/10/2020 12:00,2.901,6.168
13,9/10/2020 13:00,1.308,3.534
14,9/10/2020 14:00,0.96,2.28
15,9/10/2020 15:00,2.529,0.153
16,9/10/2020 16:00,0.738,0.714
17,9/10/2020 17:00,0.207,0.63
18,9/10/2020 18:00,0.114,4.0986
19,9/10/2020 19:00,0.009,1.9206
20,9/10/2020 20:00,0.012,2.7324
21,9/10/2020 21:00,0.012,6.468
22,9/10/2020 22:00,0.015,25.971
23,9/10/2020 23:00,0.0,2.5077492
0,9/11/2020 0:00,0.0,0.3959604
1,9/11/2020 1:00,0.0,0.129987
2,9/11/2020 2:00,0.0,0.2119788
3,9/11/2020 3:00,0.0,0.204
4,9/11/2020 4:00,0.012,0.627
5,9/11/2020 5:00,0.024,0.486
6,9/11/2020 6:00,0.237,1.593
7,9/11/2020 7:00,1.284,1.8
8,9/11/2020 8:00,2.148,0.636
9,9/11/2020 9:00,2.415,0.717
10,9/11/2020 10:00,2.37,0.906
11,9/11/2020 11:00,3.789,0.933
12,9/11/2020 12:00,8.919,0.468
13,9/11/2020 13:00,2.487,0.744
14,9/11/2020 14:00,0.366,1.11
15,9/11/2020 15:00,1.839,5.91
16,9/11/2020 16:00,1.845,4.203
17,9/11/2020 17:00,1.119,9.651
18,9/11/2020 18:00,0.048,3.7356
19,9/11/2020 19:00,0.021,2.8644
20,9/11/2020 20:00,0.03,2.244
21,9/11/2020 21:00,0.009,1.941
22,9/11/2020 22:00,0.006,1.383
23,9/11/2020 23:00,0.0,1.5718428
0,9/12/2020 0:00,0.0,0.3259674
1,9/12/2020 1:00,0.0,0.439956
2,9/12/2020 2:00,0.0,0.1939806
3,9/12/2020 3:00,0.0,0.177
4,9/12/2020 4:00,0.012,0.333
5,9/12/2020 5:00,0.003,0.504
6,9/12/2020 6:00,0.27,0.603
7,9/12/2020 7:00,1.68,1.515
8,9/12/2020 8:00,4.311,0.216
9,9/12/2020 9:00,6.258,0.0
10,9/12/2020 10:00,7.329,0.009
11,9/12/2020 11:00,2.121,0.51
12,9/12/2020 12:00,8.487,0.21
13,9/12/2020 13:00,0.969,0.225
14,9/12/2020 14:00,2.148,0.444
15,9/12/2020 15:00,3.798,0.189
16,9/12/2020 16:00,0.543,0.69
17,9/12/2020 17:00,0.501,1.176
18,9/12/2020 18:00,0.117,5.61
19,9/12/2020 19:00,0.003,2.838
20,9/12/2020 20:00,0.024,2.7786
21,9/12/2020 21:00,0.006,2.574
22,9/12/2020 22:00,0.015,2.688
23,9/12/2020 23:00,0.0,0.7819218
0,9/13/2020 0:00,0.0,0.659934
1,9/13/2020 1:00,0.0,0.3679632
2,9/13/2020 2:00,0.0,0.1379862
3,9/13/2020 3:00,0.0,0.3
4,9/13/2020 4:00,0.012,0.234
5,9/13/2020 5:00,0.018,0.6
6,9/13/2020 6:00,0.216,0.51
7,9/13/2020 7:00,0.699,0.336
8,9/13/2020 8:00,1.992,0.531
9,9/13/2020 9:00,2.301,0.651
10,9/13/2020 10:00,8.469,0.0
11,9/13/2020 11:00,1.908,0.492
12,9/13/2020 12:00,9.9,4.815
13,9/13/2020 13:00,1.584,0.555
14,9/13/2020 14:00,5.814,2.967
15,9/13/2020 15:00,1.479,0.216
16,9/13/2020 16:00,0.885,0.333
17,9/13/2020 17:00,0.315,24.222
18,9/13/2020 18:00,0.051,2.9304
19,9/13/2020 19:00,0.006,0.8448
20,9/13/2020 20:00,0.009,1.485
21,9/13/2020 21:00,0.012,2.01
22,9/13/2020 22:00,0.012,1.503
23,9/13/2020 23:00,0.0,1.7565
0,9/14/2020 0:00,0.0,0.9859014
1,9/14/2020 1:00,0.0,0.1439856
2,9/14/2020 2:00,0.0,0.3879612
3,9/14/2020 3:00,0.0,0.474
4,9/14/2020 4:00,0.012,0.351
5,9/14/2020 5:00,0.003,0.228
6,9/14/2020 6:00,0.198,0.372
7,9/14/2020 7:00,0.624,1.812
8,9/14/2020 8:00,0.927,0.501
9,9/14/2020 9:00,1.281,0.213
10,9/14/2020 10:00,1.392,0.261
11,9/14/2020 11:00,2.361,0.294
12,9/14/2020 12:00,3.981,0.519
13,9/14/2020 13:00,1.938,0.606
14,9/14/2020 14:00,3.249,0.57
15,9/14/2020 15:00,3.759,0.402
16,9/14/2020 16:00,1.389,5.763
17,9/14/2020 17:00,0.387,0.894
18,9/14/2020 18:00,0.12,2.3694
19,9/14/2020 19:00,0.009,2.442
20,9/14/2020 20:00,0.015,2.5806
21,9/14/2020 21:00,0.006,1.041
22,9/14/2020 22:00,0.009,1.716
23,9/14/2020 23:00,0.0,0.9459054
0,9/15/2020 0:00,0.0,0.409959
1,9/15/2020 1:00,0.0,0.2319768
2,9/15/2020 2:00,0.0,0.309969
3,9/15/2020 3:00,0.0,0.213
4,9/15/2020 4:00,0.009,0.222
5,9/15/2020 5:00,0.006,0.249
6,9/15/2020 6:00,0.183,0.252
7,9/15/2020 7:00,0.486,1.806
8,9/15/2020 8:00,4.233,1.269
9,9/15/2020 9:00,6.027,0.0
10,9/15/2020 10:00,7.122,0.06
11,9/15/2020 11:00,8.442,0.048
12,9/15/2020 12:00,2.943,0.54
13,9/15/2020 13:00,2.625,0.231
14,9/15/2020 14:00,1.293,0.561
15,9/15/2020 15:00,0.534,0.609
16,9/15/2020 16:00,0.702,0.96
17,9/15/2020 17:00,0.282,0.771
18,9/15/2020 18:00,0.009,15.9126
19,9/15/2020 19:00,0.006,16.1172
20,9/15/2020 20:00,0.012,6.0786
21,9/15/2020 21:00,0.003,2.541
22,9/15/2020 22:00,0.012,1.701
23,9/15/2020 23:00,0.0,0.9219078
0,9/16/2020 0:00,0.0,1.4858514
1,9/16/2020 1:00,0.0,1.1138886
2,9/16/2020 2:00,0.0,1.059894
3,9/16/2020 3:00,0.0,1.68
4,9/16/2020 4:00,0.006,1.356
5,9/16/2020 5:00,0.021,1.458
6,9/16/2020 6:00,0.165,0.249
7,9/16/2020 7:00,0.504,0.747
8,9/16/2020 8:00,2.145,0.18
9,9/16/2020 9:00,0.651,1.851
10,9/16/2020 10:00,1.407,0.531
11,9/16/2020 11:00,1.524,9.039
12,9/16/2020 12:00,3.831,0.459
13,9/16/2020 13:00,1.893,5.487
14,9/16/2020 14:00,2.538,0.774
15,9/16/2020 15:00,1.608,0.708
16,9/16/2020 16:00,0.879,0.321
17,9/16/2020 17:00,0.861,0.234
18,9/16/2020 18:00,0.078,1.9338
19,9/16/2020 19:00,0.015,20.9616
20,9/16/2020 20:00,0.012,2.9304
21,9/16/2020 21:00,0.009,25.917
22,9/16/2020 22:00,0.018,1.935
23,9/16/2020 23:00,0.0,3.4236576
0,9/17/2020 0:00,0.0,0.5979402
1,9/17/2020 1:00,0.0,0.4819518
2,9/17/2020 2:00,0.0,0.2219778
3,9/17/2020 3:00,0.0,0.225
4,9/17/2020 4:00,0.003,0.234
5,9/17/2020 5:00,0.012,0.351
6,9/17/2020 6:00,0.012,0.507
7,9/17/2020 7:00,1.251,4.005
8,9/17/2020 8:00,1.707,0.627
9,9/17/2020 9:00,4.488,0.141
10,9/17/2020 10:00,2.931,29.037
11,9/17/2020 11:00,1.557,1.377
12,9/17/2020 12:00,2.085,5.49
13,9/17/2020 13:00,1.764,0.981
14,9/17/2020 14:00,2.586,0.63
15,9/17/2020 15:00,2.988,0.621
16,9/17/2020 16:00,1.05,0.762
17,9/17/2020 17:00,0.528,1.854
18,9/17/2020 18:00,0.027,1.9932
19,9/17/2020 19:00,0.003,7.0488
20,9/17/2020 20:00,0.009,17.3646
21,9/17/2020 21:00,0.009,2.727
22,9/17/2020 22:00,0.0,3.321
23,9/17/2020 23:00,0.0,2.5357464
0,9/18/2020 0:00,0.0,2.0117988
1,9/18/2020 1:00,0.0,1.209879
2,9/18/2020 2:00,0.0,1.2118788
3,9/18/2020 3:00,0.0,2.061
4,9/18/2020 4:00,0.009,2.157
5,9/18/2020 5:00,0.006,1.818
6,9/18/2020 6:00,0.015,2.13
7,9/18/2020 7:00,0.816,2.811
8,9/18/2020 8:00,1.284,1.014
9,9/18/2020 9:00,2.052,0.594
10,9/18/2020 10:00,1.845,0.615
11,9/18/2020 11:00,9.492,24.474
12,9/18/2020 12:00,1.263,0.993
13,9/18/2020 13:00,8.838,0.681
14,9/18/2020 14:00,0.726,5.58
15,9/18/2020 15:00,0.363,0.645
16,9/18/2020 16:00,0.942,1.023
17,9/18/2020 17:00,0.174,1.983
18,9/18/2020 18:00,0.03,3.2076
19,9/18/2020 19:00,0.018,1.914
20,9/18/2020 20:00,0.015,3.5376
21,9/18/2020 21:00,0.03,1.455
22,9/18/2020 22:00,0.021,25.923
23,9/18/2020 23:00,0.0,6.1133886
0,9/19/2020 0:00,0.0,1.249875
1,9/19/2020 1:00,0.0,0.1639836
2,9/19/2020 2:00,0.0,0.4119588
3,9/19/2020 3:00,0.0,0.591
4,9/19/2020 4:00,0.018,0.273
5,9/19/2020 5:00,0.003,0.27
6,9/19/2020 6:00,0.117,11.19
7,9/19/2020 7:00,0.618,3.213
8,9/19/2020 8:00,3.087,0.417
9,9/19/2020 9:00,1.83,0.417
10,9/19/2020 10:00,3.009,0.318
11,9/19/2020 11:00,7.629,0.129
12,9/19/2020 12:00,2.112,0.465
13,9/19/2020 13:00,2.298,0.276
14,9/19/2020 14:00,5.487,0.276
15,9/19/2020 15:00,3.723,0.264
16,9/19/2020 16:00,0.81,0.498
17,9/19/2020 17:00,0.279,8.742
18,9/19/2020 18:00,0.03,3.3594
19,9/19/2020 19:00,0.003,2.9766
20,9/19/2020 20:00,0.015,6.7782
21,9/19/2020 21:00,0.009,2.493
22,9/19/2020 22:00,0.015,3.582
23,9/19/2020 23:00,0.0,1.8338166
0,9/20/2020 0:00,0.0,1.1138886
1,9/20/2020 1:00,0.0,0.9819018
2,9/20/2020 2:00,0.0,0.3979602
3,9/20/2020 3:00,0.0,0.462
4,9/20/2020 4:00,0.012,0.465
5,9/20/2020 5:00,0.009,0.234
6,9/20/2020 6:00,0.195,1.659
7,9/20/2020 7:00,0.897,1.833
8,9/20/2020 8:00,2.403,26.148
9,9/20/2020 9:00,2.091,1.284
10,9/20/2020 10:00,6.798,0.411
11,9/20/2020 11:00,3.408,0.708
12,9/20/2020 12:00,3.234,0.645
13,9/20/2020 13:00,2.277,8.898
14,9/20/2020 14:00,2.01,3.618
15,9/20/2020 15:00,1.428,0.879
16,9/20/2020 16:00,0.936,1.035
17,9/20/2020 17:00,0.327,7.053
18,9/20/2020 18:00,0.033,2.6004
19,9/20/2020 19:00,0.012,19.899
20,9/20/2020 20:00,0.006,2.1318
21,9/20/2020 21:00,0.006,1.386
22,9/20/2020 22:00,0.018,1.539
23,9/20/2020 23:00,0.0,1.4625
0,9/21/2020 0:00,0.0,0.9219078
1,9/21/2020 1:00,0.0,0.1679832
2,9/21/2020 2:00,0.0,0.7039296
3,9/21/2020 3:00,0.0,0.567
4,9/21/2020 4:00,0.021,0.354
5,9/21/2020 5:00,0.0,0.228
6,9/21/2020 6:00,0.009,0.834
7,9/21/2020 7:00,0.888,1.137
8,9/21/2020 8:00,2.166,0.513
9,9/21/2020 9:00,3.78,0.303
10,9/21/2020 10:00,7.269,0.348
11,9/21/2020 11:00,3.174,24.594
12,9/21/2020 12:00,2.247,0.237
13,9/21/2020 13:00,8.175,0.099
14,9/21/2020 14:00,5.97,0.168
15,9/21/2020 15:00,1.134,0.351
16,9/21/2020 16:00,0.969,0.48
17,9/21/2020 17:00,0.351,5.472
18,9/21/2020 18:00,0.012,2.2308
19,9/21/2020 19:00,0.012,20.4138
20,9/21/2020 20:00,0.009,4.4022
21,9/21/2020 21:00,0.0,2.184
22,9/21/2020 22:00,0.015,1.002
23,9/21/2020 23:00,0.0,1.4538546
0,9/22/2020 0:00,0.0,1.4078592
1,9/22/2020 1:00,0.0,0.3939606
2,9/22/2020 2:00,0.0,0.3259674
3,9/22/2020 3:00,0.0,0.225
4,9/22/2020 4:00,0.012,0.24
5,9/22/2020 5:00,0.012,0.228
6,9/22/2020 6:00,0.0,0.348
7,9/22/2020 7:00,0.483,1.95
8,9/22/2020 8:00,2.466,1.608
9,9/22/2020 9:00,4.722,0.186
10,9/22/2020 10:00,6.921,0.162
11,9/22/2020 11:00,7.26,0.339
12,9/22/2020 12:00,7.02,0.282
13,9/22/2020 13:00,6.576,0.285
14,9/22/2020 14:00,5.142,0.009
15,9/22/2020 15:00,2.934,0.123
16,9/22/2020 16:00,0.453,3.738
17,9/22/2020 17:00,0.189,1.299
18,9/22/2020 18:00,0.042,2.3892
19,9/22/2020 19:00,0.006,3.3594
20,9/22/2020 20:00,0.012,4.4946
21,9/22/2020 21:00,0.0,2.547
22,9/22/2020 22:00,0.009,25.98
23,9/22/2020 23:00,0.0,1.7838216
0,9/23/2020 0:00,0.0,1.8418158
1,9/23/2020 1:00,0.0,0.3039696
2,9/23/2020 2:00,0.0,0.2979702
3,9/23/2020 3:00,0.0,0.219
4,9/23/2020 4:00,0.009,0.231
5,9/23/2020 5:00,0.006,0.87
6,9/23/2020 6:00,0.015,3.132
7,9/23/2020 7:00,1.179,2.178
8,9/23/2020 8:00,2.289,1.797
9,9/23/2020 9:00,1.47,1.992
10,9/23/2020 10:00,1.587,2.076
11,9/23/2020 11:00,1.929,2.391
12,9/23/2020 12:00,3.135,2.274
13,9/23/2020 13:00,1.476,1.929
14,9/23/2020 14:00,2.43,2.022
15,9/23/2020 15:00,3.63,0.105
16,9/23/2020 16:00,1.167,0.687
17,9/23/2020 17:00,0.33,0.636
18,9/23/2020 18:00,0.036,0.8448
19,9/23/2020 19:00,0.009,1.6896
20,9/23/2020 20:00,0.009,19.899
21,9/23/2020 21:00,0.021,2.808
22,9/23/2020 22:00,0.009,27.078
23,9/23/2020 23:00,0.0,1.5738426
0,9/24/2020 0:00,0.0,1.0858914
1,9/24/2020 1:00,0.0,0.1519848
2,9/24/2020 2:00,0.0,0.1259874
3,9/24/2020 3:00,0.0,0.315
4,9/24/2020 4:00,0.012,0.606
5,9/24/2020 5:00,0.0,0.441
6,9/24/2020 6:00,0.0,0.216
7,9/24/2020 7:00,0.483,1.176
8,9/24/2020 8:00,2.361,0.549
9,9/24/2020 9:00,4.554,0.225
10,9/24/2020 10:00,6.375,0.183
11,9/24/2020 11:00,7.011,0.159
12,9/24/2020 12:00,5.46,1.74
13,9/24/2020 13:00,6.216,0.195
14,9/24/2020 14:00,4.86,0.051
15,9/24/2020 15:00,3.594,0.162
16,9/24/2020 16:00,0.804,0.357
17,9/24/2020 17:00,0.282,0.237
18,9/24/2020 18:00,0.006,14.3748
19,9/24/2020 19:00,0.0,3.1416
20,9/24/2020 20:00,0.015,2.706
21,9/24/2020 21:00,0.012,25.86
22,9/24/2020 22:00,0.009,2.019
23,9/24/2020 23:00,0.0,0.7819218
0,9/25/2020 0:00,0.0,0.3239676
1,9/25/2020 1:00,0.0,0.289971
2,9/25/2020 2:00,0.0,0.2119788
3,9/25/2020 3:00,0.0,0.315
4,9/25/2020 4:00,0.0,0.219
5,9/25/2020 5:00,0.018,0.234
6,9/25/2020 6:00,0.015,6.819
7,9/25/2020 7:00,0.405,2.718
8,9/25/2020 8:00,0.87,0.594
9,9/25/2020 9:00,2.127,0.396
10,9/25/2020 10:00,5.619,0.051
11,9/25/2020 11:00,5.832,0.012
12,9/25/2020 12:00,7.116,0.0
13,9/25/2020 13:00,2.064,0.624
14,9/25/2020 14:00,1.647,0.531
15,9/25/2020 15:00,0.57,0.234
16,9/25/2020 16:00,0.612,0.63
17,9/25/2020 17:00,0.303,1.113
18,9/25/2020 18:00,0.012,4.6596
19,9/25/2020 19:00,0.0,5.115
20,9/25/2020 20:00,0.012,3.5574
21,9/25/2020 21:00,0.018,1.476
22,9/25/2020 22:00,0.009,26.361
23,9/25/2020 23:00,0.0,0.6339366
0,9/26/2020 0:00,0.0,0.5919408
1,9/26/2020 1:00,0.0,0.2279772
2,9/26/2020 2:00,0.0,0.1419858
3,9/26/2020 3:00,0.0,0.606
4,9/26/2020 4:00,0.012,0.483
5,9/26/2020 5:00,0.0,0.219
6,9/26/2020 6:00,0.009,0.327
7,9/26/2020 7:00,0.954,1.407
8,9/26/2020 8:00,1.653,0.228
9,9/26/2020 9:00,1.917,0.285
10,9/26/2020 10:00,1.11,0.219
11,9/26/2020 11:00,0.825,0.231
12,9/26/2020 12:00,0.63,0.594
13,9/26/2020 13:00,0.918,0.474
14,9/26/2020 14:00,1.209,0.258
15,9/26/2020 15:00,0.561,0.462
16,9/26/2020 16:00,0.597,0.27
17,9/26/2020 17:00,0.195,10.227
18,9/26/2020 18:00,0.024,4.0392
19,9/26/2020 19:00,0.018,4.0854
20,9/26/2020 20:00,0.018,2.97
21,9/26/2020 21:00,0.009,1.314
22,9/26/2020 22:00,0.012,1.977
23,9/26/2020 23:00,0.0,0.7059294
0,9/27/2020 0:00,0.0,1.2558744
1,9/27/2020 1:00,0.0,0.1279872
2,9/27/2020 2:00,0.0,0.1479852
3,9/27/2020 3:00,0.0,0.21
4,9/27/2020 4:00,0.021,0.333
5,9/27/2020 5:00,0.0,0.465
6,9/27/2020 6:00,0.027,0.477
7,9/27/2020 7:00,0.438,6.696
8,9/27/2020 8:00,0.717,-1.977
9,9/27/2020 9:00,0.96,1.461
10,9/27/2020 10:00,1.122,0.468
11,9/27/2020 11:00,2.958,0.396
12,9/27/2020 12:00,4.485,0.348
13,9/27/2020 13:00,5.73,0.189
14,9/27/2020 14:00,4.059,0.087
15,9/27/2020 15:00,2.526,0.156
16,9/27/2020 16:00,0.678,0.393
17,9/27/2020 17:00,0.177,5.667
18,9/27/2020 18:00,0.033,8.6196
19,9/27/2020 19:00,0.012,2.244
20,9/27/2020 20:00,0.012,2.2968
21,9/27/2020 21:00,0.03,1.164
22,9/27/2020 22:00,0.003,25.668
23,9/27/2020 23:00,0.0,1.6018398
0,9/28/2020 0:00,0.0,1.339866
1,9/28/2020 1:00,0.0,0.1439856
2,9/28/2020 2:00,0.0,0.209979
3,9/28/2020 3:00,0.0,0.198
4,9/28/2020 4:00,0.018,0.495
5,9/28/2020 5:00,0.003,0.561
6,9/28/2020 6:00,0.0,0.609
7,9/28/2020 7:00,0.192,1.149
8,9/28/2020 8:00,1.476,0.327
9,9/28/2020 9:00,0.699,0.261
10,9/28/2020 10:00,1.434,0.471
11,9/28/2020 11:00,1.161,0.579
12,9/28/2020 12:00,1.041,0.24
13,9/28/2020 13:00,1.32,0.633
14,9/28/2020 14:00,0.912,0.603
15,9/28/2020 15:00,0.993,0.231
16,9/28/2020 16:00,0.438,0.255
17,9/28/2020 17:00,0.216,0.645
18,9/28/2020 18:00,0.027,6.237
19,9/28/2020 19:00,0.015,2.409
20,9/28/2020 20:00,0.009,2.409
21,9/28/2020 21:00,0.0,1.296
22,9/28/2020 22:00,0.0,1.803
23,9/28/2020 23:00,0.0,0.7339266
0,9/29/2020 0:00,0.0,0.2739726
1,9/29/2020 1:00,0.0,0.2779722
2,9/29/2020 2:00,0.0,0.3439656
3,9/29/2020 3:00,0.0,0.693
4,9/29/2020 4:00,0.003,0.477
5,9/29/2020 5:00,0.021,0.231
6,9/29/2020 6:00,0.0,7.341
7,9/29/2020 7:00,0.243,1.329
8,9/29/2020 8:00,0.264,0.831
9,9/29/2020 9:00,2.283,0.285
10,9/29/2020 10:00,2.076,0.177
11,9/29/2020 11:00,1.611,0.231
12,9/29/2020 12:00,1.572,0.771
13,9/29/2020 13:00,1.437,0.489
14,9/29/2020 14:00,0.987,0.489
15,9/29/2020 15:00,0.672,0.348
16,9/29/2020 16:00,0.153,0.267
17,9/29/2020 17:00,0.069,1.218
18,9/29/2020 18:00,0.009,2.7126
19,9/29/2020 19:00,0.009,0.99
20,9/29/2020 20:00,0.018,1.0494
21,9/29/2020 21:00,0.018,1.26
22,9/29/2020 22:00,0.039,1.122
23,9/29/2020 23:00,0.0,1.191
0,9/30/2020 0:00,0.0,0.4959504
1,9/30/2020 1:00,0.0,0.6959304
2,9/30/2020 2:00,0.0,0.3119688
3,9/30/2020 3:00,0.0,0.45
4,9/30/2020 4:00,0.009,0.33
5,9/30/2020 5:00,0.012,0.234
6,9/30/2020 6:00,0.018,0.243
7,9/30/2020 7:00,0.507,0.342
8,9/30/2020 8:00,1.125,8.28
9,9/30/2020 9:00,1.593,3.225
10,9/30/2020 10:00,2.073,3.927
11,9/30/2020 11:00,3.402,26.943
12,9/30/2020 12:00,8.175,2.889
13,9/30/2020 13:00,6.402,0.777
14,9/30/2020 14:00,5.46,0.879
15,9/30/2020 15:00,0.606,0.753
16,9/30/2020 16:00,0.792,0.465
17,9/30/2020 17:00,0.129,0.567
18,9/30/2020 18:00,0.0,11.9658
19,9/30/2020 19:00,0.024,3.036
20,9/30/2020 20:00,0.006,2.574
21,9/30/2020 21:00,0.012,1.233
22,9/30/2020 22:00,0.009,27.441
23,9/30/2020 23:00,0.0,1.6958304
0,10/1/2020 0:00,0.0,0.1539846
1,10/1/2020 1:00,0.0,0.2139786
2,10/1/2020 2:00,0.0,0.276
3,10/1/2020 3:00,0.0,0.477
4,10/1/2020 4:00,0.009,0.339
5,10/1/2020 5:00,0.03,0.252
6,10/1/2020 6:00,0.009,0.588
7,10/1/2020 7:00,0.171,1.071
8,10/1/2020 8:00,0.363,0.498
9,10/1/2020 9:00,0.465,0.489
10,10/1/2020 10:00,0.831,0.21
11,10/1/2020 11:00,0.93,0.486
12,10/1/2020 12:00,1.23,6.804
13,10/1/2020 13:00,0.855,0.486
14,10/1/2020 14:00,1.473,0.96
15,10/1/2020 15:00,0.879,0.579
16,10/1/2020 16:00,0.18,0.324
17,10/1/2020 17:00,0.027,1.131
18,10/1/2020 18:00,0.006,19.2456
19,10/1/2020 19:00,0.024,17.4834
20,10/1/2020 20:00,0.009,5.7552
21,10/1/2020 21:00,0.012,1.317
22,10/1/2020 22:00,0.012,2.055
23,10/1/2020 23:00,0.0,1.686
0,10/2/2020 0:00,0.0,0.359964
1,10/2/2020 1:00,0.0,0.1539846
2,10/2/2020 2:00,0.0,0.129987
3,10/2/2020 3:00,0.0,0.561
4,10/2/2020 4:00,0.018,0.243
5,10/2/2020 5:00,0.024,0.234
6,10/2/2020 6:00,0.015,0.237
7,10/2/2020 7:00,0.54,1.527
8,10/2/2020 8:00,2.421,1.623
9,10/2/2020 9:00,2.457,0.246
10,10/2/2020 10:00,7.758,0.063
11,10/2/2020 11:00,1.506,0.897
12,10/2/2020 12:00,3.882,0.33
13,10/2/2020 13:00,2.295,0.327
14,10/2/2020 14:00,1.47,0.213
15,10/2/2020 15:00,0.717,0.234
16,10/2/2020 16:00,0.255,0.354
17,10/2/2020 17:00,0.087,13.602
18,10/2/2020 18:00,0.012,2.2308
19,10/2/2020 19:00,0.006,4.95
20,10/2/2020 20:00,0.003,2.6664
21,10/2/2020 21:00,0.018,9.636
22,10/2/2020 22:00,0.0,1.749
23,10/2/2020 23:00,0.0,2.5337466
0,10/3/2020 0:00,0.0,1.4118588
1,10/3/2020 1:00,0.0,0.8679132
2,10/3/2020 2:00,0.0,0.1339866
3,10/3/2020 3:00,0.0,0.558
4,10/3/2020 4:00,0.006,0.447
5,10/3/2020 5:00,0.015,0.24
6,10/3/2020 6:00,0.012,5.931
7,10/3/2020 7:00,0.405,6.0
8,10/3/2020 8:00,2.295,1.638
9,10/3/2020 9:00,4.719,1.275
10,10/3/2020 10:00,5.997,0.246
11,10/3/2020 11:00,7.335,0.297
12,10/3/2020 12:00,2.052,0.729
13,10/3/2020 13:00,1.143,0.216
14,10/3/2020 14:00,1.05,0.351
15,10/3/2020 15:00,1.128,0.804
16,10/3/2020 16:00,0.429,0.615
17,10/3/2020 17:00,0.138,0.78
18,10/3/2020 18:00,0.003,12.7182
19,10/3/2020 19:00,0.012,21.648
20,10/3/2020 20:00,0.009,1.782
21,10/3/2020 21:00,0.009,1.257
22,10/3/2020 22:00,0.015,27.783
23,10/3/2020 23:00,0.0,1.09989
0,10/4/2020 0:00,0.0,0.2419758
1,10/4/2020 1:00,0.0,0.129987
2,10/4/2020 2:00,0.0,0.279
3,10/4/2020 3:00,0.0,0.192
4,10/4/2020 4:00,0.009,0.333
5,10/4/2020 5:00,0.0,0.207
6,10/4/2020 6:00,0.003,0.216
7,10/4/2020 7:00,0.315,2.097
8,10/4/2020 8:00,0.726,2.349
9,10/4/2020 9:00,1.257,0.372
10,10/4/2020 10:00,1.644,0.522
11,10/4/2020 11:00,1.092,0.249
12,10/4/2020 12:00,0.48,0.639
13,10/4/2020 13:00,0.729,0.768
14,10/4/2020 14:00,1.089,0.21
15,10/4/2020 15:00,0.528,0.648
16,10/4/2020 16:00,0.237,0.48
17,10/4/2020 17:00,0.165,0.744
18,10/4/2020 18:00,0.012,5.9136
19,10/4/2020 19:00,0.006,3.0954
20,10/4/2020 20:00,0.009,2.673
21,10/4/2020 21:00,0.003,1.23
22,10/4/2020 22:00,0.012,27.153
23,10/4/2020 23:00,0.0,6.909309
0,10/5/2020 0:00,0.0,0.3119688
1,10/5/2020 1:00,0.0,0.1379862
2,10/5/2020 2:00,0.0,0.2219778
3,10/5/2020 3:00,0.0,0.309
4,10/5/2020 4:00,0.009,0.204
5,10/5/2020 5:00,0.009,0.222
6,10/5/2020 6:00,0.006,1.845
7,10/5/2020 7:00,0.639,3.105
8,10/5/2020 8:00,1.668,0.426
9,10/5/2020 9:00,3.087,0.186
10,10/5/2020 10:00,5.625,0.105
11,10/5/2020 11:00,7.467,0.021
12,10/5/2020 12:00,7.137,0.258
13,10/5/2020 13:00,6.552,0.192
14,10/5/2020 14:00,4.941,0.423
15,10/5/2020 15:00,1.14,0.303
16,10/5/2020 16:00,0.477,0.672
17,10/5/2020 17:00,0.105,0.597
18,10/5/2020 18:00,0.009,4.5342
19,10/5/2020 19:00,0.006,2.706
20,10/5/2020 20:00,0.006,1.947
21,10/5/2020 21:00,0.015,1.374
22,10/5/2020 22:00,0.015,1.779
23,10/5/2020 23:00,0.0,0.7019298
0,10/6/2020 0:00,0.0,1.2618738
1,10/6/2020 1:00,0.0,0.9859014
2,10/6/2020 2:00,0.0,0.1339866
3,10/6/2020 3:00,0.0,0.21
4,10/6/2020 4:00,0.021,0.51
5,10/6/2020 5:00,0.015,0.573
6,10/6/2020 6:00,0.015,1.422
7,10/6/2020 7:00,0.36,2.025
8,10/6/2020 8:00,1.593,0.243
9,10/6/2020 9:00,4.545,0.408
10,10/6/2020 10:00,6.045,0.231
11,10/6/2020 11:00,1.185,0.225
12,10/6/2020 12:00,7.782,0.0
13,10/6/2020 13:00,5.925,0.144
14,10/6/2020 14:00,5.16,0.036
15,10/6/2020 15:00,0.858,5.472
16,10/6/2020 16:00,0.54,0.921
17,10/6/2020 17:00,0.114,9.105
18,10/6/2020 18:00,0.012,2.937
19,10/6/2020 19:00,0.015,4.4418
20,10/6/2020 20:00,0.012,3.5772
21,10/6/2020 21:00,0.018,1.788
22,10/6/2020 22:00,0.018,1.122
23,10/6/2020 23:00,0.0,0.6359364
0,10/7/2020 0:00,0.0,0.5719428
1,10/7/2020 1:00,0.0,0.39996
2,10/7/2020 2:00,0.0,0.2979702
3,10/7/2020 3:00,0.0,0.453
4,10/7/2020 4:00,0.012,0.369
5,10/7/2020 5:00,0.0,0.219
6,10/7/2020 6:00,0.012,0.216
7,10/7/2020 7:00,0.45,0.261
8,10/7/2020 8:00,1.617,0.312
9,10/7/2020 9:00,5.457,2.322
10,10/7/2020 10:00,1.677,2.112
11,10/7/2020 11:00,3.546,0.828
12,10/7/2020 12:00,1.212,0.366
13,10/7/2020 13:00,0.342,2.058
14,10/7/2020 14:00,0.177,2.304
15,10/7/2020 15:00,0.123,2.292
16,10/7/2020 16:00,0.354,9.063
17,10/7/2020 17:00,0.027,2.31
18,10/7/2020 18:00,0.018,4.6926
19,10/7/2020 19:00,0.003,17.1798
20,10/7/2020 20:00,0.003,3.663
21,10/7/2020 21:00,0.009,2.094
22,10/7/2020 22:00,0.009,1.968
23,10/7/2020 23:00,0.0,1.2438756
0,10/8/2020 0:00,0.0,0.219978
1,10/8/2020 1:00,0.0,0.29997
2,10/8/2020 2:00,0.0,0.39
3,10/8/2020 3:00,0.0,0.183
4,10/8/2020 4:00,0.0,0.219
5,10/8/2020 5:00,0.003,0.333
6,10/8/2020 6:00,0.009,0.681
7,10/8/2020 7:00,0.333,0.756
8,10/8/2020 8:00,0.768,0.87
9,10/8/2020 9:00,1.767,0.573
10,10/8/2020 10:00,2.895,0.423
11,10/8/2020 11:00,5.142,5.166
12,10/8/2020 12:00,3.525,5.088
13,10/8/2020 13:00,1.581,5.865
14,10/8/2020 14:00,1.551,0.342
15,10/8/2020 15:00,0.786,0.729
16,10/8/2020 16:00,0.366,0.555
17,10/8/2020 17:00,0.063,1.191
18,10/8/2020 18:00,0.0,2.9304
19,10/8/2020 19:00,0.0,3.2406
20,10/8/2020 20:00,0.0,56.7798
21,10/8/2020 21:00,0.0,2.073
22,10/8/2020 22:00,0.03,1.2
23,10/8/2020 23:00,0.0,0.4019598
0,10/9/2020 0:00,0.0,0.4039596
1,10/9/2020 1:00,0.0,0.29997
2,10/9/2020 2:00,0.0,0.3019698
3,10/9/2020 3:00,0.0,0.198
4,10/9/2020 4:00,0.006,0.471
5,10/9/2020 5:00,0.006,0.363
6,10/9/2020 6:00,0.012,0.378
7,10/9/2020 7:00,0.312,1.299
8,10/9/2020 8:00,0.762,0.6
9,10/9/2020 9:00,0.486,0.492
10,10/9/2020 10:00,0.861,0.243
11,10/9/2020 11:00,1.629,0.213
12,10/9/2020 12:00,2.652,0.243
13,10/9/2020 13:00,2.382,0.147
14,10/9/2020 14:00,0.204,0.252
15,10/9/2020 15:00,0.66,0.366
16,10/9/2020 16:00,0.225,0.555
17,10/9/2020 17:00,0.033,0.726
18,10/9/2020 18:00,0.003,12.6522
19,10/9/2020 19:00,0.015,2.178
20,10/9/2020 20:00,0.012,1.2606
21,10/9/2020 21:00,0.009,0.978
22,10/9/2020 22:00,0.003,33.309
23,10/9/2020 23:00,0.0,1.819818
0,10/10/2020 0:00,0.0,1.1918808
1,10/10/2020 1:00,0.0,0.139986
2,10/10/2020 2:00,0.0,0.219978
3,10/10/2020 3:00,0.0,0.315
4,10/10/2020 4:00,0.009,0.237
5,10/10/2020 5:00,0.018,0.501
6,10/10/2020 6:00,0.012,0.978
7,10/10/2020 7:00,0.216,1.872
8,10/10/2020 8:00,1.311,0.255
9,10/10/2020 9:00,1.683,0.486
10,10/10/2020 10:00,2.694,0.528
11,10/10/2020 11:00,1.161,0.228
12,10/10/2020 12:00,1.512,0.195
13,10/10/2020 13:00,4.05,0.123
14,10/10/2020 14:00,1.182,0.684
15,10/10/2020 15:00,1.452,0.474
16,10/10/2020 16:00,0.567,0.465
17,10/10/2020 17:00,0.045,5.772
18,10/10/2020 18:00,0.003,2.112
19,10/10/2020 19:00,0.0,3.0954
20,10/10/2020 20:00,0.009,2.4024
21,10/10/2020 21:00,0.006,2.13
22,10/10/2020 22:00,0.0,26.025
23,10/10/2020 23:00,0.0,0.7519248
0,10/11/2020 0:00,0.0,0.6379362
1,10/11/2020 1:00,0.0,0.4119588
2,10/11/2020 2:00,0.0,0.1559844
3,10/11/2020 3:00,0.0,0.237
4,10/11/2020 4:00,0.012,0.372
5,10/11/2020 5:00,0.018,0.399
6,10/11/2020 6:00,0.009,0.246
7,10/11/2020 7:00,0.243,1.845
8,10/11/2020 8:00,0.468,1.011
9,10/11/2020 9:00,1.569,0.576
10,10/11/2020 10:00,2.94,0.189
11,10/11/2020 11:00,0.735,0.24
12,10/11/2020 12:00,2.736,0.501
13,10/11/2020 13:00,1.734,0.483
14,10/11/2020 14:00,1.035,0.222
15,10/11/2020 15:00,1.23,0.357
16,10/11/2020 16:00,0.153,6.816
17,10/11/2020 17:00,0.057,2.259
18,10/11/2020 18:00,0.0,15.5298
19,10/11/2020 19:00,0.009,3.4254
20,10/11/2020 20:00,0.018,3.201
21,10/11/2020 21:00,0.024,1.599
22,10/11/2020 22:00,0.027,2.049
23,10/11/2020 23:00,0.0,0.7159284
0,10/12/2020 0:00,0.0,1.2178782
1,10/12/2020 1:00,0.0,0.8739126
2,10/12/2020 2:00,0.0,0.139986
3,10/12/2020 3:00,0.0,0.312
4,10/12/2020 4:00,0.009,0.486
5,10/12/2020 5:00,0.006,0.474
6,10/12/2020 6:00,0.0,0.663
7,10/12/2020 7:00,0.57,1.011
8,10/12/2020 8:00,1.335,0.453
9,10/12/2020 9:00,2.148,0.168
10,10/12/2020 10:00,4.53,0.066
11,10/12/2020 11:00,5.976,0.423
12,10/12/2020 12:00,1.848,0.444
13,10/12/2020 13:00,5.511,0.024
14,10/12/2020 14:00,2.541,5.235
15,10/12/2020 15:00,0.738,5.517
16,10/12/2020 16:00,0.627,0.645
17,10/12/2020 17:00,0.042,1.242
18,10/12/2020 18:00,0.024,2.1186
19,10/12/2020 19:00,0.009,3.4914
20,10/12/2020 20:00,0.0,2.7852
21,10/12/2020 21:00,0.012,1.857
22,10/12/2020 22:00,0.015,2.124
23,10/12/2020 23:00,0.0,0.8919108
0,10/13/2020 0:00,0.0,0.3359664
1,10/13/2020 1:00,0.0,0.279972
2,10/13/2020 2:00,0.0,0.2159784
3,10/13/2020 3:00,0.0,0.192
4,10/13/2020 4:00,0.0,0.21
5,10/13/2020 5:00,0.027,0.255
6,10/13/2020 6:00,0.012,0.855
7,10/13/2020 7:00,0.018,1.617
8,10/13/2020 8:00,0.813,0.891
9,10/13/2020 9:00,0.435,0.372
10,10/13/2020 10:00,2.529,0.402
11,10/13/2020 11:00,3.291,0.264
12,10/13/2020 12:00,6.345,0.456
13,10/13/2020 13:00,0.618,1.11
14,10/13/2020 14:00,1.347,0.579
15,10/13/2020 15:00,1.251,0.21
16,10/13/2020 16:00,0.561,0.237
17,10/13/2020 17:00,0.057,31.536
18,10/13/2020 18:00,0.0,2.6532
19,10/13/2020 19:00,0.018,1.2738
20,10/13/2020 20:00,0.006,0.7458
21,10/13/2020 21:00,0.015,0.339
22,10/13/2020 22:00,0.015,1.383
23,10/13/2020 23:00,0.0,0.5479452
0,10/14/2020 0:00,0.0,0.2559744
1,10/14/2020 1:00,0.0,0.1279872
2,10/14/2020 2:00,0.0,0.288
3,10/14/2020 3:00,0.0,0.432
4,10/14/2020 4:00,0.003,0.207
5,10/14/2020 5:00,0.0,0.342
6,10/14/2020 6:00,0.027,0.342
7,10/14/2020 7:00,0.567,0.51
8,10/14/2020 8:00,0.804,0.513
9,10/14/2020 9:00,3.612,1.356
10,10/14/2020 10:00,5.757,1.044
11,10/14/2020 11:00,6.06,0.108
12,10/14/2020 12:00,6.222,0.489
13,10/14/2020 13:00,1.377,1.02
14,10/14/2020 14:00,0.834,0.753
15,10/14/2020 15:00,0.951,0.213
16,10/14/2020 16:00,0.36,0.246
17,10/14/2020 17:00,0.033,0.627
18,10/14/2020 18:00,0.0,4.7322
19,10/14/2020 19:00,0.009,12.54
20,10/14/2020 20:00,0.003,3.9996
21,10/14/2020 21:00,0.021,2.028
22,10/14/2020 22:00,0.018,2.079
23,10/14/2020 23:00,0.0,0.879912
0,10/15/2020 0:00,0.0,0.6139386
1,10/15/2020 1:00,0.0,0.6719328
2,10/15/2020 2:00,0.0,0.5039496
3,10/15/2020 3:00,0.0,0.639
4,10/15/2020 4:00,0.03,0.918
5,10/15/2020 5:00,0.0,0.753
6,10/15/2020 6:00,0.015,13.998
7,10/15/2020 7:00,0.309,2.364
8,10/15/2020 8:00,0.834,1.752
9,10/15/2020 9:00,2.43,0.15
10,10/15/2020 10:00,4.995,0.447
11,10/15/2020 11:00,5.655,0.018
12,10/15/2020 12:00,5.571,5.382
13,10/15/2020 13:00,4.848,2.097
14,10/15/2020 14:00,3.648,0.504
15,10/15/2020 15:00,1.086,0.441
16,10/15/2020 16:00,0.384,0.261
17,10/15/2020 17:00,0.033,0.567
18,10/15/2020 18:00,0.018,1.9932
19,10/15/2020 19:00,0.015,13.5036
20,10/15/2020 20:00,0.012,13.9062
21,10/15/2020 21:00,0.0,1.503
22,10/15/2020 22:00,0.012,1.44
23,10/15/2020 23:00,0.0,0.9079092
0,10/16/2020 0:00,0.0,1.3118688
1,10/16/2020 1:00,0.0,0.2959704
2,10/16/2020 2:00,0.0,0.19998
3,10/16/2020 3:00,0.0,0.201
4,10/16/2020 4:00,0.009,0.237
5,10/16/2020 5:00,0.003,0.354
6,10/16/2020 6:00,0.015,0.582
7,10/16/2020 7:00,0.012,2.073
8,10/16/2020 8:00,0.501,0.654
9,10/16/2020 9:00,1.638,0.534
10,10/16/2020 10:00,3.558,0.561
11,10/16/2020 11:00,4.977,0.285
12,10/16/2020 12:00,5.109,0.051
13,10/16/2020 13:00,2.46,0.15
14,10/16/2020 14:00,1.146,0.624
15,10/16/2020 15:00,0.744,5.787
16,10/16/2020 16:00,0.114,0.861
17,10/16/2020 17:00,0.03,1.605
18,10/16/2020 18:00,0.012,3.3528
19,10/16/2020 19:00,0.009,3.3594
20,10/16/2020 20:00,0.012,1.6764
21,10/16/2020 21:00,0.015,1.365
22,10/16/2020 22:00,0.0,1.635
23,10/16/2020 23:00,0.0,0.9079092
0,10/17/2020 0:00,0.0,1.0158984
1,10/17/2020 1:00,0.0,0.8739126
2,10/17/2020 2:00,0.0,0.29997
3,10/17/2020 3:00,0.0,0.321
4,10/17/2020 4:00,0.006,0.231
5,10/17/2020 5:00,0.006,0.228
6,10/17/2020 6:00,0.006,0.234
7,10/17/2020 7:00,0.255,1.809
8,10/17/2020 8:00,0.87,0.48
9,10/17/2020 9:00,3.099,0.183
10,10/17/2020 10:00,3.633,0.081
11,10/17/2020 11:00,3.252,0.255
12,10/17/2020 12:00,2.373,0.537
13,10/17/2020 13:00,0.306,0.477
14,10/17/2020 14:00,1.887,0.219
15,10/17/2020 15:00,0.912,0.393
16,10/17/2020 16:00,0.351,0.336
17,10/17/2020 17:00,0.042,6.678
18,10/17/2020 18:00,0.012,4.5606
19,10/17/2020 19:00,0.006,2.1648
20,10/17/2020 20:00,0.012,2.013
21,10/17/2020 21:00,0.0,1.203
22,10/17/2020 22:00,0.0,26.082
23,10/17/2020 23:00,0.0,0.8719128
0,10/18/2020 0:00,0.0,0.409959
1,10/18/2020 1:00,0.0,0.2179782
2,10/18/2020 2:00,0.0,0.1559844
3,10/18/2020 3:00,0.0,0.216
4,10/18/2020 4:00,0.012,0.237
5,10/18/2020 5:00,0.0,0.318
6,10/18/2020 6:00,0.006,0.756
7,10/18/2020 7:00,0.018,6.999
8,10/18/2020 8:00,0.345,3.027
9,10/18/2020 9:00,0.387,2.931
10,10/18/2020 10:00,0.657,2.13
11,10/18/2020 11:00,1.395,0.822
12,10/18/2020 12:00,0.519,4.779
13,10/18/2020 13:00,0.354,0.669
14,10/18/2020 14:00,0.126,0.786
15,10/18/2020 15:00,0.192,0.927
16,10/18/2020 16:00,0.165,0.897
17,10/18/2020 17:00,0.048,1.212
18,10/18/2020 18:00,0.021,5.8278
19,10/18/2020 19:00,0.003,6.4086
20,10/18/2020 20:00,0.0,7.0422
21,10/18/2020 21:00,0.0,3.084
22,10/18/2020 22:00,0.003,1.26
23,10/18/2020 23:00,0.0,1.769823
0,10/19/2020 0:00,0.0,1.659834
1,10/19/2020 1:00,0.0,0.2919708
2,10/19/2020 2:00,0.0,0.2819718
3,10/19/2020 3:00,0.0,0.291
4,10/19/2020 4:00,0.003,0.216
5,10/19/2020 5:00,0.006,0.222
6,10/19/2020 6:00,0.003,0.66
7,10/19/2020 7:00,0.0,1.437
8,10/19/2020 8:00,0.588,0.588
9,10/19/2020 9:00,1.074,0.441
10,10/19/2020 10:00,1.968,0.147
11,10/19/2020 11:00,0.894,0.228
12,10/19/2020 12:00,0.669,0.324
13,10/19/2020 13:00,1.842,0.228
14,10/19/2020 14:00,1.539,0.441
15,10/19/2020 15:00,0.219,0.708
16,10/19/2020 16:00,0.102,0.915
17,10/19/2020 17:00,0.03,5.313
18,10/19/2020 18:00,0.012,11.2464
19,10/19/2020 19:00,0.024,3.4848
20,10/19/2020 20:00,0.0,2.9568
21,10/19/2020 21:00,0.003,1.251
22,10/19/2020 22:00,0.012,25.548
23,10/19/2020 23:00,0.0,1.2858714
0,10/20/2020 0:00,0.0,0.3559644
1,10/20/2020 1:00,0.0,0.2419758
2,10/20/2020 2:00,0.0,0.149985
3,10/20/2020 3:00,0.0,0.246
4,10/20/2020 4:00,0.006,0.51
5,10/20/2020 5:00,0.006,0.366
6,10/20/2020 6:00,0.006,0.777
7,10/20/2020 7:00,0.009,1.821
8,10/20/2020 8:00,0.342,0.654
9,10/20/2020 9:00,1.239,0.264
10,10/20/2020 10:00,1.341,0.342
11,10/20/2020 11:00,0.732,0.267
12,10/20/2020 12:00,0.417,0.255
13,10/20/2020 13:00,0.453,0.504
14,10/20/2020 14:00,0.762,5.952
15,10/20/2020 15:00,0.726,0.66
16,10/20/2020 16:00,0.096,0.603
17,10/20/2020 17:00,0.039,1.29
18,10/20/2020 18:00,0.021,5.0424
19,10/20/2020 19:00,0.009,3.4386
20,10/20/2020 20:00,0.009,3.234
21,10/20/2020 21:00,0.0,1.317
22,10/20/2020 22:00,0.003,1.395
23,10/20/2020 23:00,0.0,1.356
0,10/21/2020 0:00,0.0,0.9439056
1,10/21/2020 1:00,0.0,0.409959
2,10/21/2020 2:00,0.0,0.4079592
3,10/21/2020 3:00,0.0,0.618
4,10/21/2020 4:00,0.012,1.002
5,10/21/2020 5:00,0.006,0.867
6,10/21/2020 6:00,0.009,0.63
7,10/21/2020 7:00,0.006,2.436
8,10/21/2020 8:00,1.125,0.993
9,10/21/2020 9:00,3.561,0.486
10,10/21/2020 10:00,5.055,5.451
11,10/21/2020 11:00,1.386,0.897
12,10/21/2020 12:00,2.934,3.165
13,10/21/2020 13:00,5.046,0.444
14,10/21/2020 14:00,3.906,0.714
15,10/21/2020 15:00,1.011,0.6
16,10/21/2020 16:00,0.213,0.255
17,10/21/2020 17:00,0.012,0.99
18,10/21/2020 18:00,0.0,16.2228
19,10/21/2020 19:00,0.0,5.6562
20,10/21/2020 20:00,0.003,3.6366
21,10/21/2020 21:00,0.003,1.485
22,10/21/2020 22:00,0.003,7.923
23,10/21/2020 23:00,0.0,1.6618338
0,10/22/2020 0:00,0.0,0.8919108
1,10/22/2020 1:00,0.0,0.4279572
2,10/22/2020 2:00,0.0,0.3739626
3,10/22/2020 3:00,0.0,0.318
4,10/22/2020 4:00,0.0,0.222
5,10/22/2020 5:00,0.015,0.453
6,10/22/2020 6:00,0.006,0.342
7,10/22/2020 7:00,0.294,2.346
8,10/22/2020 8:00,1.473,2.049
9,10/22/2020 9:00,1.956,0.738
10,10/22/2020 10:00,3.765,0.459
11,10/22/2020 11:00,1.701,0.396
12,10/22/2020 12:00,1.404,0.636
13,10/22/2020 13:00,1.431,0.618
14,10/22/2020 14:00,0.696,0.348
15,10/22/2020 15:00,0.402,0.828
16,10/22/2020 16:00,0.372,0.582
17,10/22/2020 17:00,0.036,0.369
18,10/22/2020 18:00,0.006,0.6798
19,10/22/2020 19:00,0.006,0.66
20,10/22/2020 20:00,0.012,0.6864
21,10/22/2020 21:00,0.003,0.309
22,10/22/2020 22:00,0.015,0.561
23,10/22/2020 23:00,0.0,0.435
0,10/23/2020 0:00,0.0,0.927
1,10/23/2020 1:00,0.0,0.129987
2,10/23/2020 2:00,0.0,0.1339866
3,10/23/2020 3:00,0.0,0.153
4,10/23/2020 4:00,0.003,0.174
5,10/23/2020 5:00,0.015,0.204
6,10/23/2020 6:00,0.003,0.456
7,10/23/2020 7:00,0.201,0.486
8,10/23/2020 8:00,0.639,0.417
9,10/23/2020 9:00,1.491,0.216
10,10/23/2020 10:00,4.497,0.099
11,10/23/2020 11:00,4.827,0.12
12,10/23/2020 12:00,1.497,0.222
13,10/23/2020 13:00,1.152,0.21
14,10/23/2020 14:00,0.402,0.471
15,10/23/2020 15:00,0.486,0.516
16,10/23/2020 16:00,0.096,0.48
17,10/23/2020 17:00,0.033,0.531
18,10/23/2020 18:00,0.03,1.0956
19,10/23/2020 19:00,0.009,1.0758
20,10/23/2020 20:00,0.009,2.7456
21,10/23/2020 21:00,0.015,2.205
22,10/23/2020 22:00,0.006,1.386
23,10/23/2020 23:00,0.0,0.6359364
0,10/24/2020 0:00,0.0,0.5079492
1,10/24/2020 1:00,0.0,0.1939806
2,10/24/2020 2:00,0.0,0.3579642
3,10/24/2020 3:00,0.0,0.54
4,10/24/2020 4:00,0.006,0.213
5,10/24/2020 5:00,0.024,0.237
6,10/24/2020 6:00,0.009,0.471
7,10/24/2020 7:00,0.0,0.429
8,10/24/2020 8:00,0.57,0.486
9,10/24/2020 9:00,1.146,0.468
10,10/24/2020 10:00,1.218,0.189
11,10/24/2020 11:00,2.262,0.345
12,10/24/2020 12:00,1.731,0.486
13,10/24/2020 13:00,1.437,24.672
14,10/24/2020 14:00,2.241,0.429
15,10/24/2020 15:00,0.723,0.465
16,10/24/2020 16:00,0.192,0.249
17,10/24/2020 17:00,0.018,9.006
18,10/24/2020 18:00,0.006,2.9172
19,10/24/2020 19:00,0.024,1.5312
20,10/24/2020 20:00,0.027,1.0164
21,10/24/2020 21:00,0.018,0.69
22,10/24/2020 22:00,0.009,1.14
23,10/24/2020 23:00,0.0,0.6019398
0,10/25/2020 0:00,0.0,0.2859714
1,10/25/2020 1:00,0.0,0.2319768
2,10/25/2020 2:00,0.0,0.3719628
3,10/25/2020 3:00,0.0,0.519
4,10/25/2020 4:00,0.015,0.234
5,10/25/2020 5:00,0.0,0.207
6,10/25/2020 6:00,0.018,0.495
7,10/25/2020 7:00,0.012,0.699
8,10/25/2020 8:00,0.6,0.339
9,10/25/2020 9:00,2.826,0.249
10,10/25/2020 10:00,1.401,0.216
11,10/25/2020 11:00,3.765,0.399
12,10/25/2020 12:00,2.52,0.39
13,10/25/2020 13:00,1.473,0.186
14,10/25/2020 14:00,2.469,0.264
15,10/25/2020 15:00,0.621,0.357
16,10/25/2020 16:00,0.216,0.498
17,10/25/2020 17:00,0.033,8.28
18,10/25/2020 18:00,0.033,2.3166
19,10/25/2020 19:00,0.012,0.6732
20,10/25/2020 20:00,0.009,0.9372
21,10/25/2020 21:00,0.015,0.414
22,10/25/2020 22:00,0.027,1.932
23,10/25/2020 23:00,0.0,0.5779422
0,10/26/2020 0:00,0.0,0.5259474
1,10/26/2020 1:00,0.0,0.2439756
2,10/26/2020 2:00,0.0,0.2159784
3,10/26/2020 3:00,0.0,0.57
4,10/26/2020 4:00,0.0,0.555
5,10/26/2020 5:00,0.015,0.228
6,10/26/2020 6:00,0.006,0.51
7,10/26/2020 7:00,0.027,0.507
8,10/26/2020 8:00,0.459,0.486
9,10/26/2020 9:00,1.479,0.717
10,10/26/2020 10:00,3.039,0.426
11,10/26/2020 11:00,2.493,0.462
12,10/26/2020 12:00,2.556,0.168
13,10/26/2020 13:00,1.596,0.489
14,10/26/2020 14:00,0.936,0.474
15,10/26/2020 15:00,0.348,0.336
16,10/26/2020 16:00,0.087,0.366
17,10/26/2020 17:00,0.03,1.206
18,10/26/2020 18:00,0.0,2.277
19,10/26/2020 19:00,0.009,4.6464
20,10/26/2020 20:00,0.03,2.442
21,10/26/2020 21:00,0.009,0.96
22,10/26/2020 22:00,0.006,0.678
23,10/26/2020 23:00,0.0,0.4419558
0,10/27/2020 0:00,0.0,0.3039696
1,10/27/2020 1:00,0.0,0.1179882
2,10/27/2020 2:00,0.0,0.1339866
3,10/27/2020 3:00,0.0,0.336
4,10/27/2020 4:00,0.009,0.333
5,10/27/2020 5:00,0.009,0.579
6,10/27/2020 6:00,0.0,0.72
7,10/27/2020 7:00,0.012,0.498
8,10/27/2020 8:00,0.66,0.225
9,10/27/2020 9:00,2.388,0.162
10,10/27/2020 10:00,4.461,0.096
11,10/27/2020 11:00,2.853,0.57
12,10/27/2020 12:00,2.127,0.525
13,10/27/2020 13:00,0.93,0.24
14,10/27/2020 14:00,3.843,0.084
15,10/27/2020 15:00,0.747,0.237
16,10/27/2020 16:00,0.162,0.252
17,10/27/2020 17:00,0.042,1.041
18,10/27/2020 18:00,0.012,3.4254
19,10/27/2020 19:00,0.018,3.5376
20,10/27/2020 20:00,0.0,1.9536
21,10/27/2020 21:00,0.006,1.326
22,10/27/2020 22:00,0.009,2.766
23,10/27/2020 23:00,0.0,0.9939006
0,10/28/2020 0:00,0.0,1.159884
1,10/28/2020 1:00,0.0,0.2479752
2,10/28/2020 2:00,0.0,0.1179882
3,10/28/2020 3:00,0.0,0.456
4,10/28/2020 4:00,0.006,0.453
5,10/28/2020 5:00,0.009,0.213
6,10/28/2020 6:00,0.012,0.252
7,10/28/2020 7:00,0.012,0.561
8,10/28/2020 8:00,0.705,1.314
9,10/28/2020 9:00,2.121,0.459
10,10/28/2020 10:00,0.972,0.213
11,10/28/2020 11:00,1.413,1.131
12,10/28/2020 12:00,2.136,24.294
13,10/28/2020 13:00,1.551,7.206
14,10/28/2020 14:00,1.182,0.354
15,10/28/2020 15:00,0.633,0.336
16,10/28/2020 16:00,0.096,0.249
17,10/28/2020 17:00,0.024,0.504
18,10/28/2020 18:00,0.021,16.368
19,10/28/2020 19:00,0.015,2.5872
20,10/28/2020 20:00,0.009,2.0988
21,10/28/2020 21:00,0.015,1.431
22,10/28/2020 22:00,0.018,1.743
23,10/28/2020 23:00,0.0,1.2438756
0,10/29/2020 0:00,0.0,1.039896
1,10/29/2020 1:00,0.0,0.3319668
2,10/29/2020 2:00,0.0,0.1319868
3,10/29/2020 3:00,0.0,0.57
4,10/29/2020 4:00,0.012,1.011
5,10/29/2020 5:00,0.012,0.648
6,10/29/2020 6:00,0.009,0.546
7,10/29/2020 7:00,0.003,0.468
8,10/29/2020 8:00,0.567,0.717
9,10/29/2020 9:00,1.197,0.264
10,10/29/2020 10:00,4.089,0.522
11,10/29/2020 11:00,3.252,0.051
12,10/29/2020 12:00,1.539,10.242
13,10/29/2020 13:00,5.754,6.939
14,10/29/2020 14:00,2.943,0.396
15,10/29/2020 15:00,0.93,0.222
16,10/29/2020 16:00,0.192,0.258
17,10/29/2020 17:00,0.015,0.381
18,10/29/2020 18:00,0.0,2.2704
19,10/29/2020 19:00,0.015,13.0086
20,10/29/2020 20:00,0.015,13.4046
21,10/29/2020 21:00,0.012,1.458
22,10/29/2020 22:00,0.009,1.569
23,10/29/2020 23:00,0.0,1.5135
0,10/30/2020 0:00,0.0,1.5338466
1,10/30/2020 1:00,0.0,0.4279572
2,10/30/2020 2:00,0.0,0.29997
3,10/30/2020 3:00,0.0,0.453
4,10/30/2020 4:00,0.0,0.441
5,10/30/2020 5:00,0.018,0.234
6,10/30/2020 6:00,0.0,0.198
7,10/30/2020 7:00,0.006,0.513
8,10/30/2020 8:00,1.098,0.966
9,10/30/2020 9:00,1.944,0.54
10,10/30/2020 10:00,4.401,0.423
11,10/30/2020 11:00,4.293,0.087
12,10/30/2020 12:00,3.297,0.153
13,10/30/2020 13:00,2.496,0.162
14,10/30/2020 14:00,1.56,0.204
15,10/30/2020 15:00,0.759,0.513
16,10/30/2020 16:00,0.24,0.51
17,10/30/2020 17:00,0.003,8.796
18,10/30/2020 18:00,0.021,14.2428
19,10/30/2020 19:00,0.006,4.7322
20,10/30/2020 20:00,0.006,1.4982
21,10/30/2020 21:00,0.0,0.927
22,10/30/2020 22:00,0.015,1.599
23,10/30/2020 23:00,0.0,1.263
0,10/31/2020 0:00,0.0,0.829917
1,10/31/2020 1:00,0.0,0.29997
2,10/31/2020 2:00,0.0,0.1339866
3,10/31/2020 3:00,0.0,0.195
4,10/31/2020 4:00,0.003,0.189
5,10/31/2020 5:00,0.018,0.465
6,10/31/2020 6:00,0.003,0.225
7,10/31/2020 7:00,0.009,0.696
8,10/31/2020 8:00,0.138,2.112
9,10/31/2020 9:00,0.693,0.366
10,10/31/2020 10:00,0.927,0.315
11,10/31/2020 11:00,4.116,0.237
12,10/31/2020 12:00,4.524,0.486
13,10/31/2020 13:00,0.957,0.465
14,10/31/2020 14:00,0.753,0.225
15,10/31/2020 15:00,0.666,0.243
16,10/31/2020 16:00,0.135,0.243
17,10/31/2020 17:00,0.009,0.486
18,10/31/2020 18:00,0.024,4.5144
19,10/31/2020 19:00,0.006,3.102
20,10/31/2020 20:00,0.0,15.3912
21,10/31/2020 21:00,0.015,2.907
22,10/31/2020 22:00,0.006,1.839
23,10/31/2020 23:00,0.0,0.9319068
0,11/1/2020 0:00,0.0,0.6279372
1,11/1/2020 1:00,0.0,1.17
2,11/1/2020 2:00,0.0,0.3139686
3,11/1/2020 3:00,0.0,0.216
4,11/1/2020 4:00,0.006,0.204
5,11/1/2020 5:00,0.012,0.237
6,11/1/2020 6:00,0.018,0.54
7,11/1/2020 7:00,0.003,0.843
8,11/1/2020 8:00,0.81,1.872
9,11/1/2020 9:00,1.173,0.939
10,11/1/2020 10:00,1.602,1.173
11,11/1/2020 11:00,3.195,0.141
12,11/1/2020 12:00,1.743,0.216
13,11/1/2020 13:00,1.275,0.231
14,11/1/2020 14:00,0.876,0.597
15,11/1/2020 15:00,0.516,0.279
16,11/1/2020 16:00,0.18,0.279
17,11/1/2020 17:00,0.015,0.231
18,11/1/2020 18:00,0.024,13.8864
19,11/1/2020 19:00,0.0,2.8248
20,11/1/2020 20:00,0.003,3.0162
21,11/1/2020 21:00,0.009,0.975
22,11/1/2020 22:00,0.009,1.035
23,11/1/2020 23:00,0.0,1.005
0,11/2/2020 0:00,0.0,0.8259174
1,11/2/2020 1:00,0.0,0.3239676
2,11/2/2020 2:00,0.0,0.3119688
3,11/2/2020 3:00,0.0,0.219
4,11/2/2020 4:00,0.0,0.219
5,11/2/2020 5:00,0.009,0.531
6,11/2/2020 6:00,0.009,0.618
7,11/2/2020 7:00,0.012,0.891
8,11/2/2020 8:00,0.753,0.978
9,11/2/2020 9:00,1.461,0.246
10,11/2/2020 10:00,0.999,0.261
11,11/2/2020 11:00,1.23,0.237
12,11/2/2020 12:00,1.437,0.246
13,11/2/2020 13:00,1.344,0.351
14,11/2/2020 14:00,0.903,0.597
15,11/2/2020 15:00,0.348,0.465
16,11/2/2020 16:00,0.105,0.507
17,11/2/2020 17:00,0.0,0.201
18,11/2/2020 18:00,0.003,4.752
19,11/2/2020 19:00,0.0,3.5904
20,11/2/2020 20:00,0.021,3.0624
21,11/2/2020 21:00,0.006,1.038
22,11/2/2020 22:00,0.009,1.113
23,11/2/2020 23:00,0.0,1.0755
0,11/3/2020 0:00,0.0,1.5138486
1,11/3/2020 1:00,0.0,0.319968
2,11/3/2020 2:00,0.0,0.2919708
3,11/3/2020 3:00,0.0,0.255
4,11/3/2020 4:00,0.0,0.297
5,11/3/2020 5:00,0.009,0.33
6,11/3/2020 6:00,0.0,0.48
7,11/3/2020 7:00,0.003,0.735
8,11/3/2020 8:00,0.564,0.651
9,11/3/2020 9:00,0.867,0.243
10,11/3/2020 10:00,1.758,0.561
11,11/3/2020 11:00,1.461,0.438
12,11/3/2020 12:00,5.241,0.069
13,11/3/2020 13:00,4.527,0.072
14,11/3/2020 14:00,2.982,0.135
15,11/3/2020 15:00,0.735,0.585
16,11/3/2020 16:00,0.099,0.522
17,11/3/2020 17:00,0.009,0.225
18,11/3/2020 18:00,0.015,14.949
19,11/3/2020 19:00,0.009,5.7024
20,11/3/2020 20:00,0.009,2.5872
21,11/3/2020 21:00,0.006,0.885
22,11/3/2020 22:00,0.003,1.776
23,11/3/2020 23:00,0.0,1.1018898
0,11/4/2020 0:00,0.0,1.539846
1,11/4/2020 1:00,0.0,0.7619238
2,11/4/2020 2:00,0.0,0.29997
3,11/4/2020 3:00,0.0,0.435
4,11/4/2020 4:00,0.009,0.201
5,11/4/2020 5:00,0.012,0.348
6,11/4/2020 6:00,0.0,0.303
7,11/4/2020 7:00,0.018,0.231
8,11/4/2020 8:00,0.159,0.492
9,11/4/2020 9:00,0.516,3.324
10,11/4/2020 10:00,0.552,1.932
11,11/4/2020 11:00,0.294,2.607
12,11/4/2020 12:00,0.465,2.493
13,11/4/2020 13:00,0.525,2.367
14,11/4/2020 14:00,0.552,3.687
15,11/4/2020 15:00,0.963,4.188
16,11/4/2020 16:00,0.051,1.518
17,11/4/2020 17:00,0.006,1.104
18,11/4/2020 18:00,0.015,3.036
19,11/4/2020 19:00,0.0,32.0034
20,11/4/2020 20:00,0.009,6.2436
21,11/4/2020 21:00,0.003,1.896
22,11/4/2020 22:00,0.018,3.171
23,11/4/2020 23:00,0.0,2.079792
0,11/5/2020 0:00,0.0,1.4518548
1,11/5/2020 1:00,0.0,0.1479852
2,11/5/2020 2:00,0.0,0.1259874
3,11/5/2020 3:00,0.0,0.462
4,11/5/2020 4:00,0.009,0.549
5,11/5/2020 5:00,0.009,0.33
6,11/5/2020 6:00,0.003,0.318
7,11/5/2020 7:00,0.009,0.231
8,11/5/2020 8:00,0.522,11.781
9,11/5/2020 9:00,1.944,0.729
10,11/5/2020 10:00,2.523,1.347
11,11/5/2020 11:00,5.49,0.135
12,11/5/2020 12:00,1.923,0.519
13,11/5/2020 13:00,0.804,6.747
14,11/5/2020 14:00,3.699,4.572
15,11/5/2020 15:00,0.237,0.597
16,11/5/2020 16:00,0.105,0.696
17,11/5/2020 17:00,0.003,0.456
18,11/5/2020 18:00,0.006,3.2934
19,11/5/2020 19:00,0.0,0.6996
20,11/5/2020 20:00,0.015,1.617
21,11/5/2020 21:00,0.003,6.423
22,11/5/2020 22:00,0.003,1.488
23,11/5/2020 23:00,0.0,3.9555
0,11/6/2020 0:00,0.0,0.7559244
1,11/6/2020 1:00,0.0,0.1719828
2,11/6/2020 2:00,0.0,0.3059694
3,11/6/2020 3:00,0.0,0.45
4,11/6/2020 4:00,0.006,0.192
5,11/6/2020 5:00,0.012,0.225
6,11/6/2020 6:00,0.0,0.207
7,11/6/2020 7:00,0.003,0.498
8,11/6/2020 8:00,0.507,2.892
9,11/6/2020 9:00,1.866,0.711
10,11/6/2020 10:00,2.292,0.57
11,11/6/2020 11:00,5.157,0.138
12,11/6/2020 12:00,5.361,0.072
13,11/6/2020 13:00,4.413,0.255
14,11/6/2020 14:00,2.772,0.528
15,11/6/2020 15:00,0.351,0.612
16,11/6/2020 16:00,0.102,0.621
17,11/6/2020 17:00,0.003,5.721
18,11/6/2020 18:00,0.006,13.3782
19,11/6/2020 19:00,0.006,13.8204
20,11/6/2020 20:00,0.0,2.0328
21,11/6/2020 21:00,0.012,11.598
22,11/6/2020 22:00,0.015,2.781
23,11/6/2020 23:00,0.0,7.1895
0,11/7/2020 0:00,0.0,0.5919408
1,11/7/2020 1:00,0.0,0.1459854
2,11/7/2020 2:00,0.0,0.1319868
3,11/7/2020 3:00,0.0,0.438
4,11/7/2020 4:00,0.0,0.183
5,11/7/2020 5:00,0.018,0.237
6,11/7/2020 6:00,0.018,0.348
7,11/7/2020 7:00,0.015,0.6
8,11/7/2020 8:00,0.579,1.581
9,11/7/2020 9:00,0.999,0.537
10,11/7/2020 10:00,0.873,0.225
11,11/7/2020 11:00,0.918,0.231
12,11/7/2020 12:00,1.452,0.222
13,11/7/2020 13:00,0.735,0.498
14,11/7/2020 14:00,2.862,0.339
15,11/7/2020 15:00,0.327,0.222
16,11/7/2020 16:00,0.045,0.42
17,11/7/2020 17:00,0.009,0.219
18,11/7/2020 18:00,0.012,1.2738
19,11/7/2020 19:00,0.006,3.5178
20,11/7/2020 20:00,0.012,2.2506
21,11/7/2020 21:00,0.027,1.398
22,11/7/2020 22:00,0.003,1.02
23,11/7/2020 23:00,0.0,0.8379162
0,11/8/2020 0:00,0.0,0.5919408
1,11/8/2020 1:00,0.0,0.159984
2,11/8/2020 2:00,0.0,0.319968
3,11/8/2020 3:00,0.0,0.438
4,11/8/2020 4:00,0.009,0.207
5,11/8/2020 5:00,0.015,0.372
6,11/8/2020 6:00,0.012,0.342
7,11/8/2020 7:00,0.018,0.741
8,11/8/2020 8:00,0.21,3.06
9,11/8/2020 9:00,0.297,1.731
10,11/8/2020 10:00,0.363,0.276
11,11/8/2020 11:00,0.687,0.246
12,11/8/2020 12:00,0.531,0.51
13,11/8/2020 13:00,0.609,0.465
14,11/8/2020 14:00,0.351,2.046
15,11/8/2020 15:00,0.264,1.944
16,11/8/2020 16:00,0.039,1.977
17,11/8/2020 17:00,0.003,0.93
18,11/8/2020 18:00,0.009,22.5654
19,11/8/2020 19:00,0.009,7.2666
20,11/8/2020 20:00,0.024,18.4998
21,11/8/2020 21:00,0.021,3.051
22,11/8/2020 22:00,0.015,1.671
23,11/8/2020 23:00,0.0,1.9658034
0,11/9/2020 0:00,0.0,1.7018298
1,11/9/2020 1:00,0.0,0.1459854
2,11/9/2020 2:00,0.0,0.129987
3,11/9/2020 3:00,0.0,0.438
4,11/9/2020 4:00,0.006,0.192
5,11/9/2020 5:00,0.021,0.348
6,11/9/2020 6:00,0.012,0.33
7,11/9/2020 7:00,0.012,0.588
8,11/9/2020 8:00,0.003,1.983
9,11/9/2020 9:00,0.654,0.48
10,11/9/2020 10:00,1.152,0.21
11,11/9/2020 11:00,1.203,0.222
12,11/9/2020 12:00,0.693,0.249
13,11/9/2020 13:00,0.891,0.249
14,11/9/2020 14:00,1.164,0.228
15,11/9/2020 15:00,0.564,0.51
16,11/9/2020 16:00,0.069,0.261
17,11/9/2020 17:00,0.015,0.93
18,11/9/2020 18:00,0.003,3.9402
19,11/9/2020 19:00,0.0,3.3792
20,11/9/2020 20:00,0.006,3.7422
21,11/9/2020 21:00,0.003,1.875
22,11/9/2020 22:00,0.006,1.155
23,11/9/2020 23:00,0.0,1.515
0,11/10/2020 0:00,0.0,0.819918
1,11/10/2020 1:00,0.0,0.8819118
2,11/10/2020 2:00,0.0,0.1219878
3,11/10/2020 3:00,0.0,0.45
4,11/10/2020 4:00,0.006,0.189
5,11/10/2020 5:00,0.006,0.207
6,11/10/2020 6:00,0.006,0.576
7,11/10/2020 7:00,0.0,0.567
8,11/10/2020 8:00,0.858,1.455
9,11/10/2020 9:00,0.774,0.486
10,11/10/2020 10:00,1.32,0.207
11,11/10/2020 11:00,2.784,0.096
12,11/10/2020 12:00,5.691,0.354
13,11/10/2020 13:00,4.272,0.336
14,11/10/2020 14:00,2.346,0.396
15,11/10/2020 15:00,0.468,0.438
16,11/10/2020 16:00,0.075,0.489
17,11/10/2020 17:00,0.021,0.603
18,11/10/2020 18:00,0.009,2.4948
19,11/10/2020 19:00,0.0,2.2044
20,11/10/2020 20:00,0.021,3.399
21,11/10/2020 21:00,0.015,1.161
22,11/10/2020 22:00,0.009,1.05
23,11/10/2020 23:00,0.0,1.1055
0,11/11/2020 0:00,0.0,0.7259274
1,11/11/2020 1:00,0.0,0.8939106
2,11/11/2020 2:00,0.0,0.3139686
3,11/11/2020 3:00,0.0,0.45
4,11/11/2020 4:00,0.0,0.216
5,11/11/2020 5:00,0.018,0.378
6,11/11/2020 6:00,0.012,0.318
7,11/11/2020 7:00,0.009,0.312
8,11/11/2020 8:00,0.306,0.615
9,11/11/2020 9:00,0.918,0.963
10,11/11/2020 10:00,1.5,0.738
11,11/11/2020 11:00,2.385,1.836
12,11/11/2020 12:00,1.761,8.838
13,11/11/2020 13:00,4.167,0.78
14,11/11/2020 14:00,2.61,25.227
15,11/11/2020 15:00,0.297,0.96
16,11/11/2020 16:00,0.051,0.387
17,11/11/2020 17:00,0.003,0.771
18,11/11/2020 18:00,0.006,2.1714
19,11/11/2020 19:00,0.015,3.5178
20,11/11/2020 20:00,0.012,9.0156
21,11/11/2020 21:00,0.003,2.601
22,11/11/2020 22:00,0.018,3.219
23,11/11/2020 23:00,0.0,1.7218278
0,11/12/2020 0:00,0.0,0.6659334
1,11/12/2020 1:00,0.0,0.3219678
2,11/12/2020 2:00,0.0,0.4719528
3,11/12/2020 3:00,0.0,0.204
4,11/12/2020 4:00,0.006,0.183
5,11/12/2020 5:00,0.012,0.219
6,11/12/2020 6:00,0.009,6.534
7,11/12/2020 7:00,0.012,0.582
8,11/12/2020 8:00,0.195,0.678
9,11/12/2020 9:00,1.581,0.93
10,11/12/2020 10:00,3.591,0.285
11,11/12/2020 11:00,5.301,0.36
12,11/12/2020 12:00,4.203,0.387
13,11/12/2020 13:00,1.59,0.258
14,11/12/2020 14:00,1.449,0.663
15,11/12/2020 15:00,0.447,0.747
16,11/12/2020 16:00,0.105,0.363
17,11/12/2020 17:00,0.012,0.669
18,11/12/2020 18:00,0.006,6.0324
19,11/12/2020 19:00,0.015,31.4556
20,11/12/2020 20:00,0.0,15.972
21,11/12/2020 21:00,0.006,5.175
22,11/12/2020 22:00,0.015,1.383
23,11/12/2020 23:00,0.0,0.8279172
0,11/13/2020 0:00,0.0,0.7239276
1,11/13/2020 1:00,0.0,0.7759224
2,11/13/2020 2:00,0.0,0.3839616
3,11/13/2020 3:00,0.0,0.465
4,11/13/2020 4:00,0.0,0.303
5,11/13/2020 5:00,0.006,0.228
6,11/13/2020 6:00,0.006,0.237
7,11/13/2020 7:00,0.009,0.528
8,11/13/2020 8:00,0.306,2.319
9,11/13/2020 9:00,0.672,0.504
10,11/13/2020 10:00,2.391,0.498
11,11/13/2020 11:00,5.109,0.18
12,11/13/2020 12:00,5.175,0.36
13,11/13/2020 13:00,2.046,0.162
14,11/13/2020 14:00,1.104,0.225
15,11/13/2020 15:00,0.84,0.225
16,11/13/2020 16:00,0.09,0.54
17,11/13/2020 17:00,0.015,0.468
18,11/13/2020 18:00,0.003,4.4286
19,11/13/2020 19:00,0.0,2.1516
20,11/13/2020 20:00,0.003,6.7452
21,11/13/2020 21:00,0.003,2.559
22,11/13/2020 22:00,0.009,1.371
23,11/13/2020 23:00,0.0,1.1418858
0,11/14/2020 0:00,0.0,0.5379462
1,11/14/2020 1:00,0.0,0.1719828
2,11/14/2020 2:00,0.0,0.3159684
3,11/14/2020 3:00,0.0,0.486
4,11/14/2020 4:00,0.006,0.234
5,11/14/2020 5:00,0.012,0.255
6,11/14/2020 6:00,0.0,0.24
7,11/14/2020 7:00,0.015,0.648
8,11/14/2020 8:00,0.165,1.338
9,11/14/2020 9:00,0.507,0.513
10,11/14/2020 10:00,1.74,0.189
11,11/14/2020 11:00,1.308,0.237
12,11/14/2020 12:00,1.2,0.231
13,11/14/2020 13:00,0.717,0.651
14,11/14/2020 14:00,0.837,0.615
15,11/14/2020 15:00,0.336,0.603
16,11/14/2020 16:00,0.045,0.411
17,11/14/2020 17:00,0.018,1.083
18,11/14/2020 18:00,0.009,6.897
19,11/14/2020 19:00,0.006,2.706
20,11/14/2020 20:00,0.018,1.9536
21,11/14/2020 21:00,0.009,0.816
22,11/14/2020 22:00,0.012,7.818
23,11/14/2020 23:00,0.0,0.9919008
0,11/15/2020 0:00,0.0,1.413192
1,11/15/2020 1:00,0.0,0.1559844
2,11/15/2020 2:00,0.0,0.209979
3,11/15/2020 3:00,0.0,0.306
4,11/15/2020 4:00,0.0,0.567
5,11/15/2020 5:00,0.012,0.558
6,11/15/2020 6:00,0.003,0.225
7,11/15/2020 7:00,0.018,0.498
8,11/15/2020 8:00,0.009,2.733
9,11/15/2020 9:00,0.522,0.771
10,11/15/2020 10:00,0.747,0.678
11,11/15/2020 11:00,0.624,0.486
12,11/15/2020 12:00,0.621,0.732
13,11/15/2020 13:00,0.945,0.24
14,11/15/2020 14:00,0.459,0.366
15,11/15/2020 15:00,0.396,1.947
16,11/15/2020 16:00,0.027,0.372
17,11/15/2020 17:00,0.0,0.207
18,11/15/2020 18:00,0.015,16.9356
19,11/15/2020 19:00,0.012,14.19
20,11/15/2020 20:00,0.015,5.6892
21,11/15/2020 21:00,0.015,2.55
22,11/15/2020 22:00,0.012,2.343
23,11/15/2020 23:00,0.0,2.4465
0,11/16/2020 0:00,0.0,1.9358064
1,11/16/2020 1:00,0.0,0.3979602
2,11/16/2020 2:00,0.0,0.3059694
3,11/16/2020 3:00,0.0,0.453
4,11/16/2020 4:00,0.006,0.21
5,11/16/2020 5:00,0.018,0.228
6,11/16/2020 6:00,0.009,0.231
7,11/16/2020 7:00,0.018,2.097
8,11/16/2020 8:00,0.012,2.085
9,11/16/2020 9:00,0.492,1.008
10,11/16/2020 10:00,1.515,0.714
11,11/16/2020 11:00,1.926,0.69
12,11/16/2020 12:00,2.685,0.768
13,11/16/2020 13:00,1.326,0.867
14,11/16/2020 14:00,1.374,0.657
15,11/16/2020 15:00,0.156,0.672
16,11/16/2020 16:00,0.027,0.969
17,11/16/2020 17:00,0.009,1.209
18,11/16/2020 18:00,0.018,20.1696
19,11/16/2020 19:00,0.006,2.9898
20,11/16/2020 20:00,0.0,2.3562
21,11/16/2020 21:00,0.012,1.176
22,11/16/2020 22:00,0.003,1.488
23,11/16/2020 23:00,0.0,1.332
0,11/17/2020 0:00,0.0,0.9919008
1,11/17/2020 1:00,0.0,0.1539846
2,11/17/2020 2:00,0.0,0.129987
3,11/17/2020 3:00,0.0,0.21
4,11/17/2020 4:00,0.0,0.468
5,11/17/2020 5:00,0.015,0.594
6,11/17/2020 6:00,0.006,0.327
7,11/17/2020 7:00,0.012,0.717
8,11/17/2020 8:00,0.252,1.464
9,11/17/2020 9:00,1.347,0.552
10,11/17/2020 10:00,2.193,0.306
11,11/17/2020 11:00,4.884,0.162
12,11/17/2020 12:00,4.989,0.069
13,11/17/2020 13:00,4.113,0.09
14,11/17/2020 14:00,1.734,0.444
15,11/17/2020 15:00,0.429,0.48
16,11/17/2020 16:00,0.039,0.777
17,11/17/2020 17:00,0.006,0.21
18,11/17/2020 18:00,0.009,4.8642
19,11/17/2020 19:00,0.012,2.8182
20,11/17/2020 20:00,0.009,2.3628
21,11/17/2020 21:00,0.012,1.071
22,11/17/2020 22:00,0.012,9.057
23,11/17/2020 23:00,0.0,0.8639136
0,11/18/2020 0:00,0.0,0.819918
1,11/18/2020 1:00,0.0,1.263
2,11/18/2020 2:00,0.0,0.369963
3,11/18/2020 3:00,0.0,0.573
4,11/18/2020 4:00,0.012,0.213
5,11/18/2020 5:00,0.018,0.237
6,11/18/2020 6:00,0.003,0.216
7,11/18/2020 7:00,0.0,0.222
8,11/18/2020 8:00,0.309,0.525
9,11/18/2020 9:00,0.594,0.828
10,11/18/2020 10:00,0.549,0.549
11,11/18/2020 11:00,5.103,7.182
12,11/18/2020 12:00,5.187,0.195
13,11/18/2020 13:00,4.17,0.342
14,11/18/2020 14:00,1.413,0.174
15,11/18/2020 15:00,0.402,0.495
16,11/18/2020 16:00,0.051,0.636
17,11/18/2020 17:00,0.003,0.699
18,11/18/2020 18:00,0.018,14.1372
19,11/18/2020 19:00,0.015,16.5198
20,11/18/2020 20:00,0.006,5.4846
21,11/18/2020 21:00,0.006,2.913
22,11/18/2020 22:00,0.018,2.295
23,11/18/2020 23:00,0.0,0.6519348
0,11/19/2020 0:00,0.0,0.769923
1,11/19/2020 1:00,0.0,0.6579342
2,11/19/2020 2:00,0.0,0.29997
3,11/19/2020 3:00,0.0,0.453
4,11/19/2020 4:00,0.006,0.45
5,11/19/2020 5:00,0.0,0.222
6,11/19/2020 6:00,0.015,0.228
7,11/19/2020 7:00,0.012,0.243
8,11/19/2020 8:00,0.345,2.139
9,11/19/2020 9:00,0.867,2.874
10,11/19/2020 10:00,2.154,0.552
11,11/19/2020 11:00,5.121,0.144
12,11/19/2020 12:00,5.154,0.462
13,11/19/2020 13:00,4.119,7.527
14,11/19/2020 14:00,2.775,1.602
15,11/19/2020 15:00,0.528,0.261
16,11/19/2020 16:00,0.078,0.279
17,11/19/2020 17:00,0.012,0.99
18,11/19/2020 18:00,0.006,10.2828
19,11/19/2020 19:00,0.015,14.9622
20,11/19/2020 20:00,0.003,7.1346
21,11/19/2020 21:00,0.0,3.588
22,11/19/2020 22:00,0.003,3.612
23,11/19/2020 23:00,0.0,2.3317668
0,11/20/2020 0:00,0.0,1.009899
1,11/20/2020 1:00,0.0,0.4139586
2,11/20/2020 2:00,0.0,0.2279772
3,11/20/2020 3:00,0.0,0.318
4,11/20/2020 4:00,0.006,0.558
5,11/20/2020 5:00,0.009,0.57
6,11/20/2020 6:00,0.003,0.459
7,11/20/2020 7:00,0.0,0.495
8,11/20/2020 8:00,0.012,25.545
9,11/20/2020 9:00,0.282,6.978
10,11/20/2020 10:00,0.459,1.083
11,11/20/2020 11:00,0.657,1.332
12,11/20/2020 12:00,0.867,26.424
13,11/20/2020 13:00,0.744,2.295
14,11/20/2020 14:00,0.573,0.948
15,11/20/2020 15:00,0.201,1.071
16,11/20/2020 16:00,0.027,1.059
17,11/20/2020 17:00,0.015,6.042
18,11/20/2020 18:00,0.009,28.974
19,11/20/2020 19:00,0.012,4.3164
20,11/20/2020 20:00,0.012,4.8114
21,11/20/2020 21:00,0.009,2.091
22,11/20/2020 22:00,0.009,1.656
23,11/20/2020 23:00,0.0,1.0418958
0,11/21/2020 0:00,0.0,0.6779322
1,11/21/2020 1:00,0.0,0.3139686
2,11/21/2020 2:00,0.0,0.279972
3,11/21/2020 3:00,0.0,0.195
4,11/21/2020 4:00,0.006,0.261
5,11/21/2020 5:00,0.009,0.225
6,11/21/2020 6:00,0.015,0.345
7,11/21/2020 7:00,0.009,0.969
8,11/21/2020 8:00,0.009,1.308
9,11/21/2020 9:00,0.381,0.474
10,11/21/2020 10:00,0.918,0.216
11,11/21/2020 11:00,1.11,0.222
12,11/21/2020 12:00,1.944,0.291
13,11/21/2020 13:00,0.963,0.795
14,11/21/2020 14:00,0.324,0.483
15,11/21/2020 15:00,0.114,0.246
16,11/21/2020 16:00,0.027,0.279
17,11/21/2020 17:00,0.003,1.29
18,11/21/2020 18:00,0.0,29.1522
19,11/21/2020 19:00,0.009,2.3034
20,11/21/2020 20:00,0.006,2.0064
21,11/21/2020 21:00,0.0,0.993
22,11/21/2020 22:00,0.018,0.933
23,11/21/2020 23:00,0.0,0.8119188
0,11/22/2020 0:00,0.0,0.769923
1,11/22/2020 1:00,0.0,0.1539846
2,11/22/2020 2:00,0.0,0.339966
3,11/22/2020 3:00,0.0,0.453
4,11/22/2020 4:00,0.024,0.435
5,11/22/2020 5:00,0.021,0.444
6,11/22/2020 6:00,0.0,0.486
7,11/22/2020 7:00,0.006,1.545
8,11/22/2020 8:00,0.168,1.944
9,11/22/2020 9:00,1.419,0.3
10,11/22/2020 10:00,2.01,0.249
11,11/22/2020 11:00,4.665,2.784
12,11/22/2020 12:00,3.588,0.48
13,11/22/2020 13:00,2.256,0.609
14,11/22/2020 14:00,0.36,0.225
15,11/22/2020 15:00,0.06,0.348
16,11/22/2020 16:00,0.012,0.546
17,11/22/2020 17:00,0.018,1.302
18,11/22/2020 18:00,0.0,4.0194
19,11/22/2020 19:00,0.003,4.1712
20,11/22/2020 20:00,0.012,2.9634
21,11/22/2020 21:00,0.0,0.783
22,11/22/2020 22:00,0.0,1.893
23,11/22/2020 23:00,0.0,1.3318668
0,11/23/2020 0:00,0.0,0.3859614
1,11/23/2020 1:00,0.0,0.2759724
2,11/23/2020 2:00,0.0,0.2020798
3,11/23/2020 3:00,0.0,0.294
4,11/23/2020 4:00,0.006,0.3
5,11/23/2020 5:00,0.003,0.552
6,11/23/2020 6:00,0.015,1.263
7,11/23/2020 7:00,0.135,0.843
8,11/23/2020 8:00,0.774,0.237
9,11/23/2020 9:00,3.72,0.414
10,11/23/2020 10:00,5.241,0.264
11,11/23/2020 11:00,4.491,0.087
12,11/23/2020 12:00,3.138,0.129
13,11/23/2020 13:00,0.465,0.501
14,11/23/2020 14:00,0.132,0.27
15,11/23/2020 15:00,0.015,0.345
16,11/23/2020 16:00,0.009,0.891
17,11/23/2020 17:00,0.009,1.032
18,11/23/2020 18:00,0.006,3.927
19,11/23/2020 19:00,0.0,2.8182
20,11/23/2020 20:00,0.012,2.442
21,11/23/2020 21:00,0.015,1.374
22,11/23/2020 22:00,0.018,2.433
23,11/23/2020 23:00,0.0,1.3858614
0,11/24/2020 0:00,0.0,0.3119688
1,11/24/2020 1:00,0.0,0.2839716
2,11/24/2020 2:00,0.0,0.1439856
3,11/24/2020 3:00,0.0,0.201
4,11/24/2020 4:00,0.021,0.234
5,11/24/2020 5:00,0.009,0.483
6,11/24/2020 6:00,0.0,1.101
7,11/24/2020 7:00,0.678,1.104
8,11/24/2020 8:00,1.215,0.207
9,11/24/2020 9:00,3.42,0.108
10,11/24/2020 10:00,5.319,0.357
11,11/24/2020 11:00,1.125,0.342
12,11/24/2020 12:00,1.407,0.348
13,11/24/2020 13:00,0.579,0.348
14,11/24/2020 14:00,0.138,0.63
15,11/24/2020 15:00,0.024,0.648
16,11/24/2020 16:00,0.009,6.303
17,11/24/2020 17:00,0.012,6.405
18,11/24/2020 18:00,0.012,3.8346
19,11/24/2020 19:00,0.018,3.2076
20,11/24/2020 20:00,0.009,2.1384
21,11/24/2020 21:00,0.006,1.761
22,11/24/2020 22:00,0.012,1.719
23,11/24/2020 23:00,0.0,0.8879112
0,11/25/2020 0:00,0.0,0.4419558
1,11/25/2020 1:00,0.0,0.2039796
2,11/25/2020 2:00,0.0,0.3759624
3,11/25/2020 3:00,0.0,0.3
4,11/25/2020 4:00,0.012,0.327
5,11/25/2020 5:00,0.006,0.336
6,11/25/2020 6:00,0.009,0.957
7,11/25/2020 7:00,0.297,5.988
8,11/25/2020 8:00,0.714,5.994
9,11/25/2020 9:00,3.306,0.705
10,11/25/2020 10:00,4.212,7.665
11,11/25/2020 11:00,4.635,1.686
12,11/25/2020 12:00,3.555,0.372
13,11/25/2020 13:00,0.126,0.984
14,11/25/2020 14:00,0.102,1.431
15,11/25/2020 15:00,0.018,0.36
16,11/25/2020 16:00,0.003,1.269
17,11/25/2020 17:00,0.006,1.806
18,11/25/2020 18:00,0.018,4.092
19,11/25/2020 19:00,0.015,3.8082
20,11/25/2020 20:00,0.009,2.8446
21,11/25/2020 21:00,0.024,1.509
22,11/25/2020 22:00,0.012,1.317
23,11/25/2020 23:00,0.0,0.6679332
0,11/26/2020 0:00,0.0,0.5179482
1,11/26/2020 1:00,0.0,0.5919408
2,11/26/2020 2:00,0.0,0.1279872
3,11/26/2020 3:00,0.0,0.198
4,11/26/2020 4:00,0.012,0.219
5,11/26/2020 5:00,0.012,0.216
6,11/26/2020 6:00,0.006,0.462
7,11/26/2020 7:00,0.321,26.046
8,11/26/2020 8:00,1.299,0.303
9,11/26/2020 9:00,3.471,0.408
10,11/26/2020 10:00,5.409,0.318
11,11/26/2020 11:00,4.482,8.364
12,11/26/2020 12:00,3.171,0.681
13,11/26/2020 13:00,0.363,0.24
14,11/26/2020 14:00,0.09,0.249
15,11/26/2020 15:00,0.006,0.213
16,11/26/2020 16:00,0.012,1.32
17,11/26/2020 17:00,0.015,6.834
18,11/26/2020 18:00,0.018,3.531
19,11/26/2020 19:00,0.0,6.8772
20,11/26/2020 20:00,0.015,5.7486
21,11/26/2020 21:00,0.009,2.985
22,11/26/2020 22:00,0.009,2.148
23,11/26/2020 23:00,0.0,0.6239376
0,11/27/2020 0:00,0.0,0.1719828
1,11/27/2020 1:00,0.0,0.3359664
2,11/27/2020 2:00,0.0,0.129987
3,11/27/2020 3:00,0.0,0.195
4,11/27/2020 4:00,0.012,0.57
5,11/27/2020 5:00,0.006,0.984
6,11/27/2020 6:00,0.006,4.35
7,11/27/2020 7:00,0.186,1.644
8,11/27/2020 8:00,0.831,0.342
9,11/27/2020 9:00,1.422,0.339
10,11/27/2020 10:00,1.089,0.468
11,11/27/2020 11:00,1.827,0.447
12,11/27/2020 12:00,0.768,0.24
13,11/27/2020 13:00,0.564,0.24
14,11/27/2020 14:00,0.087,0.258
15,11/27/2020 15:00,0.006,0.462
16,11/27/2020 16:00,0.015,0.501
17,11/27/2020 17:00,0.003,7.035
18,11/27/2020 18:00,0.0,4.092
19,11/27/2020 19:00,0.009,21.0474
20,11/27/2020 20:00,0.009,17.7408
21,11/27/2020 21:00,0.006,2.625
22,11/27/2020 22:00,0.018,1.803
23,11/27/2020 23:00,0.0,0.7079292
0,11/28/2020 0:00,0.0,0.3259674
1,11/28/2020 1:00,0.0,0.1639836
2,11/28/2020 2:00,0.0,0.1419858
3,11/28/2020 3:00,0.0,0.222
4,11/28/2020 4:00,0.003,0.519
5,11/28/2020 5:00,0.012,0.471
6,11/28/2020 6:00,0.0,0.513
7,11/28/2020 7:00,0.318,0.864
8,11/28/2020 8:00,0.897,0.513
9,11/28/2020 9:00,1.236,0.231
10,11/28/2020 10:00,5.112,0.039
11,11/28/2020 11:00,4.542,0.324
12,11/28/2020 12:00,3.183,0.114
13,11/28/2020 13:00,0.336,0.252
14,11/28/2020 14:00,0.102,0.249
15,11/28/2020 15:00,0.006,0.216
16,11/28/2020 16:00,0.003,0.735
17,11/28/2020 17:00,0.006,3.522
18,11/28/2020 18:00,0.003,4.3626
19,11/28/2020 19:00,0.012,6.2304
20,11/28/2020 20:00,0.015,6.5604
21,11/28/2020 21:00,0.009,3.138
22,11/28/2020 22:00,0.009,2.643
23,11/28/2020 23:00,0.0,0.5559444
0,11/29/2020 0:00,0.0,0.2859714
1,11/29/2020 1:00,0.0,0.129987
2,11/29/2020 2:00,0.0,0.1259874
3,11/29/2020 3:00,0.0,0.186
4,11/29/2020 4:00,0.009,0.48
5,11/29/2020 5:00,0.0,0.213
6,11/29/2020 6:00,0.012,0.672
7,11/29/2020 7:00,0.369,1.851
8,11/29/2020 8:00,0.675,0.432
9,11/29/2020 9:00,0.957,0.225
10,11/29/2020 10:00,0.894,0.237
11,11/29/2020 11:00,4.593,0.3
12,11/29/2020 12:00,1.884,1.869
13,11/29/2020 13:00,0.378,4.434
14,11/29/2020 14:00,0.105,0.246
15,11/29/2020 15:00,0.0,2.451
16,11/29/2020 16:00,0.0,2.445
17,11/29/2020 17:00,0.012,16.098
18,11/29/2020 18:00,0.012,17.8332
19,11/29/2020 19:00,0.006,6.4614
20,11/29/2020 20:00,0.003,6.9762
21,11/29/2020 21:00,0.009,1.863
22,11/29/2020 22:00,0.0,1.206
23,11/29/2020 23:00,0.0,0.4659534
0,11/30/2020 0:00,0.0,0.129987
1,11/30/2020 1:00,0.0,0.309969
2,11/30/2020 2:00,0.0,0.2919708
3,11/30/2020 3:00,0.0,0.201
4,11/30/2020 4:00,0.006,0.687
5,11/30/2020 5:00,0.252,2.061
6,11/30/2020 6:00,0.516,0.207
7,11/30/2020 7:00,1.731,0.204
8,11/30/2020 8:00,1.266,0.192
9,11/30/2020 9:00,0.714,0.471
10,11/30/2020 10:00,0.921,0.207
11,11/30/2020 11:00,0.222,0.21
12,11/30/2020 12:00,0.03,0.333
13,11/30/2020 13:00,0.048,0.372
14,11/30/2020 14:00,0.015,0.969
15,11/30/2020 15:00,0.006,2.748
16,11/30/2020 16:00,0.006,2.094
17,11/30/2020 17:00,0.018,1.881
18,11/30/2020 18:00,0.006,4.026
19,11/30/2020 19:00,0.0,58.74
20,11/30/2020 20:00,0.015,4.0392
21,11/30/2020 21:00,0.009,2.073
22,11/30/2020 22:00,0.0,0.489
23,11/30/2020 23:00,0.0,0.2939706
0,12/1/2020 0:00,0.0,0.1379862
1,12/1/2020 1:00,0.0,0.3039696
2,12/1/2020 2:00,0.0,0.159984
3,12/1/2020 3:00,0.0,0.333
4,12/1/2020 4:00,0.0,0.699
5,12/1/2020 5:00,0.018,2.625
6,12/1/2020 6:00,0.528,1.5
7,12/1/2020 7:00,0.669,0.237
8,12/1/2020 8:00,0.807,0.678
9,12/1/2020 9:00,0.363,0.243
10,12/1/2020 10:00,2.595,0.258
11,12/1/2020 11:00,1.827,0.534
12,12/1/2020 12:00,0.189,0.495
13,12/1/2020 13:00,0.018,1.209
14,12/1/2020 14:00,0.003,0.729
15,12/1/2020 15:00,0.003,4.293
16,12/1/2020 16:00,0.006,2.955
17,12/1/2020 17:00,0.0,0.684
18,12/1/2020 18:00,0.009,1.6302
19,12/1/2020 19:00,0.009,2.9436
20,12/1/2020 20:00,0.0,1.2936
21,12/1/2020 21:00,0.015,2.517
22,12/1/2020 22:00,0.018,1.548
23,12/1/2020 23:00,0.0,0.6279372
0,12/2/2020 0:00,0.0,0.1259874
1,12/2/2020 1:00,0.0,0.3279672
2,12/2/2020 2:00,0.0,0.2159784
3,12/2/2020 3:00,0.0,0.324
4,12/2/2020 4:00,0.0,0.231
5,12/2/2020 5:00,0.009,0.672
6,12/2/2020 6:00,0.309,1.263
7,12/2/2020 7:00,0.672,1.224
8,12/2/2020 8:00,1.044,1.209
9,12/2/2020 9:00,1.188,0.672
10,12/2/2020 10:00,3.669,1.02
11,12/2/2020 11:00,0.498,0.942
12,12/2/2020 12:00,0.174,0.357
13,12/2/2020 13:00,0.024,1.389
14,12/2/2020 14:00,0.003,1.266
15,12/2/2020 15:00,0.006,1.332
16,12/2/2020 16:00,0.006,1.815
17,12/2/2020 17:00,0.021,1.368
18,12/2/2020 18:00,0.003,4.1778
19,12/2/2020 19:00,0.006,3.7092
20,12/2/2020 20:00,0.012,3.432
21,12/2/2020 21:00,0.009,1.716
22,12/2/2020 22:00,0.006,0.849
23,12/2/2020 23:00,0.0,0.1579842
0,12/3/2020 0:00,0.0,0.1319868
1,12/3/2020 1:00,0.0,0.1659834
2,12/3/2020 2:00,0.0,0.2235
3,12/3/2020 3:00,0.0,0.231
4,12/3/2020 4:00,0.0,0.315
5,12/3/2020 5:00,0.012,0.966
6,12/3/2020 6:00,0.666,0.762
7,12/3/2020 7:00,1.362,0.693
8,12/3/2020 8:00,1.011,1.347
9,12/3/2020 9:00,0.807,0.396
10,12/3/2020 10:00,0.363,0.882
11,12/3/2020 11:00,0.405,0.492
12,12/3/2020 12:00,0.129,0.495
13,12/3/2020 13:00,0.015,0.252
14,12/3/2020 14:00,0.012,1.386
15,12/3/2020 15:00,0.009,1.32
16,12/3/2020 16:00,0.009,1.575
17,12/3/2020 17:00,0.021,6.861
18,12/3/2020 18:00,0.006,4.7322
19,12/3/2020 19:00,0.012,2.8842
20,12/3/2020 20:00,0.003,1.6368
21,12/3/2020 21:00,0.0,0.867
22,12/3/2020 22:00,0.003,0.627
23,12/3/2020 23:00,0.0,0.2919708
0,12/4/2020 0:00,0.0,0.1359864
1,12/4/2020 1:00,0.0,0.1279872
2,12/4/2020 2:00,0.0,0.198
3,12/4/2020 3:00,0.0,0.213
4,12/4/2020 4:00,0.0,1.128
5,12/4/2020 5:00,0.144,1.536
6,12/4/2020 6:00,0.636,0.747
7,12/4/2020 7:00,1.788,3.246
8,12/4/2020 8:00,4.092,1.689
9,12/4/2020 9:00,4.206,0.282
10,12/4/2020 10:00,3.396,0.813
11,12/4/2020 11:00,1.428,0.315
12,12/4/2020 12:00,0.171,0.246
13,12/4/2020 13:00,0.024,0.396
14,12/4/2020 14:00,0.015,1.002
15,12/4/2020 15:00,0.006,5.358
16,12/4/2020 16:00,0.012,1.731
17,12/4/2020 17:00,0.009,1.368
18,12/4/2020 18:00,0.015,3.8412
19,12/4/2020 19:00,0.015,3.1548
20,12/4/2020 20:00,0.0,3.4386
21,12/4/2020 21:00,0.003,1.734
22,12/4/2020 22:00,0.012,0.492
23,12/4/2020 23:00,0.0,0.3159684
0,12/5/2020 0:00,0.0,0.1419858
1,12/5/2020 1:00,0.0,0.2139786
2,12/5/2020 2:00,0.0,0.1479852
3,12/5/2020 3:00,0.0,0.483
4,12/5/2020 4:00,0.0,7.725
5,12/5/2020 5:00,0.006,9.744
6,12/5/2020 6:00,0.159,0.555
7,12/5/2020 7:00,0.393,0.453
8,12/5/2020 8:00,0.399,0.6
9,12/5/2020 9:00,0.408,0.861
10,12/5/2020 10:00,0.27,1.158
11,12/5/2020 11:00,0.195,0.621
12,12/5/2020 12:00,0.099,0.516
13,12/5/2020 13:00,0.021,1.284
14,12/5/2020 14:00,0.006,0.807
15,12/5/2020 15:00,0.006,0.684
16,12/5/2020 16:00,0.006,0.864
17,12/5/2020 17:00,0.006,0.846
18,12/5/2020 18:00,0.006,3.6828
19,12/5/2020 19:00,0.003,2.9304
20,12/5/2020 20:00,0.009,3.399
21,12/5/2020 21:00,0.003,1.23
22,12/5/2020 22:00,0.024,0.471
23,12/5/2020 23:00,0.0,0.1279872
0,12/6/2020 0:00,0.0,0.1459854
1,12/6/2020 1:00,0.0,0.2055
2,12/6/2020 2:00,0.0,0.276
3,12/6/2020 3:00,0.0,0.231
4,12/6/2020 4:00,0.0,1.068
5,12/6/2020 5:00,0.006,9.666
6,12/6/2020 6:00,0.297,1.026
7,12/6/2020 7:00,0.534,4.758
8,12/6/2020 8:00,0.579,0.372
9,12/6/2020 9:00,0.594,0.357
10,12/6/2020 10:00,0.438,0.39
11,12/6/2020 11:00,0.24,0.99
12,12/6/2020 12:00,0.057,0.711
13,12/6/2020 13:00,0.009,0.237
14,12/6/2020 14:00,0.003,6.078
15,12/6/2020 15:00,0.0,21.138
16,12/6/2020 16:00,0.009,1.143
17,12/6/2020 17:00,0.006,3.525
18,12/6/2020 18:00,0.012,9.2862
19,12/6/2020 19:00,0.0,8.0652
20,12/6/2020 20:00,0.009,2.772
21,12/6/2020 21:00,0.015,1.377
22,12/6/2020 22:00,0.012,0.585
23,12/6/2020 23:00,0.0,0.1339866
0,12/7/2020 0:00,0.0,0.1339866
1,12/7/2020 1:00,0.0,0.1239876
2,12/7/2020 2:00,0.0,0.149985
3,12/7/2020 3:00,0.0,0.567
4,12/7/2020 4:00,0.0,0.615
5,12/7/2020 5:00,0.0,1.452
6,12/7/2020 6:00,0.168,0.483
7,12/7/2020 7:00,0.195,0.216
8,12/7/2020 8:00,0.123,0.354
9,12/7/2020 9:00,0.162,0.354
10,12/7/2020 10:00,0.18,0.258
11,12/7/2020 11:00,0.627,0.513
12,12/7/2020 12:00,0.261,0.603
13,12/7/2020 13:00,0.0,0.351
14,12/7/2020 14:00,0.009,9.972
15,12/7/2020 15:00,0.003,1.371
16,12/7/2020 16:00,0.009,1.398
17,12/7/2020 17:00,0.012,1.32
18,12/7/2020 18:00,0.006,3.5508
19,12/7/2020 19:00,0.015,3.2538
20,12/7/2020 20:00,0.003,1.9668
21,12/7/2020 21:00,0.006,1.317
22,12/7/2020 22:00,0.006,0.675
23,12/7/2020 23:00,0.0,0.159984
0,12/8/2020 0:00,0.0,0.1639836
1,12/8/2020 1:00,0.0,0.243
2,12/8/2020 2:00,0.0,0.3479652
3,12/8/2020 3:00,0.0,0.498
4,12/8/2020 4:00,0.0,0.936
5,12/8/2020 5:00,0.006,1.044
6,12/8/2020 6:00,0.462,0.471
7,12/8/2020 7:00,0.603,0.699
8,12/8/2020 8:00,4.401,0.309
9,12/8/2020 9:00,4.752,0.375
10,12/8/2020 10:00,3.837,0.633
11,12/8/2020 11:00,2.028,0.378
12,12/8/2020 12:00,0.198,0.261
13,12/8/2020 13:00,0.024,0.651
14,12/8/2020 14:00,0.003,1.599
15,12/8/2020 15:00,0.015,0.744
16,12/8/2020 16:00,0.012,7.137
17,12/8/2020 17:00,0.009,1.194
18,12/8/2020 18:00,0.009,4.8444
19,12/8/2020 19:00,0.009,3.9468
20,12/8/2020 20:00,0.003,57.453
21,12/8/2020 21:00,0.003,1.323
22,12/8/2020 22:00,0.012,0.756
23,12/8/2020 23:00,0.0,0.2079792
0,12/9/2020 0:00,0.0,0.129987
1,12/9/2020 1:00,0.0,0.2535
2,12/9/2020 2:00,0.0,0.2979702
3,12/9/2020 3:00,0.0,0.228
4,12/9/2020 4:00,0.0,0.234
5,12/9/2020 5:00,0.003,3.12
6,12/9/2020 6:00,0.384,4.248
7,12/9/2020 7:00,0.495,1.227
8,12/9/2020 8:00,1.593,0.99
9,12/9/2020 9:00,1.455,1.899
10,12/9/2020 10:00,0.789,6.078
11,12/9/2020 11:00,0.867,0.753
12,12/9/2020 12:00,0.177,0.504
13,12/9/2020 13:00,0.03,0.375
14,12/9/2020 14:00,0.0,0.594
15,12/9/2020 15:00,0.006,2.691
16,12/9/2020 16:00,0.006,3.252
17,12/9/2020 17:00,0.0,3.735
18,12/9/2020 18:00,0.012,5.9202
19,12/9/2020 19:00,0.006,2.6598
20,12/9/2020 20:00,0.006,5.8014
21,12/9/2020 21:00,0.0,27.939
22,12/9/2020 22:00,0.012,1.632
23,12/9/2020 23:00,0.0,0.2159784
0,12/10/2020 0:00,0.0,0.1539846
1,12/10/2020 1:00,0.0,0.149985
2,12/10/2020 2:00,0.0,0.149985
3,12/10/2020 3:00,0.0,0.483
4,12/10/2020 4:00,0.0,0.228
5,12/10/2020 5:00,0.009,2.12
6,12/10/2020 6:00,0.009,6.231
7,12/10/2020 7:00,0.006,0.432
8,12/10/2020 8:00,0.0,0.948
9,12/10/2020 9:00,0.003,1.296
10,12/10/2020 10:00,0.0,5.19
11,12/10/2020 11:00,0.003,0.483
12,12/10/2020 12:00,0.006,0.51
13,12/10/2020 13:00,0.0,1.452
14,12/10/2020 14:00,0.009,1.596
15,12/10/2020 15:00,0.012,1.167
16,12/10/2020 16:00,0.012,1.818
17,12/10/2020 17:00,0.006,5.55
18,12/10/2020 18:00,0.003,3.1482
19,12/10/2020 19:00,0.0,3.9468
20,12/10/2020 20:00,0.006,4.257
21,12/10/2020 21:00,0.0,1.23
22,12/10/2020 22:00,0.009,0.486
23,12/10/2020 23:00,0.0,0.1319868
0,12/11/2020 0:00,0.0,0.2179782
1,12/11/2020 1:00,0.0,0.129987
2,12/11/2020 2:00,0.0,0.261
3,12/11/2020 3:00,0.0,0.309
4,12/11/2020 4:00,0.0,0.984
5,12/11/2020 5:00,0.003,1.23
6,12/11/2020 6:00,0.006,0.462
7,12/11/2020 7:00,0.009,0.33
8,12/11/2020 8:00,0.093,0.261
9,12/11/2020 9:00,0.168,0.252
10,12/11/2020 10:00,0.207,0.735
11,12/11/2020 11:00,0.204,0.504
12,12/11/2020 12:00,0.078,0.525
13,12/11/2020 13:00,0.0,8.904
14,12/11/2020 14:00,0.006,1.14
15,12/11/2020 15:00,0.009,6.858
16,12/11/2020 16:00,0.006,1.011
17,12/11/2020 17:00,0.012,2.1
18,12/11/2020 18:00,0.006,3.8082
19,12/11/2020 19:00,0.006,3.927
20,12/11/2020 20:00,0.009,57.5058
21,12/11/2020 21:00,0.006,1.602
22,12/11/2020 22:00,0.009,0.636
23,12/11/2020 23:00,0.0,0.129987
0,12/12/2020 0:00,0.0,0.1319868
1,12/12/2020 1:00,0.0,0.1965
2,12/12/2020 2:00,0.0,0.2535
3,12/12/2020 3:00,0.0,0.237
4,12/12/2020 4:00,0.0,1.083
5,12/12/2020 5:00,0.012,0.96
6,12/12/2020 6:00,0.246,0.747
7,12/12/2020 7:00,1.182,0.552
8,12/12/2020 8:00,3.813,0.384
9,12/12/2020 9:00,4.737,0.543
10,12/12/2020 10:00,3.543,0.078
11,12/12/2020 11:00,1.791,0.306
12,12/12/2020 12:00,0.138,0.48
13,12/12/2020 13:00,0.021,0.771
14,12/12/2020 14:00,0.012,1.236
15,12/12/2020 15:00,0.006,1.425
16,12/12/2020 16:00,0.0,4.155
17,12/12/2020 17:00,0.003,2.4
18,12/12/2020 18:00,0.006,2.3034
19,12/12/2020 19:00,0.012,3.8874
20,12/12/2020 20:00,0.003,57.5652
21,12/12/2020 21:00,0.0,0.975
22,12/12/2020 22:00,0.006,0.9
23,12/12/2020 23:00,0.0,0.3579642
0,12/13/2020 0:00,0.0,0.129987
1,12/13/2020 1:00,0.0,0.1339866
2,12/13/2020 2:00,0.0,0.198
3,12/13/2020 3:00,0.0,0.663
4,12/13/2020 4:00,0.0,1.212
5,12/13/2020 5:00,0.003,1.23
6,12/13/2020 6:00,0.195,1.752
7,12/13/2020 7:00,0.792,1.83
8,12/13/2020 8:00,1.191,0.645
9,12/13/2020 9:00,0.417,0.648
10,12/13/2020 10:00,0.471,0.9
11,12/13/2020 11:00,0.423,2.493
12,12/13/2020 12:00,0.039,2.31
13,12/13/2020 13:00,0.012,7.035
14,12/13/2020 14:00,0.0,1.236
15,12/13/2020 15:00,0.006,6.084
16,12/13/2020 16:00,0.012,7.335
17,12/13/2020 17:00,0.003,13.899
18,12/13/2020 18:00,0.012,4.1382
19,12/13/2020 19:00,0.003,17.4372
20,12/13/2020 20:00,0.009,3.3726
21,12/13/2020 21:00,0.006,1.242
22,12/13/2020 22:00,0.009,0.294
23,12/13/2020 23:00,0.0,0.3819618
0,12/14/2020 0:00,0.0,0.4335
1,12/14/2020 1:00,0.0,0.4879512
2,12/14/2020 2:00,0.0,0.149985
3,12/14/2020 3:00,0.0,0.228
4,12/14/2020 4:00,0.0,2.42
5,12/14/2020 5:00,0.003,1.809
6,12/14/2020 6:00,0.489,0.717
7,12/14/2020 7:00,0.684,0.552
8,12/14/2020 8:00,0.84,0.267
9,12/14/2020 9:00,4.506,0.03
10,12/14/2020 10:00,3.246,0.117
11,12/14/2020 11:00,0.921,0.252
12,12/14/2020 12:00,0.18,1.392
13,12/14/2020 13:00,0.015,0.246
14,12/14/2020 14:00,0.006,0.474
15,12/14/2020 15:00,0.009,9.243
16,12/14/2020 16:00,0.012,1.413
17,12/14/2020 17:00,0.0,5.016
18,12/14/2020 18:00,0.006,3.7158
19,12/14/2020 19:00,0.0,2.8446
20,12/14/2020 20:00,0.006,58.245
21,12/14/2020 21:00,0.003,1.416
22,12/14/2020 22:00,0.006,0.48
23,12/14/2020 23:00,0.0,0.1939806
0,12/15/2020 0:00,0.0,0.1959804
1,12/15/2020 1:00,0.0,0.2020798
2,12/15/2020 2:00,0.0,0.2985
3,12/15/2020 3:00,0.0,0.234
4,12/15/2020 4:00,0.0,1.32
5,12/15/2020 5:00,0.009,1.353
6,12/15/2020 6:00,0.249,0.459
7,12/15/2020 7:00,0.789,1.599
8,12/15/2020 8:00,0.957,0.45
9,12/15/2020 9:00,1.038,0.429
10,12/15/2020 10:00,0.708,0.909
11,12/15/2020 11:00,0.471,1.896
12,12/15/2020 12:00,0.3,6.837
13,12/15/2020 13:00,0.03,0.258
14,12/15/2020 14:00,0.012,0.222
15,12/15/2020 15:00,0.015,9.135
16,12/15/2020 16:00,0.006,3.705
17,12/15/2020 17:00,0.015,1.539
18,12/15/2020 18:00,0.006,3.4452
19,12/15/2020 19:00,0.018,3.4188
20,12/15/2020 20:00,0.006,4.1712
21,12/15/2020 21:00,0.009,1.923
22,12/15/2020 22:00,0.006,0.555
23,12/15/2020 23:00,0.0,0.129987
0,12/16/2020 0:00,0.0,0.129987
1,12/16/2020 1:00,0.0,0.195
2,12/16/2020 2:00,0.0,0.309969
3,12/16/2020 3:00,0.0,0.222
4,12/16/2020 4:00,0.0,0.216
5,12/16/2020 5:00,0.006,1.926
6,12/16/2020 6:00,0.378,2.091
7,12/16/2020 7:00,0.504,1.167
8,12/16/2020 8:00,2.118,1.245
9,12/16/2020 9:00,4.668,0.963
10,12/16/2020 10:00,2.448,0.3
11,12/16/2020 11:00,0.396,0.6
12,12/16/2020 12:00,0.15,1.014
13,12/16/2020 13:00,0.012,1.215
14,12/16/2020 14:00,0.006,0.66
15,12/16/2020 15:00,0.0,1.617
16,12/16/2020 16:00,0.009,1.98
17,12/16/2020 17:00,0.015,1.482
18,12/16/2020 18:00,0.009,3.2604
19,12/16/2020 19:00,0.009,3.2934
20,12/16/2020 20:00,0.012,2.1054
21,12/16/2020 21:00,0.009,25.392
22,12/16/2020 22:00,0.003,1.017
23,12/16/2020 23:00,0.0,0.1459854
0,12/17/2020 0:00,0.0,0.2839716
1,12/17/2020 1:00,0.0,0.1239876
2,12/17/2020 2:00,0.0,0.1319868
3,12/17/2020 3:00,0.0,1.23
4,12/17/2020 4:00,0.0,0.999
5,12/17/2020 5:00,0.783,0.552
6,12/17/2020 6:00,1.545,0.384
7,12/17/2020 7:00,0.477,0.702
8,12/17/2020 8:00,0.522,22.56
9,12/17/2020 9:00,0.357,6.075
10,12/17/2020 10:00,0.291,4.056
11,12/17/2020 11:00,0.048,0.927
12,12/17/2020 12:00,0.0,0.663
13,12/17/2020 13:00,0.009,1.185
14,12/17/2020 14:00,0.012,2.658
15,12/17/2020 15:00,0.006,6.258
16,12/17/2020 16:00,0.012,4.389
17,12/17/2020 17:00,0.006,1.545
18,12/17/2020 18:00,0.003,4.3164
19,12/17/2020 19:00,0.0,4.5408
20,12/17/2020 20:00,0.012,19.8792
21,12/17/2020 21:00,0.012,0.681
22,12/17/2020 22:00,0.009,0.51
23,12/17/2020 23:00,0.0,0.3159684
0,12/18/2020 0:00,0.0,0.3059694
1,12/18/2020 1:00,0.0,0.1459854
2,12/18/2020 2:00,0.0,0.1419858
3,12/18/2020 3:00,0.0,1.113
4,12/18/2020 4:00,0.0,1.101
5,12/18/2020 5:00,0.63,0.252
6,12/18/2020 6:00,1.935,0.174
7,12/18/2020 7:00,3.894,0.135
8,12/18/2020 8:00,4.014,0.411
9,12/18/2020 9:00,2.808,0.243
10,12/18/2020 10:00,0.804,1.749
11,12/18/2020 11:00,0.159,0.774
12,12/18/2020 12:00,0.015,1.032
13,12/18/2020 13:00,0.0,0.588
14,12/18/2020 14:00,0.0,14.724
15,12/18/2020 15:00,0.012,5.889
16,12/18/2020 16:00,0.012,1.314
17,12/18/2020 17:00,0.003,1.353
18,12/18/2020 18:00,0.006,2.508
19,12/18/2020 19:00,0.009,5.9994
20,12/18/2020 20:00,0.015,3.1416
21,12/18/2020 21:00,0.0,0.492
22,12/18/2020 22:00,0.0,0.21
23,12/18/2020 23:00,0.0,0.1259874
0,12/19/2020 0:00,0.0,0.1239876
1,12/19/2020 1:00,0.0,0.1875
2,12/19/2020 2:00,0.0,0.1479852
3,12/19/2020 3:00,0.0,1.086
4,12/19/2020 4:00,0.0,1.59
5,12/19/2020 5:00,0.708,0.681
6,12/19/2020 6:00,0.729,4.02
7,12/19/2020 7:00,1.425,4.182
8,12/19/2020 8:00,4.74,3.987
9,12/19/2020 9:00,1.212,4.236
10,12/19/2020 10:00,0.402,0.501
11,12/19/2020 11:00,0.084,0.261
12,12/19/2020 12:00,0.015,0.297
13,12/19/2020 13:00,0.009,1.29
14,12/19/2020 14:00,0.015,6.69
15,12/19/2020 15:00,0.0,4.641
16,12/19/2020 16:00,0.024,1.041
17,12/19/2020 17:00,0.009,1.311
18,12/19/2020 18:00,0.006,2.3298
19,12/19/2020 19:00,0.0,3.597
20,12/19/2020 20:00,0.015,3.1218
21,12/19/2020 21:00,0.012,0.786
22,12/19/2020 22:00,0.003,0.468
23,12/19/2020 23:00,0.0,0.1319868
0,12/20/2020 0:00,0.0,0.1359864
1,12/20/2020 1:00,0.0,0.1479852
2,12/20/2020 2:00,0.0,0.213
3,12/20/2020 3:00,0.0,1.047
4,12/20/2020 4:00,0.0,1.4
5,12/20/2020 5:00,0.144,7.29
6,12/20/2020 6:00,0.609,1.326
7,12/20/2020 7:00,0.456,0.552
8,12/20/2020 8:00,0.429,0.723
9,12/20/2020 9:00,0.423,0.84
10,12/20/2020 10:00,0.093,0.891
11,12/20/2020 11:00,0.012,1.02
12,12/20/2020 12:00,0.012,0.765
13,12/20/2020 13:00,0.003,1.014
14,12/20/2020 14:00,0.003,7.536
15,12/20/2020 15:00,0.009,1.071
16,12/20/2020 16:00,0.012,3.591
17,12/20/2020 17:00,0.009,3.351
18,12/20/2020 18:00,0.003,6.7914
19,12/20/2020 19:00,0.009,5.8674
20,12/20/2020 20:00,0.006,14.6124
21,12/20/2020 21:00,0.006,2.328
22,12/20/2020 22:00,0.006,0.66
23,12/20/2020 23:00,0.0,0.509949
0,12/21/2020 0:00,0.0,0.6439356
1,12/21/2020 1:00,0.0,0.4259574
2,12/21/2020 2:00,0.0,0.429957
3,12/21/2020 3:00,0.0,1.032
4,12/21/2020 4:00,0.0,1.03
5,12/21/2020 5:00,0.18,2.43
6,12/21/2020 6:00,0.825,2.457
7,12/21/2020 7:00,0.648,2.523
8,12/21/2020 8:00,0.459,4.146
9,12/21/2020 9:00,0.351,26.823
10,12/21/2020 10:00,0.21,12.051
11,12/21/2020 11:00,0.066,3.498
12,12/21/2020 12:00,0.006,3.3
13,12/21/2020 13:00,0.012,3.471
14,12/21/2020 14:00,0.009,19.641
15,12/21/2020 15:00,0.024,2.025
16,12/21/2020 16:00,0.018,1.779
17,12/21/2020 17:00,0.009,1.518
18,12/21/2020 18:00,0.009,3.102
19,12/21/2020 19:00,0.021,2.6004
20,12/21/2020 20:00,0.006,4.1844
21,12/21/2020 21:00,0.006,1.749
22,12/21/2020 22:00,0.003,0.582
23,12/21/2020 23:00,0.0,0.149985
0,12/22/2020 0:00,0.0,0.2219778
1,12/22/2020 1:00,0.0,0.209979
2,12/22/2020 2:00,0.0,0.1539846
3,12/22/2020 3:00,0.0,0.75
4,12/22/2020 4:00,0.0,7.953
5,12/22/2020 5:00,0.339,2.805
6,12/22/2020 6:00,1.314,0.75
7,12/22/2020 7:00,0.435,25.518
8,12/22/2020 8:00,0.897,0.885
9,12/22/2020 9:00,0.54,0.93
10,12/22/2020 10:00,0.24,0.933
11,12/22/2020 11:00,0.048,1.38
12,12/22/2020 12:00,0.012,1.299
13,12/22/2020 13:00,0.006,1.308
14,12/22/2020 14:00,0.015,5.301
15,12/22/2020 15:00,0.006,2.745
16,12/22/2020 16:00,0.009,2.604
17,12/22/2020 17:00,0.003,0.75
18,12/22/2020 18:00,0.018,2.2704
19,12/22/2020 19:00,0.003,3.5772
20,12/22/2020 20:00,0.003,3.2142
21,12/22/2020 21:00,0.009,0.705
22,12/22/2020 22:00,0.012,0.486
23,12/22/2020 23:00,0.0,0.3039696
0,12/23/2020 0:00,0.0,0.119988
1,12/23/2020 1:00,0.0,0.2259774
2,12/23/2020 2:00,0.0,0.2159784
3,12/23/2020 3:00,0.0,0.216
4,12/23/2020 4:00,0.0,0.858
5,12/23/2020 5:00,0.183,1.101
6,12/23/2020 6:00,0.3,0.936
7,12/23/2020 7:00,0.597,25.227
8,12/23/2020 8:00,0.903,0.792
9,12/23/2020 9:00,0.783,0.603
10,12/23/2020 10:00,0.342,8.925
11,12/23/2020 11:00,0.093,2.241
12,12/23/2020 12:00,0.012,2.793
13,12/23/2020 13:00,0.006,1.161
14,12/23/2020 14:00,0.003,2.901
15,12/23/2020 15:00,0.018,8.445
16,12/23/2020 16:00,0.006,1.602
17,12/23/2020 17:00,0.006,3.27
18,12/23/2020 18:00,0.015,2.2506
19,12/23/2020 19:00,0.0,6.4416
20,12/23/2020 20:00,0.021,6.8178
21,12/23/2020 21:00,0.0,2.769
22,12/23/2020 22:00,0.003,0.222
23,12/23/2020 23:00,0.0,0.1459854
0,12/24/2020 0:00,0.0,0.2205
1,12/24/2020 1:00,0.0,0.3919608
2,12/24/2020 2:00,0.0,0.1639836
3,12/24/2020 3:00,0.0,0.246
4,12/24/2020 4:00,0.0,0.486
5,12/24/2020 5:00,0.447,0.543
6,12/24/2020 6:00,1.311,0.504
7,12/24/2020 7:00,4.203,11.802
8,12/24/2020 8:00,0.678,2.166
9,12/24/2020 9:00,0.462,2.475
10,12/24/2020 10:00,0.159,2.502
11,12/24/2020 11:00,0.078,3.147
12,12/24/2020 12:00,0.012,3.006
13,12/24/2020 13:00,0.009,3.492
14,12/24/2020 14:00,0.0,5.328
15,12/24/2020 15:00,0.009,10.023
16,12/24/2020 16:00,0.012,2.094
17,12/24/2020 17:00,0.009,2.079
18,12/24/2020 18:00,0.018,3.0756
19,12/24/2020 19:00,0.003,5.4318
20,12/24/2020 20:00,0.018,4.3956
21,12/24/2020 21:00,0.006,0.279
22,12/24/2020 22:00,0.012,0.591
23,12/24/2020 23:00,0.0,0.2939706
0,12/25/2020 0:00,0.0,0.1319868
1,12/25/2020 1:00,0.0,0.1459854
2,12/25/2020 2:00,0.0,0.1519848
3,12/25/2020 3:00,0.0,2.12
4,12/25/2020 4:00,0.0,3.021
5,12/25/2020 5:00,0.369,1.23
6,12/25/2020 6:00,0.261,1.356
7,12/25/2020 7:00,0.342,0.762
8,12/25/2020 8:00,0.681,1.239
9,12/25/2020 9:00,0.999,6.507
10,12/25/2020 10:00,0.237,2.847
11,12/25/2020 11:00,0.138,10.806
12,12/25/2020 12:00,0.018,2.7
13,12/25/2020 13:00,0.0,1.611
14,12/25/2020 14:00,0.006,1.497
15,12/25/2020 15:00,0.009,4.389
16,12/25/2020 16:00,0.0,1.623
17,12/25/2020 17:00,0.003,1.389
18,12/25/2020 18:00,0.009,2.5212
19,12/25/2020 19:00,0.0,3.5838
20,12/25/2020 20:00,0.003,6.6396
21,12/25/2020 21:00,0.006,0.48
22,12/25/2020 22:00,0.015,0.294
23,12/25/2020 23:00,0.0,0.1459854
0,12/26/2020 0:00,0.0,0.1459854
1,12/26/2020 1:00,0.0,0.219
2,12/26/2020 2:00,0.0,0.1619838
3,12/26/2020 3:00,0.0,0.789
4,12/26/2020 4:00,0.0,0.29
5,12/26/2020 5:00,0.372,2.793
6,12/26/2020 6:00,0.624,1.65
7,12/26/2020 7:00,2.712,0.369
8,12/26/2020 8:00,3.27,16.938
9,12/26/2020 9:00,2.361,13.764
10,12/26/2020 10:00,0.495,0.678
11,12/26/2020 11:00,0.084,1.242
12,12/26/2020 12:00,0.006,1.194
13,12/26/2020 13:00,0.006,1.911
14,12/26/2020 14:00,0.012,2.232
15,12/26/2020 15:00,0.012,1.587
16,12/26/2020 16:00,0.015,1.617
17,12/26/2020 17:00,0.003,1.71
18,12/26/2020 18:00,0.009,8.7252
19,12/26/2020 19:00,0.006,61.1028
20,12/26/2020 20:00,0.0,7.2534
21,12/26/2020 21:00,0.003,1.911
22,12/26/2020 22:00,0.012,0.456
23,12/26/2020 23:00,0.0,0.1259874
0,12/27/2020 0:00,0.0,0.1259874
1,12/27/2020 1:00,0.0,0.129987
2,12/27/2020 2:00,0.0,0.1379862
3,12/27/2020 3:00,0.0,0.726
4,12/27/2020 4:00,0.0,0.39
5,12/27/2020 5:00,0.078,0.582
6,12/27/2020 6:00,0.354,0.504
7,12/27/2020 7:00,0.243,6.993
8,12/27/2020 8:00,0.552,25.095
9,12/27/2020 9:00,0.318,3.84
10,12/27/2020 10:00,0.18,30.369
11,12/27/2020 11:00,0.075,1.011
12,12/27/2020 12:00,0.009,1.056
13,12/27/2020 13:00,0.003,1.044
14,12/27/2020 14:00,0.006,1.185
15,12/27/2020 15:00,0.006,4.56
16,12/27/2020 16:00,0.006,2.484
17,12/27/2020 17:00,0.003,1.62
18,12/27/2020 18:00,0.009,2.3628
19,12/27/2020 19:00,0.003,3.3792
20,12/27/2020 20:00,0.012,2.013
21,12/27/2020 21:00,0.012,0.474
22,12/27/2020 22:00,0.012,0.183
23,12/27/2020 23:00,0.0,0.1219878
0,12/28/2020 0:00,0.0,0.183
1,12/28/2020 1:00,0.0,0.1439856
2,12/28/2020 2:00,0.0,0.1279872
3,12/28/2020 3:00,0.0,1.062
4,12/28/2020 4:00,0.0,1.83
5,12/28/2020 5:00,0.441,0.396
6,12/28/2020 6:00,0.564,24.996
7,12/28/2020 7:00,2.679,0.33
8,12/28/2020 8:00,4.545,0.246
9,12/28/2020 9:00,3.345,0.501
10,12/28/2020 10:00,1.329,0.408
11,12/28/2020 11:00,0.15,0.726
12,12/28/2020 12:00,0.027,1.044
13,12/28/2020 13:00,0.006,2.28
14,12/28/2020 14:00,0.006,1.647
15,12/28/2020 15:00,0.006,1.671
16,12/28/2020 16:00,0.012,1.623
17,12/28/2020 17:00,0.012,1.437
18,12/28/2020 18:00,0.003,4.026
19,12/28/2020 19:00,0.018,2.64
20,12/28/2020 20:00,0.012,3.0162
21,12/28/2020 21:00,0.018,0.234
22,12/28/2020 22:00,0.003,0.189
23,12/28/2020 23:00,0.0,0.1339866
0,12/29/2020 0:00,0.0,0.195
1,12/29/2020 1:00,0.0,0.2475
2,12/29/2020 2:00,0.0,0.1479852
3,12/29/2020 3:00,0.0,1.521
4,12/29/2020 4:00,0.0,2.505
5,12/29/2020 5:00,0.003,2.241
6,12/29/2020 6:00,0.111,0.759
7,12/29/2020 7:00,0.249,3.489
8,12/29/2020 8:00,1.332,10.755
9,12/29/2020 9:00,0.921,27.075
10,12/29/2020 10:00,1.89,3.0
11,12/29/2020 11:00,0.375,2.418
12,12/29/2020 12:00,0.03,0.483
13,12/29/2020 13:00,0.009,0.849
14,12/29/2020 14:00,0.006,1.224
15,12/29/2020 15:00,0.009,1.023
16,12/29/2020 16:00,0.009,1.797
17,12/29/2020 17:00,0.006,1.332
18,12/29/2020 18:00,0.0,3.8148
19,12/29/2020 19:00,0.009,4.0986
20,12/29/2020 20:00,0.003,3.333
21,12/29/2020 21:00,0.012,2.052
22,12/29/2020 22:00,0.003,0.366
23,12/29/2020 23:00,0.0,0.1839816
0,12/30/2020 0:00,0.0,0.1679832
1,12/30/2020 1:00,0.0,0.264
2,12/30/2020 2:00,0.0,0.3439656
3,12/30/2020 3:00,0.0,0.258
4,12/30/2020 4:00,0.0,0.54
5,12/30/2020 5:00,0.0,0.0
6,12/30/2020 6:00,0.0,0.0
7,12/30/2020 7:00,0.0,0.0
8,12/30/2020 8:00,0.0,0.0
9,12/30/2020 9:00,0.0,0.0
10,12/30/2020 10:00,0.486,1.254
11,12/30/2020 11:00,1.383,1.26
12,12/30/2020 12:00,3.957,1.308
13,12/30/2020 13:00,1.641,1.512
14,12/30/2020 14:00,0.744,26.226
15,12/30/2020 15:00,0.234,2.643
16,12/30/2020 16:00,0.03,2.832
17,12/30/2020 17:00,0.009,3.087
18,12/30/2020 18:00,0.012,7.0092
19,12/30/2020 19:00,0.006,3.8808
20,12/30/2020 20:00,0.006,3.6234
21,12/30/2020 21:00,0.006,1.548
22,12/30/2020 22:00,0.006,1.935
23,12/30/2020 23:00,0.0,1.1858814
0,12/31/2020 0:00,0.0,1.6438356
1,12/31/2020 1:00,0.0,1.2358764
2,12/31/2020 2:00,0.0,0.3079692
3,12/31/2020 3:00,0.0,0.198
4,12/31/2020 4:00,0.0,0.201
5,12/31/2020 5:00,0.0,0.207
6,12/31/2020 6:00,0.0,0.456
7,12/31/2020 7:00,0.009,0.213
8,12/31/2020 8:00,0.015,1.038
9,12/31/2020 9:00,0.258,1.251
10,12/31/2020 10:00,0.468,1.254
11,12/31/2020 11:00,0.525,0.579
12,12/31/2020 12:00,0.912,0.99
13,12/31/2020 13:00,2.535,0.471
14,12/31/2020 14:00,0.9,0.453
15,12/31/2020 15:00,0.228,0.264
16,12/31/2020 16:00,0.033,1.383
17,12/31/2020 17:00,0.012,1.413
18,12/31/2020 18:00,0.012,4.8972
19,12/31/2020 19:00,0.012,4.3956
20,12/31/2020 20:00,0.003,4.5606
21,12/31/2020 21:00,0.0,2.022
22,12/31/2020 22:00,0.015,1.668
23,12/31/2020 23:00,0.0,0.8059194
